mtllib track01.mtl
g face_texture_0
usemtl tex_0
v -373.239437 0.000000 -12.694836
v -377.934272 4.685446 -29.079812
v -377.934272 4.685446 -12.694836
v -373.239437 0.000000 -29.079812
v -377.934272 4.685446 -29.079812
v -373.239437 0.000000 -12.694836
v -335.680751 4.685446 -12.694836
v -340.375587 0.000000 -29.079812
v -340.375587 0.000000 -12.694836
v -335.680751 4.685446 -29.079812
v -340.375587 0.000000 -29.079812
v -335.680751 4.685446 -12.694836
v -373.239437 0.000000 3.680751
v -377.934272 4.685446 -12.694836
v -377.934272 4.685446 3.680751
v -373.239437 0.000000 -12.694836
v -377.934272 4.685446 -12.694836
v -373.239437 0.000000 3.680751
v -335.680751 4.685446 3.680751
v -340.375587 0.000000 -12.694836
v -340.375587 0.000000 3.680751
v -335.680751 4.685446 -12.694836
v -340.375587 0.000000 -12.694836
v -335.680751 4.685446 3.680751
v -373.239437 0.000000 20.065728
v -377.934272 4.685446 3.680751
v -377.934272 4.685446 20.065728
v -373.239437 0.000000 3.680751
v -377.934272 4.685446 3.680751
v -373.239437 0.000000 20.065728
v -335.680751 4.685446 20.065728
v -340.375587 0.000000 3.680751
v -340.375587 0.000000 20.065728
v -335.680751 4.685446 3.680751
v -340.375587 0.000000 3.680751
v -335.680751 4.685446 20.065728
v -373.239437 0.000000 36.450704
v -377.934272 4.685446 20.065728
v -377.934272 4.685446 36.450704
v -373.239437 0.000000 20.065728
v -377.934272 4.685446 20.065728
v -373.239437 0.000000 36.450704
v -335.680751 4.685446 36.450704
v -340.375587 0.000000 20.065728
v -340.375587 0.000000 36.450704
v -335.680751 4.685446 20.065728
v -340.375587 0.000000 20.065728
v -335.680751 4.685446 36.450704
v -373.239437 0.000000 52.826291
v -377.934272 4.685446 36.450704
v -377.934272 4.685446 52.826291
v -373.239437 0.000000 36.450704
v -377.934272 4.685446 36.450704
v -373.239437 0.000000 52.826291
v -335.680751 4.685446 52.826291
v -340.375587 0.000000 36.450704
v -340.375587 0.000000 52.826291
v -335.680751 4.685446 36.450704
v -340.375587 0.000000 36.450704
v -335.680751 4.685446 52.826291
v -373.239437 0.000000 69.211268
v -377.934272 4.685446 52.826291
v -377.934272 4.685446 69.211268
v -373.239437 0.000000 52.826291
v -377.934272 4.685446 52.826291
v -373.239437 0.000000 69.211268
v -335.680751 4.685446 69.211268
v -340.375587 0.000000 52.826291
v -340.375587 0.000000 69.211268
v -335.680751 4.685446 52.826291
v -340.375587 0.000000 52.826291
v -335.680751 4.685446 69.211268
v -373.239437 0.000000 85.596244
v -377.934272 4.685446 69.211268
v -377.934272 4.685446 85.596244
v -373.239437 0.000000 69.211268
v -377.934272 4.685446 69.211268
v -373.239437 0.000000 85.596244
v -335.680751 4.685446 85.596244
v -340.375587 0.000000 69.211268
v -340.375587 0.000000 85.596244
v -335.680751 4.685446 69.211268
v -340.375587 0.000000 69.211268
v -335.680751 4.685446 85.596244
v -373.239437 0.000000 101.981221
v -377.934272 4.685446 85.596244
v -377.934272 4.685446 101.981221
v -373.239437 0.000000 85.596244
v -377.934272 4.685446 85.596244
v -373.239437 0.000000 101.981221
v -335.680751 4.685446 101.981221
v -340.375587 0.000000 85.596244
v -340.375587 0.000000 101.981221
v -335.680751 4.685446 85.596244
v -340.375587 0.000000 85.596244
v -335.680751 4.685446 101.981221
v -373.239437 0.000000 118.366197
v -377.934272 4.685446 101.981221
v -377.934272 4.685446 118.366197
v -373.239437 0.000000 101.981221
v -377.934272 4.685446 101.981221
v -373.239437 0.000000 118.366197
v -335.680751 4.685446 118.366197
v -340.375587 0.000000 101.981221
v -340.375587 0.000000 118.366197
v -335.680751 4.685446 101.981221
v -340.375587 0.000000 101.981221
v -335.680751 4.685446 118.366197
v -373.239437 0.000000 134.751174
v -377.934272 4.685446 118.366197
v -377.934272 4.685446 134.751174
v -373.239437 0.000000 118.366197
v -377.934272 4.685446 118.366197
v -373.239437 0.000000 134.751174
v -335.680751 4.685446 134.751174
v -340.375587 0.000000 118.366197
v -340.375587 0.000000 134.751174
v -335.680751 4.685446 118.366197
v -340.375587 0.000000 118.366197
v -335.680751 4.685446 134.751174
v -373.239437 0.000000 151.136150
v -377.934272 4.685446 134.751174
v -377.934272 4.685446 151.136150
v -373.239437 0.000000 134.751174
v -377.934272 4.685446 134.751174
v -373.239437 0.000000 151.136150
v -335.680751 4.685446 151.136150
v -340.375587 0.000000 134.751174
v -340.375587 0.000000 151.136150
v -335.680751 4.685446 134.751174
v -340.375587 0.000000 134.751174
v -335.680751 4.685446 151.136150
v -373.239437 0.000000 167.521127
v -377.934272 4.685446 151.136150
v -377.934272 4.685446 167.521127
v -373.239437 0.000000 151.136150
v -377.934272 4.685446 151.136150
v -373.239437 0.000000 167.521127
v -335.680751 4.685446 167.521127
v -340.375587 0.000000 151.136150
v -340.375587 0.000000 167.521127
v -335.680751 4.685446 151.136150
v -340.375587 0.000000 151.136150
v -335.680751 4.685446 167.521127
v -373.211268 0.000000 184.328638
v -377.934272 4.685446 167.521127
v -377.896714 4.685446 184.460094
v -373.239437 0.000000 167.521127
v -377.934272 4.685446 167.521127
v -373.211268 0.000000 184.328638
v -335.661972 4.685446 183.333333
v -340.375587 0.000000 167.521127
v -340.356808 0.000000 183.455399
v -335.680751 4.685446 167.521127
v -340.375587 0.000000 167.521127
v -335.661972 4.685446 183.333333
v -371.361502 0.000000 204.253521
v -377.896714 4.685446 184.460094
v -375.915493 4.685446 205.417840
v -373.211268 0.000000 184.328638
v -377.896714 4.685446 184.460094
v -371.361502 0.000000 204.253521
v -334.976526 4.694836 194.938967
v -340.356808 0.000000 183.455399
v -339.530516 0.000000 196.103286
v -335.661972 4.685446 183.333333
v -340.356808 0.000000 183.455399
v -334.976526 4.694836 194.938967
v -365.877934 0.000000 222.309859
v -375.915493 4.685446 205.417840
v -370.187793 4.685446 224.150235
v -371.361502 0.000000 204.253521
v -375.915493 4.685446 205.417840
v -365.877934 0.000000 222.309859
v -331.323944 4.685446 207.568075
v -339.530516 0.000000 196.103286
v -335.643192 0.000000 209.408451
v -334.976526 4.694836 194.938967
v -339.530516 0.000000 196.103286
v -331.323944 4.685446 207.568075
v -358.347418 0.000000 238.666667
v -370.187793 4.685446 224.150235
v -362.469484 4.685446 240.920188
v -365.877934 0.000000 222.309859
v -370.187793 4.685446 224.150235
v -358.347418 0.000000 238.666667
v -325.436620 4.685446 220.572770
v -335.643192 0.000000 209.408451
v -329.549296 0.000000 222.835681
v -331.323944 4.685446 207.568075
v -335.643192 0.000000 209.408451
v -325.436620 4.685446 220.572770
v -349.643192 0.000000 253.840376
v -362.469484 4.685446 240.920188
v -353.596244 4.685446 256.375587
v -358.347418 0.000000 238.666667
v -362.469484 4.685446 240.920188
v -349.643192 0.000000 253.840376
v -318.037559 4.694836 233.549296
v -329.549296 0.000000 222.835681
v -321.981221 0.000000 236.084507
v -325.436620 4.685446 220.572770
v -329.549296 0.000000 222.835681
v -318.037559 4.694836 233.549296
v -340.169014 0.000000 268.187793
v -353.596244 4.685446 256.375587
v -343.990610 4.685446 270.910798
v -349.643192 0.000000 253.840376
v -353.596244 4.685446 256.375587
v -340.169014 0.000000 268.187793
v -309.596244 4.694836 246.366197
v -321.981221 0.000000 236.084507
v -313.417840 0.000000 249.089202
v -318.037559 4.694836 233.549296
v -321.981221 0.000000 236.084507
v -309.596244 4.694836 246.366197
v -330.178404 0.000000 281.906103
v -343.990610 4.685446 270.910798
v -333.896714 4.685446 284.769953
v -340.169014 0.000000 268.187793
v -343.990610 4.685446 270.910798
v -330.178404 0.000000 281.906103
v -300.413146 4.694836 258.995305
v -313.417840 0.000000 249.089202
v -304.131455 0.000000 261.859155
v -309.596244 4.694836 246.366197
v -313.417840 0.000000 249.089202
v -300.413146 4.694836 258.995305
v -319.821596 0.000000 295.173709
v -333.896714 4.685446 284.769953
v -323.464789 4.685446 298.131455
v -330.178404 0.000000 281.906103
v -333.896714 4.685446 284.769953
v -319.821596 0.000000 295.173709
v -290.685446 4.694836 271.464789
v -304.131455 0.000000 261.859155
v -294.328638 0.000000 274.431925
v -300.413146 4.694836 258.995305
v -304.131455 0.000000 261.859155
v -290.685446 4.694836 271.464789
v -309.201878 0.000000 308.084507
v -323.464789 4.685446 298.131455
v -312.788732 4.685446 311.117371
v -319.821596 0.000000 295.173709
v -323.464789 4.685446 298.131455
v -309.201878 0.000000 308.084507
v -280.553991 4.694836 283.802817
v -294.328638 0.000000 274.431925
v -284.131455 0.000000 286.835681
v -290.685446 4.694836 271.464789
v -294.328638 0.000000 274.431925
v -280.553991 4.694836 283.802817
v -298.422535 0.000000 320.713615
v -312.788732 4.685446 311.117371
v -301.962441 4.685446 323.793427
v -309.201878 0.000000 308.084507
v -312.788732 4.685446 311.117371
v -298.422535 0.000000 320.713615
v -270.112676 4.704225 296.037559
v -284.131455 0.000000 286.835681
v -273.643192 0.000000 299.126761
v -280.553991 4.694836 283.802817
v -284.131455 0.000000 286.835681
v -270.112676 4.704225 296.037559
v -287.539906 0.000000 333.145540
v -301.962441 4.685446 323.793427
v -291.061033 4.685446 336.253521
v -298.422535 0.000000 320.713615
v -301.962441 4.685446 323.793427
v -287.539906 0.000000 333.145540
v -259.436620 4.704225 308.234742
v -273.643192 0.000000 299.126761
v -262.938967 0.000000 311.352113
v -270.112676 4.704225 296.037559
v -273.643192 0.000000 299.126761
v -259.436620 4.704225 308.234742
v -276.647887 0.000000 345.427230
v -291.061033 4.685446 336.253521
v -280.159624 4.685446 348.544601
v -287.539906 0.000000 333.145540
v -291.061033 4.685446 336.253521
v -276.647887 0.000000 345.427230
v -248.582160 4.694836 320.460094
v -262.938967 0.000000 311.352113
v -252.093897 0.000000 323.586854
v -259.436620 4.704225 308.234742
v -262.938967 0.000000 311.352113
v -248.582160 4.694836 320.460094
v -265.830986 0.000000 357.605634
v -280.159624 4.685446 348.544601
v -269.352113 4.685446 360.704225
v -276.647887 0.000000 345.427230
v -280.159624 4.685446 348.544601
v -265.830986 0.000000 357.605634
v -237.624413 4.685446 332.807512
v -252.093897 0.000000 323.586854
v -241.145540 0.000000 335.906103
v -248.582160 4.694836 320.460094
v -252.093897 0.000000 323.586854
v -237.624413 4.685446 332.807512
v -255.239437 0.000000 369.727700
v -269.352113 4.685446 360.704225
v -258.816901 4.685446 372.769953
v -265.830986 0.000000 357.605634
v -269.352113 4.685446 360.704225
v -255.239437 0.000000 369.727700
v -226.600939 4.685446 345.427230
v -241.145540 0.000000 335.906103
v -230.178404 0.000000 348.460094
v -237.624413 4.685446 332.807512
v -241.145540 0.000000 335.906103
v -226.600939 4.685446 345.427230
v -245.417840 0.075117 381.492958
v -258.816901 4.685446 372.769953
v -249.361502 4.760563 384.056338
v -255.239437 0.000000 369.727700
v -258.816901 4.685446 372.769953
v -245.417840 0.075117 381.492958
v -215.455399 4.769953 358.835681
v -230.178404 0.000000 348.460094
v -219.051643 0.084507 361.877934
v -226.600939 4.685446 345.427230
v -230.178404 0.000000 348.460094
v -215.455399 4.769953 358.835681
v -236.657277 1.502347 393.708920
v -249.361502 4.760563 384.056338
v -241.051643 6.131455 395.549296
v -245.417840 0.075117 381.492958
v -249.361502 4.760563 384.056338
v -236.657277 1.502347 393.708920
v -205.295775 6.140845 373.032864
v -219.051643 0.084507 361.877934
v -208.854460 1.511737 376.197183
v -215.455399 4.769953 358.835681
v -219.051643 0.084507 361.877934
v -205.295775 6.140845 373.032864
v -228.732394 4.535211 406.657277
v -241.051643 6.131455 395.549296
v -233.399061 9.079812 407.934272
v -236.657277 1.502347 393.708920
v -241.051643 6.131455 395.549296
v -228.732394 4.535211 406.657277
v -196.460094 9.098592 387.417840
v -208.854460 1.511737 376.197183
v -200.000000 4.544601 390.713615
v -205.295775 6.140845 373.032864
v -208.854460 1.511737 376.197183
v -196.460094 9.098592 387.417840
v -221.474178 8.816901 420.018779
v -233.399061 9.079812 407.934272
v -226.319249 13.276995 420.854460
v -228.732394 4.535211 406.657277
v -233.399061 9.079812 407.934272
v -221.474178 8.816901 420.018779
v -188.647887 13.276995 401.718310
v -200.000000 4.544601 390.713615
v -192.169014 8.816901 405.136150
v -196.460094 9.098592 387.417840
v -200.000000 4.544601 390.713615
v -188.647887 13.276995 401.718310
v -214.685446 14.075117 433.577465
v -226.319249 13.276995 420.854460
v -219.643192 18.460094 434.084507
v -221.474178 8.816901 420.018779
v -226.319249 13.276995 420.854460
v -214.685446 14.075117 433.577465
v -181.577465 18.469484 415.755869
v -192.169014 8.816901 405.136150
v -185.070423 14.093897 419.314554
v -188.647887 13.276995 401.718310
v -192.169014 8.816901 405.136150
v -181.577465 18.469484 415.755869
v -208.159624 20.150235 447.192488
v -219.643192 18.460094 434.084507
v -213.211268 24.450704 447.492958
v -214.685446 14.075117 433.577465
v -219.643192 18.460094 434.084507
v -208.159624 20.150235 447.192488
v -175.014085 24.450704 429.436620
v -185.070423 14.093897 419.314554
v -178.450704 20.150235 433.154930
v -181.577465 18.469484 415.755869
v -185.070423 14.093897 419.314554
v -175.014085 24.450704 429.436620
v -201.718310 26.882629 460.798122
v -213.211268 24.450704 447.492958
v -206.845070 31.098592 460.976526
v -208.159624 20.150235 447.192488
v -213.211268 24.450704 447.492958
v -201.718310 26.882629 460.798122
v -168.769953 31.107981 442.647887
v -178.450704 20.150235 433.154930
v -172.103286 26.892019 446.544601
v -175.014085 24.450704 429.436620
v -178.450704 20.150235 433.154930
v -168.769953 31.107981 442.647887
v -195.136150 34.187793 474.319249
v -206.845070 31.098592 460.976526
v -200.319249 38.338028 474.488263
v -201.718310 26.882629 460.798122
v -206.845070 31.098592 460.976526
v -195.136150 34.187793 474.319249
v -162.676056 38.338028 455.295775
v -172.103286 26.892019 446.544601
v -165.859155 34.187793 459.389671
v -168.769953 31.107981 442.647887
v -172.103286 26.892019 446.544601
v -162.676056 38.338028 455.295775
v -188.159624 41.981221 487.708920
v -200.319249 38.338028 474.488263
v -193.399061 46.056338 487.981221
v -195.136150 34.187793 474.319249
v -200.319249 38.338028 474.488263
v -188.159624 41.981221 487.708920
v -156.591549 46.065728 467.230047
v -165.859155 34.187793 459.389671
v -159.530516 41.990610 471.568075
v -162.676056 38.338028 455.295775
v -165.859155 34.187793 459.389671
v -156.591549 46.065728 467.230047
v -180.450704 50.215962 500.901408
v -193.399061 46.056338 487.981221
v -185.718310 54.225352 501.436620
v -188.159624 41.981221 487.708920
v -193.399061 46.056338 487.981221
v -180.450704 50.215962 500.901408
v -150.413146 54.234742 478.225352
v -159.530516 41.990610 471.568075
v -152.985915 50.225352 482.845070
v -156.591549 46.065728 467.230047
v -159.530516 41.990610 471.568075
v -150.413146 54.234742 478.225352
v -171.521127 58.816901 513.774648
v -185.718310 54.225352 501.436620
v -176.751174 62.779343 514.798122
v -180.450704 50.215962 500.901408
v -185.718310 54.225352 501.436620
v -171.521127 58.816901 513.774648
v -144.084507 62.779343 488.009390
v -152.985915 50.225352 482.845070
v -146.112676 58.816901 492.938967
v -150.413146 54.234742 478.225352
v -152.985915 50.225352 482.845070
v -144.084507 62.779343 488.009390
v -160.610329 67.661972 526.037559
v -176.751174 62.779343 514.798122
v -165.624413 71.605634 527.868545
v -171.521127 58.816901 513.774648
v -176.751174 62.779343 514.798122
v -160.610329 67.661972 526.037559
v -137.661972 71.605634 496.187793
v -146.112676 58.816901 492.938967
v -138.854460 67.661972 501.399061
v -144.084507 62.779343 488.009390
v -146.112676 58.816901 492.938967
v -137.661972 71.605634 496.187793
v -147.521127 76.488263 536.394366
v -165.624413 71.605634 527.868545
v -151.981221 80.535211 539.173709
v -160.610329 67.661972 526.037559
v -165.624413 71.605634 527.868545
v -147.521127 76.488263 536.394366
v -130.046948 80.535211 503.061033
v -138.854460 67.661972 501.399061
v -130.460094 76.488263 508.300469
v -137.661972 71.605634 496.187793
v -138.854460 67.661972 501.399061
v -130.046948 80.535211 503.061033
v -133.305164 84.460094 544.403756
v -151.981221 80.535211 539.173709
v -137.051643 88.713615 547.859155
v -147.521127 76.488263 536.394366
v -151.981221 80.535211 539.173709
v -133.305164 84.460094 544.403756
v -119.718310 88.713615 509.333333
v -130.460094 76.488263 508.300469
v -119.830986 84.460094 514.431925
v -130.046948 80.535211 503.061033
v -130.460094 76.488263 508.300469
v -119.718310 88.713615 509.333333
v -117.784038 91.107981 550.835681
v -137.051643 88.713615 547.859155
v -120.723005 95.530516 554.826291
v -133.305164 84.460094 544.403756
v -137.051643 88.713615 547.859155
v -117.784038 91.107981 550.835681
v -107.840376 95.530516 514.582160
v -119.830986 84.460094 514.431925
v -107.755869 91.107981 519.539906
v -119.718310 88.713615 509.333333
v -119.830986 84.460094 514.431925
v -107.840376 95.530516 514.582160
v -101.295775 96.309859 555.652582
v -120.723005 95.530516 554.826291
v -103.399061 100.854460 560.000000
v -117.784038 91.107981 550.835681
v -120.723005 95.530516 554.826291
v -101.295775 96.309859 555.652582
v -94.629108 100.854460 518.666667
v -107.755869 91.107981 519.539906
v -94.469484 96.309859 523.502347
v -107.840376 95.530516 514.582160
v -107.755869 91.107981 519.539906
v -94.629108 100.854460 518.666667
v -84.187793 100.028169 558.873239
v -103.399061 100.854460 560.000000
v -85.492958 104.657277 563.446009
v -101.295775 96.309859 555.652582
v -103.399061 100.854460 560.000000
v -84.187793 100.028169 558.873239
v -80.422535 104.657277 521.502347
v -94.469484 96.309859 523.502347
v -80.244131 100.028169 526.253521
v -94.629108 100.854460 518.666667
v -94.469484 96.309859 523.502347
v -80.422535 104.657277 521.502347
v -66.788732 102.309859 560.638498
v -85.492958 104.657277 563.446009
v -67.333333 106.995305 565.314554
v -84.187793 100.028169 558.873239
v -85.492958 104.657277 563.446009
v -66.788732 102.309859 560.638498
v -65.539906 106.995305 523.098592
v -80.244131 100.028169 526.253521
v -65.389671 102.309859 527.802817
v -80.422535 104.657277 521.502347
v -80.244131 100.028169 526.253521
v -65.539906 106.995305 523.098592
v -49.652582 103.230047 561.098592
v -67.333333 106.995305 565.314554
v -49.568075 107.924883 565.793427
v -66.788732 102.309859 560.638498
v -67.333333 106.995305 565.314554
v -49.652582 103.230047 561.098592
v -49.802817 107.924883 523.549296
v -65.389671 102.309859 527.802817
v -49.840376 103.230047 528.244131
v -65.539906 106.995305 523.098592
v -65.389671 102.309859 527.802817
v -49.802817 107.924883 523.549296
v -33.830986 102.676056 561.211268
v -49.568075 107.924883 565.793427
v -33.521127 107.352113 565.915493
v -49.652582 103.230047 561.098592
v -49.568075 107.924883 565.793427
v -33.830986 102.676056 561.211268
v -32.384977 107.352113 523.671362
v -49.840376 103.230047 528.244131
v -32.948357 102.676056 528.356808
v -49.802817 107.924883 523.549296
v -49.840376 103.230047 528.244131
v -32.384977 107.352113 523.671362
v -17.530516 101.014085 561.643192
v -33.521127 107.352113 565.915493
v -17.117371 105.680751 566.347418
v -33.830986 102.676056 561.211268
v -33.521127 107.352113 565.915493
v -17.530516 101.014085 561.643192
v -16.018779 105.680751 524.112676
v -32.948357 102.676056 528.356808
v -16.666667 101.014085 528.788732
v -32.384977 107.352113 523.671362
v -32.948357 102.676056 528.356808
v -16.018779 105.680751 524.112676
v -1.211268 99.126761 562.065728
v -17.117371 105.680751 566.347418
v -0.741784 103.784038 566.769953
v -17.530516 101.014085 561.643192
v -17.117371 105.680751 566.347418
v -1.211268 99.126761 562.065728
v 0.244131 103.784038 524.525822
v -16.666667 101.014085 528.788732
v -0.441315 99.126761 529.211268
v -16.018779 105.680751 524.112676
v -16.666667 101.014085 528.788732
v 0.244131 103.784038 524.525822
v 15.089202 97.061033 562.431925
v -0.741784 103.784038 566.769953
v 15.615023 101.718310 567.145540
v -1.211268 99.126761 562.065728
v -0.741784 103.784038 566.769953
v 15.089202 97.061033 562.431925
v 16.460094 101.718310 524.892019
v -0.441315 99.126761 529.211268
v 15.737089 97.061033 529.577465
v 0.244131 103.784038 524.525822
v -0.441315 99.126761 529.211268
v 16.460094 101.718310 524.892019
v 31.389671 94.845070 562.741784
v 15.615023 101.718310 567.145540
v 31.990610 99.483568 567.446009
v 15.089202 97.061033 562.431925
v 15.615023 101.718310 567.145540
v 31.389671 94.845070 562.741784
v 32.638498 99.483568 525.201878
v 15.737089 97.061033 529.577465
v 31.896714 94.845070 529.887324
v 16.460094 101.718310 524.892019
v 15.737089 97.061033 529.577465
v 32.638498 99.483568 525.201878
v 47.699531 92.450704 562.976526
v 31.990610 99.483568 567.446009
v 48.384977 97.079812 567.680751
v 31.389671 94.845070 562.741784
v 31.990610 99.483568 567.446009
v 47.699531 92.450704 562.976526
v 48.779343 97.079812 525.427230
v 31.896714 94.845070 529.887324
v 48.009390 92.450704 530.112676
v 32.638498 99.483568 525.201878
v 31.896714 94.845070 529.887324
v 48.779343 97.079812 525.427230
v 64.009390 89.849765 563.098592
v 48.384977 97.079812 567.680751
v 64.798122 94.478873 567.793427
v 47.699531 92.450704 562.976526
v 48.384977 97.079812 567.680751
v 64.009390 89.849765 563.098592
v 64.854460 94.478873 525.539906
v 48.009390 92.450704 530.112676
v 64.046948 89.849765 530.234742
v 48.779343 97.079812 525.427230
v 48.009390 92.450704 530.112676
v 64.854460 94.478873 525.539906
v 80.328638 86.976526 563.079812
v 64.798122 94.478873 567.793427
v 81.295775 91.586854 567.765258
v 64.009390 89.849765 563.098592
v 64.798122 94.478873 567.793427
v 80.328638 86.976526 563.079812
v 80.863850 91.586854 525.521127
v 64.046948 89.849765 530.234742
v 79.990610 86.985915 530.225352
v 64.854460 94.478873 525.539906
v 64.046948 89.849765 530.234742
v 80.863850 91.586854 525.521127
v 96.704225 83.755869 562.854460
v 81.295775 91.586854 567.765258
v 97.896714 88.328638 567.521127
v 80.328638 86.976526 563.079812
v 81.295775 91.586854 567.765258
v 96.704225 83.755869 562.854460
v 96.666667 88.328638 525.286385
v 79.990610 86.985915 530.225352
v 95.746479 83.755869 530.009390
v 80.863850 91.586854 525.521127
v 79.990610 86.985915 530.225352
v 96.666667 88.328638 525.286385
v 113.276995 79.934272 562.253521
v 97.896714 88.328638 567.521127
v 114.938967 84.431925 566.845070
v 96.704225 83.755869 562.854460
v 97.896714 88.328638 567.521127
v 113.276995 79.934272 562.253521
v 112.018779 84.431925 524.694836
v 95.746479 83.755869 530.009390
v 110.995305 79.934272 529.464789
v 96.666667 88.328638 525.286385
v 95.746479 83.755869 530.009390
v 112.018779 84.431925 524.694836
v 129.868545 74.751174 560.751174
v 114.938967 84.431925 566.845070
v 132.272300 79.098592 565.154930
v 113.276995 79.934272 562.253521
v 114.938967 84.431925 566.845070
v 129.868545 74.751174 560.751174
v 126.441315 79.098592 523.305164
v 110.995305 79.934272 529.464789
v 125.333333 74.751174 528.197183
v 112.018779 84.431925 524.694836
v 110.995305 79.934272 529.464789
v 126.441315 79.098592 523.305164
v 145.042254 68.638498 558.638498
v 132.272300 79.098592 565.154930
v 147.389671 73.023474 563.032864
v 129.868545 74.751174 560.751174
v 132.272300 79.098592 565.154930
v 145.042254 68.638498 558.638498
v 141.248826 73.023474 521.230047
v 125.333333 74.751174 528.197183
v 140.262911 68.638498 526.122066
v 126.441315 79.098592 523.305164
v 125.333333 74.751174 528.197183
v 141.248826 73.023474 521.230047
v 160.666667 62.779343 556.244131
v 147.389671 73.023474 563.032864
v 163.145540 67.164319 560.572770
v 145.042254 68.638498 558.638498
v 147.389671 73.023474 563.032864
v 160.666667 62.779343 556.244131
v 155.708920 67.164319 518.976526
v 140.262911 68.638498 526.122066
v 154.882629 62.779343 523.896714
v 141.248826 73.023474 521.230047
v 140.262911 68.638498 526.122066
v 155.708920 67.164319 518.976526
v 176.572770 56.892019 553.211268
v 163.145540 67.164319 560.572770
v 179.342723 61.258216 557.380282
v 160.666667 62.779343 556.244131
v 163.145540 67.164319 560.572770
v 176.572770 56.892019 553.211268
v 169.643192 61.258216 516.262911
v 154.882629 62.779343 523.896714
v 169.023474 56.892019 521.230047
v 155.708920 67.164319 518.976526
v 154.882629 62.779343 523.896714
v 169.643192 61.258216 516.262911
v 192.647887 50.751174 549.098592
v 179.342723 61.258216 557.380282
v 195.887324 55.061033 552.976526
v 176.572770 56.892019 553.211268
v 179.342723 61.258216 557.380282
v 192.647887 50.751174 549.098592
v 182.685446 55.061033 512.845070
v 169.023474 56.892019 521.230047
v 182.384977 50.751174 517.887324
v 169.643192 61.258216 516.262911
v 169.023474 56.892019 521.230047
v 182.685446 55.061033 512.845070
v 208.798122 44.103286 543.230047
v 195.887324 55.061033 552.976526
v 212.713615 48.319249 546.553991
v 192.647887 50.751174 549.098592
v 195.887324 55.061033 552.976526
v 208.798122 44.103286 543.230047
v 194.225352 48.338028 508.553991
v 182.384977 50.751174 517.887324
v 194.422535 44.122066 513.680751
v 182.685446 55.061033 512.845070
v 182.384977 50.751174 517.887324
v 194.225352 48.338028 508.553991
v 224.638498 36.741784 534.460094
v 212.713615 48.319249 546.553991
v 229.361502 40.826291 536.713615
v 208.798122 44.103286 543.230047
v 212.713615 48.319249 546.553991
v 224.638498 36.741784 534.460094
v 203.230047 40.835681 503.511737
v 194.422535 44.122066 513.680751
v 204.319249 36.751174 508.629108
v 194.225352 48.338028 508.553991
v 194.422535 44.122066 513.680751
v 203.230047 40.835681 503.511737
v 237.877934 28.497653 522.356808
v 229.361502 40.826291 536.713615
v 243.023474 32.553991 523.436620
v 224.638498 36.741784 534.460094
v 229.361502 40.826291 536.713615
v 237.877934 28.497653 522.356808
v 209.915493 32.572770 497.183099
v 204.319249 36.751174 508.629108
v 212.131455 28.507042 501.934272
v 203.230047 40.835681 503.511737
v 204.319249 36.751174 508.629108
v 209.915493 32.572770 497.183099
v 247.042254 20.657277 510.676056
v 243.023474 32.553991 523.436620
v 251.943662 24.957746 511.962441
v 237.877934 28.497653 522.356808
v 243.023474 32.553991 523.436620
v 247.042254 20.657277 510.676056
v 218.103286 24.957746 486.666667
v 212.131455 28.507042 501.934272
v 220.723005 20.657277 490.995305
v 209.915493 32.572770 497.183099
v 212.131455 28.507042 501.934272
v 218.103286 24.957746 486.666667
v 256.384977 14.291080 497.934272
v 251.943662 24.957746 511.962441
v 261.154930 18.713615 499.286385
v 247.042254 20.657277 510.676056
v 251.943662 24.957746 511.962441
v 256.384977 14.291080 497.934272
v 226.253521 18.723005 475.474178
v 220.723005 20.657277 490.995305
v 229.239437 14.300469 479.417840
v 218.103286 24.957746 486.666667
v 220.723005 20.657277 490.995305
v 226.253521 18.723005 475.474178
v 265.511737 9.004695 484.197183
v 261.154930 18.713615 499.286385
v 270.215962 13.511737 485.464789
v 256.384977 14.291080 497.934272
v 261.154930 18.713615 499.286385
v 265.511737 9.004695 484.197183
v 233.934272 13.511737 463.802817
v 229.239437 14.300469 479.417840
v 237.295775 9.004695 467.342723
v 226.253521 18.723005 475.474178
v 229.239437 14.300469 479.417840
v 233.934272 13.511737 463.802817
v 274.028169 4.553991 469.314554
v 270.215962 13.511737 485.464789
v 278.732394 9.117371 470.375587
v 265.511737 9.004695 484.197183
v 270.215962 13.511737 485.464789
v 274.028169 4.553991 469.314554
v 240.769953 9.117371 451.830986
v 237.295775 9.004695 467.342723
v 244.497653 4.553991 454.892019
v 233.934272 13.511737 463.802817
v 237.295775 9.004695 467.342723
v 240.769953 9.117371 451.830986
v 281.446009 0.788732 453.004695
v 278.732394 9.117371 470.375587
v 286.197183 5.389671 453.652582
v 274.028169 4.553991 469.314554
v 278.732394 9.117371 470.375587
v 281.446009 0.788732 453.004695
v 246.262911 5.399061 439.830986
v 244.497653 4.553991 454.892019
v 250.394366 0.798122 442.253521
v 240.769953 9.117371 451.830986
v 244.497653 4.553991 454.892019
v 246.262911 5.399061 439.830986
v 286.901408 -2.356808 434.779343
v 286.197183 5.389671 453.652582
v 291.652582 2.262911 434.723005
v 281.446009 0.788732 453.004695
v 286.197183 5.389671 453.652582
v 286.901408 -2.356808 434.779343
v 249.887324 2.262911 428.319249
v 250.394366 0.798122 442.253521
v 254.413146 -2.356808 429.793427
v 246.262911 5.399061 439.830986
v 250.394366 0.798122 442.253521
v 249.887324 2.262911 428.319249
v 288.713615 -4.910798 415.737089
v 291.652582 2.262911 434.723005
v 293.399061 -0.234742 415.201878
v 286.901408 -2.356808 434.779343
v 291.652582 2.262911 434.723005
v 288.713615 -4.910798 415.737089
v 251.164319 -0.234742 416.441315
v 254.413146 -2.356808 429.793427
v 255.868545 -4.910798 416.704225
v 249.887324 2.262911 428.319249
v 254.413146 -2.356808 429.793427
v 251.164319 -0.234742 416.441315
v 287.981221 -5.953052 398.629108
v 293.399061 -0.234742 415.201878
v 292.647887 -1.258216 398.253521
v 288.713615 -4.910798 415.737089
v 293.399061 -0.234742 415.201878
v 287.981221 -5.953052 398.629108
v 250.591549 -1.258216 401.502347
v 255.868545 -4.910798 416.704225
v 255.267606 -5.953052 401.154930
v 251.164319 -0.234742 416.441315
v 255.868545 -4.910798 416.704225
v 250.591549 -1.258216 401.502347
v 286.469484 -5.849765 381.793427
v 292.647887 -1.258216 398.253521
v 291.117371 -1.154930 381.446009
v 287.981221 -5.953052 398.629108
v 292.647887 -1.258216 398.253521
v 286.469484 -5.849765 381.793427
v 249.399061 -1.164319 386.018779
v 255.267606 -5.953052 401.154930
v 254.018779 -5.859155 385.342723
v 250.591549 -1.258216 401.502347
v 255.267606 -5.953052 401.154930
v 249.399061 -1.164319 386.018779
v 284.403756 -5.183099 365.107981
v 291.117371 -1.154930 381.446009
v 289.023474 -0.497653 364.741784
v 286.469484 -5.849765 381.793427
v 291.117371 -1.154930 381.446009
v 284.403756 -5.183099 365.107981
v 247.784038 -0.497653 370.403756
v 254.018779 -5.859155 385.342723
v 252.328638 -5.183099 369.502347
v 249.399061 -1.164319 386.018779
v 254.018779 -5.859155 385.342723
v 247.784038 -0.497653 370.403756
v 281.849765 -4.187793 348.507042
v 289.023474 -0.497653 364.741784
v 286.413146 0.488263 348.084507
v 284.403756 -5.183099 365.107981
v 289.023474 -0.497653 364.741784
v 281.849765 -4.187793 348.507042
v 245.802817 0.469484 354.788732
v 252.328638 -5.183099 369.502347
v 250.262911 -4.197183 353.718310
v 247.784038 -0.497653 370.403756
v 252.328638 -5.183099 369.502347
v 245.802817 0.469484 354.788732
v 278.788732 -3.042254 331.953052
v 286.413146 0.488263 348.084507
v 283.276995 1.633803 331.417840
v 281.849765 -4.187793 348.507042
v 286.413146 0.488263 348.084507
v 278.788732 -3.042254 331.953052
v 243.436620 1.615023 339.258216
v 250.262911 -4.197183 353.718310
v 247.802817 -3.051643 338.056338
v 245.802817 0.469484 354.788732
v 250.262911 -4.197183 353.718310
v 243.436620 1.615023 339.258216
v 275.136150 -1.868545 315.408451
v 283.276995 1.633803 331.417840
v 279.530516 2.807512 314.694836
v 278.788732 -3.042254 331.953052
v 283.276995 1.633803 331.417840
v 275.136150 -1.868545 315.408451
v 240.657277 2.807512 323.915493
v 247.802817 -3.051643 338.056338
v 244.901408 -1.868545 322.582160
v 243.436620 1.615023 339.258216
v 247.802817 -3.051643 338.056338
v 240.657277 2.807512 323.915493
v 270.694836 -0.798122 298.779343
v 279.530516 2.807512 314.694836
v 274.938967 3.877934 297.765258
v 275.136150 -1.868545 315.408451
v 279.530516 2.807512 314.694836
v 270.694836 -0.798122 298.779343
v 237.361502 3.877934 308.957746
v 244.901408 -1.868545 322.582160
v 241.464789 -0.798122 307.483568
v 240.657277 2.807512 323.915493
v 244.901408 -1.868545 322.582160
v 237.361502 3.877934 308.957746
v 264.910798 -0.075117 281.737089
v 274.938967 3.877934 297.765258
v 268.854460 4.619718 280.122066
v 270.694836 -0.798122 298.779343
v 274.938967 3.877934 297.765258
v 264.910798 -0.075117 281.737089
v 233.464789 4.600939 295.023474
v 241.464789 -0.798122 307.483568
v 237.389671 -0.084507 293.333333
v 237.361502 3.877934 308.957746
v 241.464789 -0.798122 307.483568
v 233.464789 4.600939 295.023474
v 255.821596 0.000000 264.291080
v 268.854460 4.619718 280.122066
v 259.201878 4.694836 261.849765
v 264.910798 -0.075117 281.737089
v 268.854460 4.619718 280.122066
v 255.821596 0.000000 264.291080
v 228.779343 4.685446 283.840376
v 237.389671 -0.084507 293.333333
v 232.159624 0.000000 281.389671
v 233.464789 4.600939 295.023474
v 237.389671 -0.084507 293.333333
v 228.779343 4.685446 283.840376
v 244.685446 0.000000 250.338028
v 259.201878 4.694836 261.849765
v 247.718310 4.694836 247.624413
v 255.821596 0.000000 264.291080
v 259.201878 4.694836 261.849765
v 244.685446 0.000000 250.338028
v 220.403756 4.685446 272.018779
v 232.159624 0.000000 281.389671
v 223.436620 0.000000 269.305164
v 228.779343 4.685446 283.840376
v 232.159624 0.000000 281.389671
v 220.403756 4.685446 272.018779
v 232.882629 0.000000 238.000000
v 247.718310 4.694836 247.624413
v 235.708920 4.685446 235.211268
v 244.685446 0.000000 250.338028
v 247.718310 4.694836 247.624413
v 232.882629 0.000000 238.000000
v 210.291080 4.685446 260.253521
v 223.436620 0.000000 269.305164
v 213.117371 0.000000 257.464789
v 220.403756 4.685446 272.018779
v 223.436620 0.000000 269.305164
v 210.291080 4.685446 260.253521
v 220.835681 0.000000 226.441315
v 235.708920 4.685446 235.211268
v 223.511737 4.694836 223.671362
v 232.882629 0.000000 238.000000
v 235.708920 4.685446 235.211268
v 220.835681 0.000000 226.441315
v 199.352113 4.685446 248.582160
v 213.117371 0.000000 257.464789
v 202.037559 0.000000 245.812207
v 210.291080 4.685446 260.253521
v 213.117371 0.000000 257.464789
v 199.352113 4.685446 248.582160
v 208.723005 0.000000 215.276995
v 223.511737 4.694836 223.671362
v 211.314554 4.694836 212.572770
v 220.835681 0.000000 226.441315
v 223.511737 4.694836 223.671362
v 208.723005 0.000000 215.276995
v 187.990610 4.685446 236.929577
v 202.037559 0.000000 245.812207
v 190.582160 0.000000 234.215962
v 199.352113 4.685446 248.582160
v 202.037559 0.000000 245.812207
v 187.990610 4.685446 236.929577
v 196.694836 0.000000 204.272300
v 211.314554 4.694836 212.572770
v 199.230047 4.685446 201.661972
v 208.723005 0.000000 215.276995
v 211.314554 4.694836 212.572770
v 196.694836 0.000000 204.272300
v 176.413146 4.685446 225.145540
v 190.582160 0.000000 234.215962
v 178.948357 0.000000 222.535211
v 187.990610 4.685446 236.929577
v 190.582160 0.000000 234.215962
v 176.413146 4.685446 225.145540
v 184.920188 0.000000 193.276995
v 199.230047 4.685446 201.661972
v 187.436620 4.685446 190.798122
v 196.694836 0.000000 204.272300
v 199.230047 4.685446 201.661972
v 184.920188 0.000000 193.276995
v 164.798122 4.685446 213.089202
v 178.948357 0.000000 222.535211
v 167.314554 0.000000 210.610329
v 176.413146 4.685446 225.145540
v 178.948357 0.000000 222.535211
v 164.798122 4.685446 213.089202
v 173.577465 0.000000 182.131455
v 187.436620 4.685446 190.798122
v 176.122066 4.685446 179.830986
v 184.920188 0.000000 193.276995
v 187.436620 4.685446 190.798122
v 173.577465 0.000000 182.131455
v 153.286385 4.685446 200.544601
v 167.314554 0.000000 210.610329
v 155.821596 0.000000 198.244131
v 164.798122 4.685446 213.089202
v 167.314554 0.000000 210.610329
v 153.286385 4.685446 200.544601
v 162.995305 0.000000 170.751174
v 176.122066 4.685446 179.830986
v 165.615023 4.685446 168.694836
v 173.577465 0.000000 182.131455
v 176.122066 4.685446 179.830986
v 162.995305 0.000000 170.751174
v 142.075117 4.685446 187.154930
v 155.821596 0.000000 198.244131
v 144.685446 0.000000 185.107981
v 153.286385 4.685446 200.544601
v 155.821596 0.000000 198.244131
v 142.075117 4.685446 187.154930
v 153.755869 0.000000 159.079812
v 165.615023 4.685446 168.694836
v 156.535211 4.694836 157.446009
v 162.995305 0.000000 170.751174
v 165.615023 4.685446 168.694836
v 153.755869 0.000000 159.079812
v 146.497653 0.009390 146.610329
v 156.535211 4.694836 157.446009
v 149.446009 4.704225 145.530516
v 153.755869 0.000000 159.079812
v 156.535211 4.694836 157.446009
v 146.497653 0.009390 146.610329
v 141.615023 0.093897 133.117371
v 149.446009 4.704225 145.530516
v 144.638498 4.788732 132.647887
v 146.497653 0.009390 146.610329
v 149.446009 4.704225 145.530516
v 141.615023 0.093897 133.117371
v 139.399061 0.225352 118.901408
v 144.638498 4.788732 132.647887
v 142.384977 4.920188 119.004695
v 141.615023 0.093897 133.117371
v 144.638498 4.788732 132.647887
v 139.399061 0.225352 118.901408
v 139.924883 0.356808 104.356808
v 142.384977 4.920188 119.004695
v 142.788732 5.051643 104.957746
v 139.399061 0.225352 118.901408
v 142.384977 4.920188 119.004695
v 139.924883 0.356808 104.356808
v 143.061033 0.431925 89.915493
v 142.788732 5.051643 104.957746
v 145.755869 5.126761 90.910798
v 139.924883 0.356808 104.356808
v 142.788732 5.051643 104.957746
v 143.061033 0.431925 89.915493
v 148.516432 0.375587 75.990610
v 145.755869 5.126761 90.910798
v 151.032864 5.070423 77.295775
v 143.061033 0.431925 89.915493
v 145.755869 5.126761 90.910798
v 148.516432 0.375587 75.990610
v 155.887324 0.103286 63.004695
v 151.032864 5.070423 77.295775
v 158.197183 4.798122 64.600939
v 148.516432 0.375587 75.990610
v 151.032864 5.070423 77.295775
v 155.887324 0.103286 63.004695
v -127.671362 88.638498 -1020.704225
v -123.549296 93.727700 -1038.319249
v -132.469484 93.201878 -1021.164319
v -119.267606 89.023474 -1036.394366
v -123.549296 93.727700 -1038.319249
v -127.671362 88.638498 -1020.704225
v -92.375587 93.201878 -1007.840376
v -89.098592 88.985915 -1023.380282
v -96.488263 88.638498 -1010.338028
v -84.751174 93.680751 -1021.586854
v -89.098592 88.985915 -1023.380282
v -92.375587 93.201878 -1007.840376
v -132.920188 84.572770 -1003.549296
v -132.469484 93.201878 -1021.164319
v -137.840376 88.985915 -1002.873239
v -127.671362 88.638498 -1020.704225
v -132.469484 93.201878 -1021.164319
v -132.920188 84.572770 -1003.549296
v -96.384977 88.985915 -994.704225
v -96.488263 88.638498 -1010.338028
v -100.676056 84.572770 -997.192488
v -92.375587 93.201878 -1007.840376
v -96.488263 88.638498 -1010.338028
v -96.384977 88.985915 -994.704225
v -135.915493 78.798122 -987.239437
v -137.840376 88.985915 -1002.873239
v -140.798122 83.098592 -985.924883
v -132.920188 84.572770 -1003.549296
v -137.840376 88.985915 -1002.873239
v -135.915493 78.798122 -987.239437
v -98.845070 83.098592 -980.920188
v -100.676056 84.572770 -997.192488
v -103.286385 78.798122 -983.342723
v -96.384977 88.985915 -994.704225
v -100.676056 84.572770 -997.192488
v -98.845070 83.098592 -980.920188
v -137.661972 72.159624 -971.549296
v -140.798122 83.098592 -985.924883
v -142.488263 76.403756 -969.849765
v -135.915493 78.798122 -987.239437
v -140.798122 83.098592 -985.924883
v -137.661972 72.159624 -971.549296
v -100.338028 76.403756 -966.920188
v -103.286385 78.798122 -983.342723
v -104.873239 72.159624 -969.267606
v -98.845070 83.098592 -980.920188
v -103.286385 78.798122 -983.342723
v -100.338028 76.403756 -966.920188
v -138.647887 65.061033 -956.262911
v -142.488263 76.403756 -969.849765
v -143.417840 69.258216 -954.328638
v -137.661972 72.159624 -971.549296
v -142.488263 76.403756 -969.849765
v -138.647887 65.061033 -956.262911
v -101.192488 69.258216 -952.816901
v -104.873239 72.159624 -969.267606
v -105.802817 65.061033 -955.079812
v -100.338028 76.403756 -966.920188
v -104.873239 72.159624 -969.267606
v -101.192488 69.258216 -952.816901
v -139.136150 57.718310 -941.248826
v -143.417840 69.258216 -954.328638
v -143.859155 61.896714 -939.164319
v -138.647887 65.061033 -956.262911
v -143.417840 69.258216 -954.328638
v -139.136150 57.718310 -941.248826
v -101.605634 61.896714 -938.629108
v -105.802817 65.061033 -955.079812
v -106.272300 57.718310 -940.826291
v -101.192488 69.258216 -952.816901
v -105.802817 65.061033 -955.079812
v -101.605634 61.896714 -938.629108
v -139.286385 50.253521 -926.403756
v -143.859155 61.896714 -939.164319
v -143.981221 54.431925 -924.244131
v -139.136150 57.718310 -941.248826
v -143.859155 61.896714 -939.164319
v -139.286385 50.253521 -926.403756
v -101.727700 54.431925 -924.366197
v -106.272300 57.718310 -940.826291
v -106.422535 50.253521 -926.497653
v -101.605634 61.896714 -938.629108
v -106.272300 57.718310 -940.826291
v -101.727700 54.431925 -924.366197
v -139.230047 42.779343 -911.661972
v -143.981221 54.431925 -924.244131
v -143.896714 46.967136 -909.474178
v -139.286385 50.253521 -926.403756
v -143.981221 54.431925 -924.244131
v -139.230047 42.779343 -911.661972
v -101.643192 46.967136 -910.009390
v -106.422535 50.253521 -926.497653
v -106.366197 42.779343 -912.075117
v -101.727700 54.431925 -924.366197
v -106.422535 50.253521 -926.497653
v -101.643192 46.967136 -910.009390
v -139.032864 35.370892 -896.967136
v -143.896714 46.967136 -909.474178
v -143.690141 39.577465 -894.798122
v -139.230047 42.779343 -911.661972
v -143.896714 46.967136 -909.474178
v -139.032864 35.370892 -896.967136
v -101.436620 39.577465 -895.539906
v -106.366197 42.779343 -912.075117
v -106.169014 35.370892 -897.539906
v -101.643192 46.967136 -910.009390
v -106.366197 42.779343 -912.075117
v -101.436620 39.577465 -895.539906
v -138.769953 28.103286 -882.281690
v -143.690141 39.577465 -894.798122
v -143.427230 32.338028 -880.169014
v -139.032864 35.370892 -896.967136
v -143.690141 39.577465 -894.798122
v -138.769953 28.103286 -882.281690
v -101.183099 32.347418 -880.920188
v -106.169014 35.370892 -897.539906
v -105.906103 28.112676 -882.863850
v -101.436620 39.577465 -895.539906
v -106.169014 35.370892 -897.539906
v -101.183099 32.347418 -880.920188
v -138.507042 21.061033 -867.558685
v -143.427230 32.338028 -880.169014
v -143.173709 25.342723 -865.549296
v -138.769953 28.103286 -882.281690
v -143.427230 32.338028 -880.169014
v -138.507042 21.061033 -867.558685
v -100.929577 25.342723 -866.131455
v -105.906103 28.112676 -882.863850
v -105.643192 21.061033 -868.000000
v -101.183099 32.347418 -880.920188
v -105.906103 28.112676 -882.863850
v -100.929577 25.342723 -866.131455
v -138.309859 14.328638 -852.769953
v -143.173709 25.342723 -865.549296
v -142.995305 18.657277 -850.920188
v -138.507042 21.061033 -867.558685
v -143.173709 25.342723 -865.549296
v -138.309859 14.328638 -852.769953
v -100.751174 18.657277 -851.126761
v -105.643192 21.061033 -868.000000
v -105.446009 14.328638 -852.929577
v -100.929577 25.342723 -866.131455
v -105.643192 21.061033 -868.000000
v -100.751174 18.657277 -851.126761
v -138.253521 8.009390 -837.877934
v -142.995305 18.657277 -850.920188
v -142.967136 12.403756 -836.253521
v -138.309859 14.328638 -852.769953
v -142.995305 18.657277 -850.920188
v -138.253521 8.009390 -837.877934
v -100.713615 12.403756 -835.859155
v -105.446009 14.328638 -852.929577
v -105.389671 8.009390 -837.577465
v -100.751174 18.657277 -851.126761
v -105.446009 14.328638 -852.929577
v -100.713615 12.403756 -835.859155
v -138.422535 2.253521 -822.882629
v -142.967136 12.403756 -836.253521
v -143.154930 6.723005 -821.568075
v -138.253521 8.009390 -837.877934
v -142.967136 12.403756 -836.253521
v -138.422535 2.253521 -822.882629
v -100.920188 6.723005 -820.291080
v -105.389671 8.009390 -837.577465
v -105.568075 2.253521 -821.887324
v -100.713615 12.403756 -835.859155
v -105.389671 8.009390 -837.577465
v -100.920188 6.723005 -820.291080
v -138.901408 -2.723005 -807.765258
v -143.154930 6.723005 -821.568075
v -143.661972 1.812207 -806.882629
v -138.422535 2.253521 -822.882629
v -143.154930 6.723005 -821.568075
v -138.901408 -2.723005 -807.765258
v -101.483568 1.812207 -804.366197
v -105.568075 2.253521 -821.887324
v -106.093897 -2.723005 -805.802817
v -100.920188 6.723005 -820.291080
v -105.568075 2.253521 -821.887324
v -101.483568 1.812207 -804.366197
v -139.849765 -6.666667 -792.563380
v -143.661972 1.812207 -806.882629
v -144.591549 -2.028169 -792.300469
v -138.901408 -2.723005 -807.765258
v -143.661972 1.812207 -806.882629
v -139.849765 -6.666667 -792.563380
v -102.553991 -2.028169 -788.037559
v -106.093897 -2.723005 -805.802817
v -107.145540 -6.666667 -789.248826
v -101.483568 1.812207 -804.366197
v -106.093897 -2.723005 -805.802817
v -102.553991 -2.028169 -788.037559
v -141.427230 -9.098592 -777.417840
v -144.591549 -2.028169 -792.300469
v -146.084507 -4.403756 -778.028169
v -139.849765 -6.666667 -792.563380
v -144.591549 -2.028169 -792.300469
v -141.427230 -9.098592 -777.417840
v -104.375587 -4.403756 -771.267606
v -107.145540 -6.666667 -789.248826
v -108.985915 -9.098592 -772.159624
v -102.553991 -2.028169 -788.037559
v -107.145540 -6.666667 -789.248826
v -104.375587 -4.403756 -771.267606
v -143.859155 -9.370892 -762.760563
v -146.084507 -4.403756 -778.028169
v -148.366197 -4.676056 -764.103286
v -141.427230 -9.098592 -777.417840
v -146.084507 -4.403756 -778.028169
v -143.859155 -9.370892 -762.760563
v -107.464789 -4.676056 -753.492958
v -108.985915 -9.098592 -772.159624
v -112.046948 -9.370892 -754.507042
v -104.375587 -4.403756 -771.267606
v -108.985915 -9.098592 -772.159624
v -107.464789 -4.676056 -753.492958
v -147.652582 -8.694836 -748.507042
v -148.366197 -4.676056 -764.103286
v -151.915493 -4.009390 -750.507042
v -143.859155 -9.370892 -762.760563
v -148.366197 -4.676056 -764.103286
v -147.652582 -8.694836 -748.507042
v -112.272300 -4.009390 -735.896714
v -112.046948 -9.370892 -754.507042
v -116.816901 -8.694836 -737.145540
v -107.464789 -4.676056 -753.492958
v -112.046948 -9.370892 -754.507042
v -112.272300 -4.009390 -735.896714
v -152.826291 -7.230047 -734.713615
v -151.915493 -4.009390 -750.507042
v -156.788732 -2.582160 -737.314554
v -147.652582 -8.694836 -748.507042
v -151.915493 -4.009390 -750.507042
v -152.826291 -7.230047 -734.713615
v -118.741784 -2.582160 -718.938967
v -116.816901 -8.694836 -737.145540
v -123.239437 -7.230047 -720.422535
v -112.272300 -4.009390 -735.896714
v -116.816901 -8.694836 -737.145540
v -118.741784 -2.582160 -718.938967
v -159.323944 -5.004695 -721.474178
v -156.788732 -2.582160 -737.314554
v -162.929577 -0.384977 -724.600939
v -152.826291 -7.230047 -734.713615
v -156.788732 -2.582160 -737.314554
v -159.323944 -5.004695 -721.474178
v -126.694836 -0.384977 -702.863850
v -123.239437 -7.230047 -720.422535
v -131.145540 -5.004695 -704.572770
v -118.741784 -2.582160 -718.938967
v -123.239437 -7.230047 -720.422535
v -126.694836 -0.384977 -702.863850
v -167.014085 -2.028169 -708.845070
v -162.929577 -0.384977 -724.600939
v -170.225352 2.535211 -712.422535
v -159.323944 -5.004695 -721.474178
v -162.929577 -0.384977 -724.600939
v -167.014085 -2.028169 -708.845070
v -135.877934 2.535211 -687.812207
v -131.145540 -5.004695 -704.572770
v -140.291080 -2.028169 -689.708920
v -126.694836 -0.384977 -702.863850
v -131.145540 -5.004695 -704.572770
v -135.877934 2.535211 -687.812207
v -175.718310 1.633803 -696.835681
v -170.225352 2.535211 -712.422535
v -178.563380 6.159624 -700.769953
v -167.014085 -2.028169 -708.845070
v -170.225352 2.535211 -712.422535
v -175.718310 1.633803 -696.835681
v -145.990610 6.159624 -673.849765
v -140.291080 -2.028169 -689.708920
v -150.394366 1.633803 -675.896714
v -135.877934 2.535211 -687.812207
v -140.291080 -2.028169 -689.708920
v -145.990610 6.159624 -673.849765
v -185.267606 5.953052 -685.408451
v -178.563380 6.159624 -700.769953
v -187.765258 10.431925 -689.624413
v -175.718310 1.633803 -696.835681
v -178.563380 6.159624 -700.769953
v -185.267606 5.953052 -685.408451
v -156.741784 10.431925 -660.938967
v -150.394366 1.633803 -675.896714
v -161.145540 5.953052 -663.098592
v -145.990610 6.159624 -673.849765
v -150.394366 1.633803 -675.896714
v -156.741784 10.431925 -660.938967
v -195.492958 10.892019 -674.460094
v -187.765258 10.431925 -689.624413
v -197.699531 15.314554 -678.892019
v -185.267606 5.953052 -685.408451
v -187.765258 10.431925 -689.624413
v -195.492958 10.892019 -674.460094
v -167.821596 15.305164 -649.014085
v -161.145540 5.953052 -663.098592
v -172.253521 10.882629 -651.220657
v -156.741784 10.431925 -660.938967
v -161.145540 5.953052 -663.098592
v -167.821596 15.305164 -649.014085
v -206.225352 16.431925 -663.802817
v -197.699531 15.314554 -678.892019
v -208.225352 20.788732 -668.403756
v -195.492958 10.892019 -674.460094
v -197.699531 15.314554 -678.892019
v -206.225352 16.431925 -663.802817
v -178.882629 20.788732 -638.000000
v -172.253521 10.882629 -651.220657
v -183.408451 16.431925 -640.159624
v -167.821596 15.305164 -649.014085
v -172.253521 10.882629 -651.220657
v -178.882629 20.788732 -638.000000
v -217.342723 22.619718 -653.107981
v -208.225352 20.788732 -668.403756
v -219.258216 26.892019 -657.821596
v -206.225352 16.431925 -663.802817
v -208.225352 20.788732 -668.403756
v -217.342723 22.619718 -653.107981
v -189.464789 26.892019 -627.868545
v -183.408451 16.431925 -640.159624
v -194.159624 22.619718 -629.812207
v -178.882629 20.788732 -638.000000
v -183.408451 16.431925 -640.159624
v -189.464789 26.892019 -627.868545
v -228.760563 29.539906 -641.652582
v -219.258216 26.892019 -657.821596
v -230.882629 33.680751 -646.394366
v -217.342723 22.619718 -653.107981
v -219.258216 26.892019 -657.821596
v -228.760563 29.539906 -641.652582
v -198.779343 33.680751 -618.929577
v -194.159624 22.619718 -629.812207
v -203.784038 29.539906 -620.291080
v -189.464789 26.892019 -627.868545
v -194.159624 22.619718 -629.812207
v -198.779343 33.680751 -618.929577
v 637.399061 0.000000 -914.779343
v 645.061033 4.845070 -901.539906
v 642.488263 4.685446 -913.887324
v 639.427230 0.150235 -901.474178
v 645.061033 4.845070 -901.539906
v 637.399061 0.000000 -914.779343
v 596.694836 4.685446 -921.849765
v 599.990610 0.150235 -901.474178
v 601.774648 0.000000 -920.967136
v 594.356808 4.845070 -901.539906
v 599.990610 0.150235 -901.474178
v 596.694836 4.685446 -921.849765
v 638.553991 0.000000 -928.056338
v 642.488263 4.685446 -913.887324
v 642.948357 4.685446 -926.394366
v 637.399061 0.000000 -914.779343
v 642.488263 4.685446 -913.887324
v 638.553991 0.000000 -928.056338
v 603.427230 4.685446 -941.333333
v 601.774648 0.000000 -920.967136
v 607.812207 0.000000 -939.671362
v 596.694836 4.685446 -921.849765
v 601.774648 0.000000 -920.967136
v 603.427230 4.685446 -941.333333
v 645.812207 0.000000 -938.835681
v 642.948357 4.685446 -926.394366
v 649.765258 4.685446 -936.300469
v 638.553991 0.000000 -928.056338
v 642.948357 4.685446 -926.394366
v 645.812207 0.000000 -938.835681
v 614.206573 4.685446 -959.117371
v 607.812207 0.000000 -939.671362
v 618.159624 0.000000 -956.582160
v 603.427230 4.685446 -941.333333
v 607.812207 0.000000 -939.671362
v 614.206573 4.685446 -959.117371
v 655.934272 0.000000 -948.103286
v 649.765258 4.685446 -936.300469
v 659.408451 4.685446 -944.948357
v 645.812207 0.000000 -938.835681
v 649.765258 4.685446 -936.300469
v 655.934272 0.000000 -948.103286
v 628.103286 4.694836 -973.323944
v 618.159624 0.000000 -956.582160
v 631.586854 0.000000 -970.178404
v 614.206573 4.685446 -959.117371
v 618.159624 0.000000 -956.582160
v 628.103286 4.694836 -973.323944
v 667.474178 0.000000 -956.234742
v 659.408451 4.685446 -944.948357
v 670.478873 4.694836 -952.619718
v 655.934272 0.000000 -948.103286
v 659.408451 4.685446 -944.948357
v 667.474178 0.000000 -956.234742
v 643.455399 4.685446 -985.098592
v 631.586854 0.000000 -970.178404
v 646.460094 0.000000 -981.492958
v 628.103286 4.694836 -973.323944
v 631.586854 0.000000 -970.178404
v 643.455399 4.685446 -985.098592
v 679.230047 0.000000 -963.389671
v 670.478873 4.694836 -952.619718
v 681.615023 4.685446 -959.342723
v 667.474178 0.000000 -956.234742
v 670.478873 4.694836 -952.619718
v 679.230047 0.000000 -963.389671
v 660.140845 4.694836 -995.727700
v 646.460094 0.000000 -981.492958
v 662.525822 0.000000 -991.690141
v 643.455399 4.685446 -985.098592
v 646.460094 0.000000 -981.492958
v 660.140845 4.694836 -995.727700
v 693.164319 0.000000 -971.539906
v 681.615023 4.685446 -959.342723
v 695.483568 4.685446 -967.455399
v 679.230047 0.000000 -963.389671
v 681.615023 4.685446 -959.342723
v 693.164319 0.000000 -971.539906
v 674.553991 4.694836 -1004.159624
v 662.525822 0.000000 -991.690141
v 676.882629 0.000000 -1000.084507
v 660.140845 4.694836 -995.727700
v 662.525822 0.000000 -991.690141
v 674.553991 4.694836 -1004.159624
v 707.464789 0.000000 -979.680751
v 695.483568 4.685446 -967.455399
v 709.802817 4.685446 -975.615023
v 693.164319 0.000000 -971.539906
v 695.483568 4.685446 -967.455399
v 707.464789 0.000000 -979.680751
v 688.704225 4.694836 -1012.225352
v 676.882629 0.000000 -1000.084507
v 691.051643 0.000000 -1008.159624
v 674.553991 4.694836 -1004.159624
v 676.882629 0.000000 -1000.084507
v 688.704225 4.694836 -1012.225352
v 721.924883 0.000000 -988.065728
v 709.802817 4.685446 -975.615023
v 724.356808 4.685446 -984.046948
v 707.464789 0.000000 -979.680751
v 709.802817 4.685446 -975.615023
v 721.924883 0.000000 -988.065728
v 702.516432 4.694836 -1020.215962
v 691.051643 0.000000 -1008.159624
v 704.938967 0.000000 -1016.197183
v 688.704225 4.694836 -1012.225352
v 691.051643 0.000000 -1008.159624
v 702.516432 4.694836 -1020.215962
v 736.403756 0.000000 -996.901408
v 724.356808 4.685446 -984.046948
v 738.967136 4.685446 -992.967136
v 721.924883 0.000000 -988.065728
v 724.356808 4.685446 -984.046948
v 736.403756 0.000000 -996.901408
v 715.877934 4.694836 -1028.356808
v 704.938967 0.000000 -1016.197183
v 718.441315 0.000000 -1024.431925
v 702.516432 4.694836 -1020.215962
v 704.938967 0.000000 -1016.197183
v 715.877934 4.694836 -1028.356808
v 750.723005 0.000000 -1006.403756
v 738.967136 4.685446 -992.967136
v 753.474178 4.685446 -1002.600939
v 736.403756 0.000000 -996.901408
v 738.967136 4.685446 -992.967136
v 750.723005 0.000000 -1006.403756
v 728.694836 4.694836 -1036.816901
v 718.441315 0.000000 -1024.431925
v 731.446009 0.000000 -1033.014085
v 715.877934 4.694836 -1028.356808
v 718.441315 0.000000 -1024.431925
v 728.694836 4.694836 -1036.816901
v 764.723005 0.000000 -1016.760563
v 753.474178 4.685446 -1002.600939
v 767.718310 4.685446 -1013.136150
v 750.723005 0.000000 -1006.403756
v 753.474178 4.685446 -1002.600939
v 764.723005 0.000000 -1016.760563
v 740.826291 4.694836 -1045.727700
v 731.446009 0.000000 -1033.014085
v 743.812207 0.000000 -1042.112676
v 728.694836 4.694836 -1036.816901
v 731.446009 0.000000 -1033.014085
v 740.826291 4.694836 -1045.727700
v 778.197183 0.000000 -1028.169014
v 767.718310 4.685446 -1013.136150
v 781.455399 4.685446 -1024.788732
v 764.723005 0.000000 -1016.760563
v 767.718310 4.685446 -1013.136150
v 778.197183 0.000000 -1028.169014
v 752.122066 4.685446 -1055.211268
v 743.812207 0.000000 -1042.112676
v 755.389671 0.000000 -1051.830986
v 740.826291 4.694836 -1045.727700
v 743.812207 0.000000 -1042.112676
v 752.122066 4.685446 -1055.211268
v 790.873239 0.000000 -1040.779343
v 781.455399 4.685446 -1024.788732
v 794.422535 4.685446 -1037.708920
v 778.197183 0.000000 -1028.169014
v 781.455399 4.685446 -1024.788732
v 790.873239 0.000000 -1040.779343
v 762.450704 4.685446 -1065.333333
v 755.389671 0.000000 -1051.830986
v 766.000000 0.000000 -1062.272300
v 752.122066 4.685446 -1055.211268
v 755.389671 0.000000 -1051.830986
v 762.450704 4.685446 -1065.333333
v 802.431925 0.000000 -1054.676056
v 794.422535 4.685446 -1037.708920
v 806.281690 4.685446 -1051.981221
v 790.873239 0.000000 -1040.779343
v 794.422535 4.685446 -1037.708920
v 802.431925 0.000000 -1054.676056
v 771.643192 4.685446 -1076.178404
v 766.000000 0.000000 -1062.272300
v 775.492958 0.000000 -1073.492958
v 762.450704 4.685446 -1065.333333
v 766.000000 0.000000 -1062.272300
v 771.643192 4.685446 -1076.178404
v 812.478873 0.000000 -1069.652582
v 806.281690 4.685446 -1051.981221
v 816.582160 4.685446 -1067.370892
v 802.431925 0.000000 -1054.676056
v 806.281690 4.685446 -1051.981221
v 812.478873 0.000000 -1069.652582
v 779.671362 4.685446 -1087.953052
v 775.492958 0.000000 -1073.492958
v 783.774648 0.000000 -1085.661972
v 771.643192 4.685446 -1076.178404
v 775.492958 0.000000 -1073.492958
v 779.671362 4.685446 -1087.953052
v 820.948357 0.000000 -1085.492958
v 816.582160 4.685446 -1067.370892
v 825.248826 4.685446 -1083.615023
v 812.478873 0.000000 -1069.652582
v 816.582160 4.685446 -1067.370892
v 820.948357 0.000000 -1085.492958
v 786.544601 4.685446 -1100.553991
v 783.774648 0.000000 -1085.661972
v 790.845070 0.000000 -1098.676056
v 779.671362 4.685446 -1087.953052
v 783.774648 0.000000 -1085.661972
v 786.544601 4.685446 -1100.553991
v 827.840376 0.000000 -1102.000000
v 825.248826 4.685446 -1083.615023
v 832.300469 4.685446 -1100.516432
v 820.948357 0.000000 -1085.492958
v 825.248826 4.685446 -1083.615023
v 827.840376 0.000000 -1102.000000
v 792.206573 4.685446 -1113.849765
v 790.845070 0.000000 -1098.676056
v 796.657277 0.000000 -1112.366197
v 786.544601 4.685446 -1100.553991
v 790.845070 0.000000 -1098.676056
v 792.206573 4.685446 -1113.849765
v 833.201878 0.000000 -1118.995305
v 832.300469 4.685446 -1100.516432
v 837.765258 4.685446 -1117.906103
v 827.840376 0.000000 -1102.000000
v 832.300469 4.685446 -1100.516432
v 833.201878 0.000000 -1118.995305
v 796.657277 4.685446 -1127.690141
v 796.657277 0.000000 -1112.366197
v 801.230047 0.000000 -1126.600939
v 792.206573 4.685446 -1113.849765
v 796.657277 0.000000 -1112.366197
v 796.657277 4.685446 -1127.690141
v 837.051643 0.000000 -1136.328638
v 837.765258 4.685446 -1117.906103
v 841.690141 4.685446 -1135.633803
v 833.201878 0.000000 -1118.995305
v 837.765258 4.685446 -1117.906103
v 837.051643 0.000000 -1136.328638
v 799.906103 4.685446 -1141.934272
v 801.230047 0.000000 -1126.600939
v 804.553991 0.000000 -1141.239437
v 796.657277 4.685446 -1127.690141
v 801.230047 0.000000 -1126.600939
v 799.906103 4.685446 -1141.934272
v 839.436620 0.000000 -1153.877934
v 841.690141 4.685446 -1135.633803
v 844.122066 4.685446 -1153.549296
v 837.051643 0.000000 -1136.328638
v 841.690141 4.685446 -1135.633803
v 839.436620 0.000000 -1153.877934
v 801.971831 4.685446 -1156.469484
v 804.553991 0.000000 -1141.239437
v 806.657277 0.000000 -1156.150235
v 799.906103 4.685446 -1141.934272
v 804.553991 0.000000 -1141.239437
v 801.971831 4.685446 -1156.469484
v 840.413146 0.000000 -1171.511737
v 844.122066 4.685446 -1153.549296
v 845.107981 4.685446 -1171.558685
v 839.436620 0.000000 -1153.877934
v 844.122066 4.685446 -1153.549296
v 840.413146 0.000000 -1171.511737
v 802.863850 4.685446 -1171.183099
v 806.657277 0.000000 -1156.150235
v 807.558685 0.000000 -1171.220657
v 801.971831 4.685446 -1156.469484
v 806.657277 0.000000 -1156.150235
v 802.863850 4.685446 -1171.183099
v 840.028169 0.000000 -1189.145540
v 845.107981 4.685446 -1171.558685
v 844.704225 4.685446 -1189.549296
v 840.413146 0.000000 -1171.511737
v 845.107981 4.685446 -1171.558685
v 840.028169 0.000000 -1189.145540
v 802.600939 4.685446 -1185.953052
v 807.558685 0.000000 -1171.220657
v 807.276995 0.000000 -1186.347418
v 802.863850 4.685446 -1171.183099
v 807.558685 0.000000 -1171.220657
v 802.600939 4.685446 -1185.953052
v 838.291080 0.000000 -1206.676056
v 844.704225 4.685446 -1189.549296
v 842.929577 4.685446 -1207.427230
v 840.028169 0.000000 -1189.145540
v 844.704225 4.685446 -1189.549296
v 838.291080 0.000000 -1206.676056
v 801.220657 4.685446 -1200.685446
v 807.276995 0.000000 -1186.347418
v 805.849765 0.000000 -1201.436620
v 802.600939 4.685446 -1185.953052
v 807.276995 0.000000 -1186.347418
v 801.220657 4.685446 -1200.685446
v 835.258216 0.000000 -1224.018779
v 842.929577 4.685446 -1207.427230
v 839.830986 4.685446 -1225.117371
v 838.291080 0.000000 -1206.676056
v 842.929577 4.685446 -1207.427230
v 835.258216 0.000000 -1224.018779
v 798.732394 4.685446 -1215.286385
v 805.849765 0.000000 -1201.436620
v 803.295775 0.000000 -1216.375587
v 801.220657 4.685446 -1200.685446
v 805.849765 0.000000 -1201.436620
v 798.732394 4.685446 -1215.286385
v 830.948357 0.000000 -1241.089202
v 839.830986 4.685446 -1225.117371
v 835.417840 4.685446 -1242.516432
v 835.258216 0.000000 -1224.018779
v 839.830986 4.685446 -1225.117371
v 830.948357 0.000000 -1241.089202
v 795.173709 4.685446 -1229.671362
v 803.295775 0.000000 -1216.375587
v 799.643192 0.000000 -1231.098592
v 798.732394 4.685446 -1215.286385
v 803.295775 0.000000 -1216.375587
v 795.173709 4.685446 -1229.671362
v 825.380282 0.000000 -1257.793427
v 835.417840 4.685446 -1242.516432
v 829.737089 4.685446 -1259.549296
v 830.948357 0.000000 -1241.089202
v 835.417840 4.685446 -1242.516432
v 825.380282 0.000000 -1257.793427
v 790.553991 4.685446 -1243.737089
v 799.643192 0.000000 -1231.098592
v 794.910798 0.000000 -1245.492958
v 795.173709 4.685446 -1229.671362
v 799.643192 0.000000 -1231.098592
v 790.553991 4.685446 -1243.737089
v 818.572770 0.000000 -1274.046948
v 829.737089 4.685446 -1259.549296
v 822.788732 4.685446 -1276.131455
v 825.380282 0.000000 -1257.793427
v 829.737089 4.685446 -1259.549296
v 818.572770 0.000000 -1274.046948
v 784.901408 4.685446 -1257.408451
v 794.910798 0.000000 -1245.492958
v 789.117371 0.000000 -1259.492958
v 790.553991 4.685446 -1243.737089
v 794.910798 0.000000 -1245.492958
v 784.901408 4.685446 -1257.408451
v 810.563380 0.000000 -1289.755869
v 822.788732 4.685446 -1276.131455
v 814.600939 4.685446 -1292.150235
v 818.572770 0.000000 -1274.046948
v 822.788732 4.685446 -1276.131455
v 810.563380 0.000000 -1289.755869
v 778.253521 4.685446 -1270.600939
v 789.117371 0.000000 -1259.492958
v 782.291080 0.000000 -1272.995305
v 784.901408 4.685446 -1257.408451
v 789.117371 0.000000 -1259.492958
v 778.253521 4.685446 -1270.600939
v 801.361502 0.000000 -1304.826291
v 814.600939 4.685446 -1292.150235
v 805.201878 4.685446 -1307.521127
v 810.563380 0.000000 -1289.755869
v 814.600939 4.685446 -1292.150235
v 801.361502 0.000000 -1304.826291
v 770.629108 4.685446 -1283.239437
v 782.291080 0.000000 -1272.995305
v 774.469484 0.000000 -1285.934272
v 778.253521 4.685446 -1270.600939
v 782.291080 0.000000 -1272.995305
v 770.629108 4.685446 -1283.239437
v 791.023474 0.000000 -1319.145540
v 805.201878 4.685446 -1307.521127
v 794.638498 4.694836 -1322.131455
v 801.361502 0.000000 -1304.826291
v 805.201878 4.685446 -1307.521127
v 791.023474 0.000000 -1319.145540
v 762.056338 4.685446 -1295.230047
v 774.469484 0.000000 -1285.934272
v 765.680751 0.000000 -1298.215962
v 770.629108 4.685446 -1283.239437
v 774.469484 0.000000 -1285.934272
v 762.056338 4.685446 -1295.230047
v 779.577465 0.000000 -1332.619718
v 794.638498 4.694836 -1322.131455
v 782.948357 4.694836 -1335.887324
v 791.023474 0.000000 -1319.145540
v 794.638498 4.694836 -1322.131455
v 779.577465 0.000000 -1332.619718
v 752.591549 4.685446 -1306.497653
v 765.680751 0.000000 -1298.215962
v 755.971831 0.000000 -1309.765258
v 762.056338 4.685446 -1295.230047
v 765.680751 0.000000 -1298.215962
v 752.591549 4.685446 -1306.497653
v 767.107981 0.000000 -1345.164319
v 782.948357 4.694836 -1335.887324
v 770.215962 4.685446 -1348.685446
v 779.577465 0.000000 -1332.619718
v 782.948357 4.694836 -1335.887324
v 767.107981 0.000000 -1345.164319
v 742.281690 4.685446 -1316.985915
v 755.971831 0.000000 -1309.765258
v 745.380282 0.000000 -1320.507042
v 752.591549 4.685446 -1306.497653
v 755.971831 0.000000 -1309.765258
v 742.281690 4.685446 -1316.985915
v 753.333333 0.000000 -1357.014085
v 770.215962 4.685446 -1348.685446
v 756.037559 4.694836 -1360.845070
v 767.107981 0.000000 -1345.164319
v 770.215962 4.685446 -1348.685446
v 753.333333 0.000000 -1357.014085
v 731.699531 4.685446 -1326.309859
v 745.380282 0.000000 -1320.507042
v 734.403756 0.000000 -1330.150235
v 742.281690 4.685446 -1316.985915
v 745.380282 0.000000 -1320.507042
v 731.699531 4.685446 -1326.309859
v 737.154930 0.000000 -1367.492958
v 756.037559 4.694836 -1360.845070
v 739.145540 4.685446 -1371.746479
v 753.333333 0.000000 -1357.014085
v 756.037559 4.694836 -1360.845070
v 737.154930 0.000000 -1367.492958
v 721.276995 4.685446 -1333.455399
v 734.403756 0.000000 -1330.150235
v 723.267606 0.000000 -1337.708920
v 731.699531 4.685446 -1326.309859
v 734.403756 0.000000 -1330.150235
v 721.276995 4.685446 -1333.455399
v 720.366197 0.000000 -1374.835681
v 739.145540 4.685446 -1371.746479
v 721.830986 4.685446 -1379.295775
v 737.154930 0.000000 -1367.492958
v 739.145540 4.685446 -1371.746479
v 720.366197 0.000000 -1374.835681
v 708.629108 4.685446 -1339.154930
v 723.267606 0.000000 -1337.708920
v 710.093897 0.000000 -1343.615023
v 721.276995 4.685446 -1333.455399
v 723.267606 0.000000 -1337.708920
v 708.629108 4.685446 -1339.154930
v 703.408451 0.000000 -1380.112676
v 721.830986 4.685446 -1379.295775
v 704.497653 4.685446 -1384.685446
v 720.366197 0.000000 -1374.835681
v 721.830986 4.685446 -1379.295775
v 703.408451 0.000000 -1380.112676
v 694.685446 4.685446 -1343.586854
v 710.093897 0.000000 -1343.615023
v 695.774648 0.000000 -1348.150235
v 708.629108 4.685446 -1339.154930
v 710.093897 0.000000 -1343.615023
v 694.685446 4.685446 -1343.586854
v 686.450704 0.000000 -1383.962441
v 704.497653 4.685446 -1384.685446
v 687.258216 4.685446 -1388.591549
v 703.408451 0.000000 -1380.112676
v 704.497653 4.685446 -1384.685446
v 686.450704 0.000000 -1383.962441
v 679.990610 4.685446 -1346.967136
v 695.774648 0.000000 -1348.150235
v 680.798122 0.000000 -1351.596244
v 694.685446 4.685446 -1343.586854
v 695.774648 0.000000 -1348.150235
v 679.990610 4.685446 -1346.967136
v 669.521127 0.000000 -1386.779343
v 687.258216 4.685446 -1388.591549
v 670.112676 4.685446 -1391.436620
v 686.450704 0.000000 -1383.962441
v 687.258216 4.685446 -1388.591549
v 669.521127 0.000000 -1386.779343
v 664.816901 4.685446 -1349.521127
v 680.798122 0.000000 -1351.596244
v 665.408451 0.000000 -1354.178404
v 679.990610 4.685446 -1346.967136
v 680.798122 0.000000 -1351.596244
v 664.816901 4.685446 -1349.521127
v 652.638498 0.000000 -1388.807512
v 670.112676 4.685446 -1391.436620
v 653.051643 4.685446 -1393.483568
v 669.521127 0.000000 -1386.779343
v 670.112676 4.685446 -1391.436620
v 652.638498 0.000000 -1388.807512
v 649.342723 4.685446 -1351.389671
v 665.408451 0.000000 -1354.178404
v 649.755869 0.000000 -1356.065728
v 664.816901 4.685446 -1349.521127
v 665.408451 0.000000 -1354.178404
v 649.342723 4.685446 -1351.389671
v 635.812207 0.000000 -1390.206573
v 653.051643 4.685446 -1393.483568
v 636.084507 4.685446 -1394.892019
v 652.638498 0.000000 -1388.807512
v 653.051643 4.685446 -1393.483568
v 635.812207 0.000000 -1390.206573
v 633.652582 4.685446 -1352.704225
v 649.755869 0.000000 -1356.065728
v 633.924883 0.000000 -1357.399061
v 649.342723 4.685446 -1351.389671
v 649.755869 0.000000 -1356.065728
v 633.652582 4.685446 -1352.704225
v 619.023474 0.000000 -1391.098592
v 636.084507 4.685446 -1394.892019
v 619.173709 4.685446 -1395.793427
v 635.812207 0.000000 -1390.206573
v 636.084507 4.685446 -1394.892019
v 619.023474 0.000000 -1391.098592
v 617.830986 4.685446 -1353.558685
v 633.924883 0.000000 -1357.399061
v 617.981221 0.000000 -1358.253521
v 633.652582 4.685446 -1352.704225
v 633.924883 0.000000 -1357.399061
v 617.830986 4.685446 -1353.558685
v 602.291080 0.000000 -1391.577465
v 619.173709 4.685446 -1395.793427
v 602.347418 4.685446 -1396.272300
v 619.023474 0.000000 -1391.098592
v 619.173709 4.685446 -1395.793427
v 602.291080 0.000000 -1391.577465
v 601.906103 4.685446 -1354.018779
v 617.981221 0.000000 -1358.253521
v 601.962441 0.000000 -1358.713615
v 617.830986 4.685446 -1353.558685
v 617.981221 0.000000 -1358.253521
v 601.906103 4.685446 -1354.018779
v 585.605634 0.000000 -1391.699531
v 602.347418 4.685446 -1396.272300
v 585.568075 4.694836 -1396.394366
v 602.291080 0.000000 -1391.577465
v 602.347418 4.685446 -1396.272300
v 585.605634 0.000000 -1391.699531
v 585.924883 4.685446 -1354.140845
v 601.962441 0.000000 -1358.713615
v 585.877934 0.000000 -1358.835681
v 601.906103 4.685446 -1354.018779
v 601.962441 0.000000 -1358.713615
v 585.924883 4.685446 -1354.140845
v 568.957746 0.000000 -1391.521127
v 585.568075 4.694836 -1396.394366
v 568.835681 4.685446 -1396.215962
v 585.605634 0.000000 -1391.699531
v 585.568075 4.694836 -1396.394366
v 568.957746 0.000000 -1391.521127
v 569.877934 4.685446 -1353.971831
v 585.877934 0.000000 -1358.835681
v 569.765258 0.000000 -1358.666667
v 585.924883 4.685446 -1354.140845
v 585.877934 0.000000 -1358.835681
v 569.877934 4.685446 -1353.971831
v 552.347418 0.000000 -1391.079812
v 568.835681 4.685446 -1396.215962
v 552.159624 4.694836 -1395.765258
v 568.957746 0.000000 -1391.521127
v 568.835681 4.685446 -1396.215962
v 552.347418 0.000000 -1391.079812
v 553.802817 4.685446 -1353.549296
v 569.765258 0.000000 -1358.666667
v 553.624413 0.000000 -1358.234742
v 569.877934 4.685446 -1353.971831
v 569.765258 0.000000 -1358.666667
v 553.802817 4.685446 -1353.549296
v 535.765258 0.000000 -1390.403756
v 552.159624 4.694836 -1395.765258
v 535.521127 4.694836 -1395.089202
v 552.347418 0.000000 -1391.079812
v 552.159624 4.694836 -1395.765258
v 535.765258 0.000000 -1390.403756
v 537.699531 4.685446 -1352.892019
v 553.624413 0.000000 -1358.234742
v 537.455399 0.000000 -1357.577465
v 553.802817 4.685446 -1353.549296
v 553.624413 0.000000 -1358.234742
v 537.699531 4.685446 -1352.892019
v 519.220657 0.000000 -1389.521127
v 535.521127 4.694836 -1395.089202
v 518.920188 4.694836 -1394.206573
v 535.765258 0.000000 -1390.403756
v 535.521127 4.694836 -1395.089202
v 519.220657 0.000000 -1389.521127
v 521.568075 4.685446 -1352.037559
v 537.455399 0.000000 -1357.577465
v 521.276995 0.000000 -1356.723005
v 537.699531 4.685446 -1352.892019
v 537.455399 0.000000 -1357.577465
v 521.568075 4.685446 -1352.037559
v 502.704225 0.000000 -1388.460094
v 518.920188 4.694836 -1394.206573
v 502.356808 4.694836 -1393.145540
v 519.220657 0.000000 -1389.521127
v 518.920188 4.694836 -1394.206573
v 502.704225 0.000000 -1388.460094
v 505.436620 4.685446 -1351.004695
v 521.276995 0.000000 -1356.723005
v 505.089202 0.000000 -1355.680751
v 521.568075 4.685446 -1352.037559
v 521.276995 0.000000 -1356.723005
v 505.436620 4.685446 -1351.004695
v 486.215962 0.000000 -1387.239437
v 502.356808 4.694836 -1393.145540
v 485.830986 4.685446 -1391.915493
v 502.704225 0.000000 -1388.460094
v 502.356808 4.694836 -1393.145540
v 486.215962 0.000000 -1387.239437
v 489.286385 4.685446 -1349.802817
v 505.089202 0.000000 -1355.680751
v 488.901408 0.000000 -1354.478873
v 505.436620 4.685446 -1351.004695
v 505.089202 0.000000 -1355.680751
v 489.286385 4.685446 -1349.802817
v 469.746479 0.000000 -1385.868545
v 485.830986 4.685446 -1391.915493
v 469.323944 4.694836 -1390.535211
v 486.215962 0.000000 -1387.239437
v 485.830986 4.685446 -1391.915493
v 469.746479 0.000000 -1385.868545
v 473.136150 4.685446 -1348.460094
v 488.901408 0.000000 -1354.478873
v 472.713615 0.000000 -1353.136150
v 489.286385 4.685446 -1349.802817
v 488.901408 0.000000 -1354.478873
v 473.136150 4.685446 -1348.460094
v 453.314554 0.000000 -1384.356808
v 469.323944 4.694836 -1390.535211
v 452.854460 4.694836 -1389.032864
v 469.746479 0.000000 -1385.868545
v 469.323944 4.694836 -1390.535211
v 453.314554 0.000000 -1384.356808
v 456.976526 4.685446 -1346.976526
v 472.713615 0.000000 -1353.136150
v 456.516432 0.000000 -1351.652582
v 473.136150 4.685446 -1348.460094
v 472.713615 0.000000 -1353.136150
v 456.976526 4.685446 -1346.976526
v 436.892019 0.000000 -1382.732394
v 452.854460 4.694836 -1389.032864
v 436.403756 4.685446 -1387.399061
v 453.314554 0.000000 -1384.356808
v 452.854460 4.694836 -1389.032864
v 436.892019 0.000000 -1382.732394
v 440.816901 4.685446 -1345.380282
v 456.516432 0.000000 -1351.652582
v 440.319249 0.000000 -1350.046948
v 456.976526 4.685446 -1346.976526
v 456.516432 0.000000 -1351.652582
v 440.816901 4.685446 -1345.380282
v 420.497653 0.000000 -1380.995305
v 436.403756 4.685446 -1387.399061
v 419.981221 4.694836 -1385.661972
v 436.892019 0.000000 -1382.732394
v 436.403756 4.685446 -1387.399061
v 420.497653 0.000000 -1380.995305
v 424.647887 4.685446 -1343.671362
v 440.319249 0.000000 -1350.046948
v 424.131455 0.000000 -1348.338028
v 440.816901 4.685446 -1345.380282
v 440.319249 0.000000 -1350.046948
v 424.647887 4.685446 -1343.671362
v 404.122066 0.000000 -1379.164319
v 419.981221 4.694836 -1385.661972
v 403.577465 4.694836 -1383.821596
v 420.497653 0.000000 -1380.995305
v 419.981221 4.694836 -1385.661972
v 404.122066 0.000000 -1379.164319
v 408.488263 4.685446 -1341.859155
v 424.131455 0.000000 -1348.338028
v 407.943662 0.000000 -1346.525822
v 424.647887 4.685446 -1343.671362
v 424.131455 0.000000 -1348.338028
v 408.488263 4.685446 -1341.859155
v 387.765258 0.000000 -1377.239437
v 403.577465 4.694836 -1383.821596
v 387.192488 4.685446 -1381.896714
v 404.122066 0.000000 -1379.164319
v 403.577465 4.694836 -1383.821596
v 387.765258 0.000000 -1377.239437
v 392.328638 4.685446 -1339.953052
v 407.943662 0.000000 -1346.525822
v 391.755869 0.000000 -1344.619718
v 408.488263 4.685446 -1341.859155
v 407.943662 0.000000 -1346.525822
v 392.328638 4.685446 -1339.953052
vn 0.707031 0.707031 0.000000
vn 0.707031 0.707031 0.000000
vn 0.707031 0.707031 0.000000
vn 0.707031 0.707031 0.000000
vn 0.707031 0.707031 0.000000
vn 0.707031 0.707031 0.000000
vn -0.707031 0.707031 0.000000
vn -0.707031 0.707031 0.000000
vn -0.707031 0.707031 0.000000
vn -0.707031 0.707031 0.000000
vn -0.707031 0.707031 0.000000
vn -0.707031 0.707031 0.000000
vn 0.707031 0.707031 0.000000
vn 0.707031 0.707031 0.000000
vn 0.707031 0.707031 0.000000
vn 0.707031 0.707031 0.000000
vn 0.707031 0.707031 0.000000
vn 0.707031 0.707031 0.000000
vn -0.707031 0.707031 0.000000
vn -0.707031 0.707031 0.000000
vn -0.707031 0.707031 0.000000
vn -0.707031 0.707031 0.000000
vn -0.707031 0.707031 0.000000
vn -0.707031 0.707031 0.000000
vn 0.707031 0.707031 0.000000
vn 0.707031 0.707031 0.000000
vn 0.707031 0.707031 0.000000
vn 0.707031 0.707031 0.000000
vn 0.707031 0.707031 0.000000
vn 0.707031 0.707031 0.000000
vn -0.707031 0.707031 0.000000
vn -0.707031 0.707031 0.000000
vn -0.707031 0.707031 0.000000
vn -0.707031 0.707031 0.000000
vn -0.707031 0.707031 0.000000
vn -0.707031 0.707031 0.000000
vn 0.707031 0.707031 0.000000
vn 0.707031 0.707031 0.000000
vn 0.707031 0.707031 0.000000
vn 0.707031 0.707031 0.000000
vn 0.707031 0.707031 0.000000
vn 0.707031 0.707031 0.000000
vn -0.707031 0.707031 0.000000
vn -0.707031 0.707031 0.000000
vn -0.707031 0.707031 0.000000
vn -0.707031 0.707031 0.000000
vn -0.707031 0.707031 0.000000
vn -0.707031 0.707031 0.000000
vn 0.707031 0.707031 0.000000
vn 0.707031 0.707031 0.000000
vn 0.707031 0.707031 0.000000
vn 0.707031 0.707031 0.000000
vn 0.707031 0.707031 0.000000
vn 0.707031 0.707031 0.000000
vn -0.707031 0.707031 0.000000
vn -0.707031 0.707031 0.000000
vn -0.707031 0.707031 0.000000
vn -0.707031 0.707031 0.000000
vn -0.707031 0.707031 0.000000
vn -0.707031 0.707031 0.000000
vn 0.707031 0.707031 0.000000
vn 0.707031 0.707031 0.000000
vn 0.707031 0.707031 0.000000
vn 0.707031 0.707031 0.000000
vn 0.707031 0.707031 0.000000
vn 0.707031 0.707031 0.000000
vn -0.707031 0.707031 0.000000
vn -0.707031 0.707031 0.000000
vn -0.707031 0.707031 0.000000
vn -0.707031 0.707031 0.000000
vn -0.707031 0.707031 0.000000
vn -0.707031 0.707031 0.000000
vn 0.707031 0.707031 0.000000
vn 0.707031 0.707031 0.000000
vn 0.707031 0.707031 0.000000
vn 0.707031 0.707031 0.000000
vn 0.707031 0.707031 0.000000
vn 0.707031 0.707031 0.000000
vn -0.707031 0.707031 0.000000
vn -0.707031 0.707031 0.000000
vn -0.707031 0.707031 0.000000
vn -0.707031 0.707031 0.000000
vn -0.707031 0.707031 0.000000
vn -0.707031 0.707031 0.000000
vn 0.707031 0.707031 0.000000
vn 0.707031 0.707031 0.000000
vn 0.707031 0.707031 0.000000
vn 0.707031 0.707031 0.000000
vn 0.707031 0.707031 0.000000
vn 0.707031 0.707031 0.000000
vn -0.707031 0.707031 0.000000
vn -0.707031 0.707031 0.000000
vn -0.707031 0.707031 0.000000
vn -0.707031 0.707031 0.000000
vn -0.707031 0.707031 0.000000
vn -0.707031 0.707031 0.000000
vn 0.707031 0.707031 0.000000
vn 0.707031 0.707031 0.000000
vn 0.707031 0.707031 0.000000
vn 0.707031 0.707031 0.000000
vn 0.707031 0.707031 0.000000
vn 0.707031 0.707031 0.000000
vn -0.707031 0.707031 0.000000
vn -0.707031 0.707031 0.000000
vn -0.707031 0.707031 0.000000
vn -0.707031 0.707031 0.000000
vn -0.707031 0.707031 0.000000
vn -0.707031 0.707031 0.000000
vn 0.707031 0.707031 0.000000
vn 0.707031 0.707031 0.000000
vn 0.707031 0.707031 0.000000
vn 0.707031 0.707031 0.000000
vn 0.707031 0.707031 0.000000
vn 0.707031 0.707031 0.000000
vn -0.707031 0.707031 0.000000
vn -0.707031 0.707031 0.000000
vn -0.707031 0.707031 0.000000
vn -0.707031 0.707031 0.000000
vn -0.707031 0.707031 0.000000
vn -0.707031 0.707031 0.000000
vn 0.707031 0.707031 0.000000
vn 0.707031 0.707031 0.000000
vn 0.707031 0.707031 0.000000
vn 0.707031 0.707031 0.000000
vn 0.707031 0.707031 0.000000
vn 0.707031 0.707031 0.000000
vn -0.707031 0.707031 0.000000
vn -0.707031 0.707031 0.000000
vn -0.707031 0.707031 0.000000
vn -0.707031 0.707031 0.000000
vn -0.707031 0.707031 0.000000
vn -0.707031 0.707031 0.000000
vn 0.707031 0.707031 0.000000
vn 0.707031 0.707031 0.000000
vn 0.707031 0.707031 0.000000
vn 0.707031 0.707031 0.000000
vn 0.707031 0.707031 0.000000
vn 0.707031 0.707031 0.000000
vn -0.707031 0.707031 0.000000
vn -0.707031 0.707031 0.000000
vn -0.707031 0.707031 0.000000
vn -0.707031 0.707031 0.000000
vn -0.707031 0.707031 0.000000
vn -0.707031 0.707031 0.000000
vn 0.707031 0.706787 -0.000977
vn 0.707031 0.706787 -0.000977
vn 0.707031 0.706787 -0.000977
vn 0.707031 0.706787 -0.000977
vn 0.707031 0.706787 -0.000977
vn 0.707031 0.706787 -0.000977
vn -0.707031 0.706787 0.000488
vn -0.707031 0.706787 0.000488
vn -0.707031 0.706787 0.000488
vn -0.707031 0.706787 0.000488
vn -0.707031 0.706787 0.000488
vn -0.707031 0.706787 0.000488
vn 0.708252 0.702881 -0.065186
vn 0.708252 0.702881 -0.065186
vn 0.708252 0.702881 -0.065186
vn 0.708252 0.702881 -0.065186
vn 0.708252 0.702881 -0.065186
vn 0.708252 0.702881 -0.065186
vn -0.712646 0.700195 0.041260
vn -0.712646 0.700195 0.041260
vn -0.712646 0.700195 0.041260
vn -0.712646 0.700195 0.041260
vn -0.712646 0.700195 0.041260
vn -0.712646 0.700195 0.041260
vn 0.678223 0.704834 -0.206543
vn 0.678223 0.704834 -0.206543
vn 0.678223 0.704834 -0.206543
vn 0.678223 0.704834 -0.206543
vn 0.678223 0.704834 -0.206543
vn 0.678223 0.704834 -0.206543
vn -0.681396 0.704346 0.197510
vn -0.681396 0.704346 0.197510
vn -0.681396 0.704346 0.197510
vn -0.681396 0.704346 0.197510
vn -0.681396 0.704346 0.197510
vn -0.681396 0.704346 0.197510
vn 0.643066 0.706055 -0.295654
vn 0.643066 0.706055 -0.295654
vn 0.643066 0.706055 -0.295654
vn 0.643066 0.706055 -0.295654
vn 0.643066 0.706055 -0.295654
vn 0.643066 0.706055 -0.295654
vn -0.645020 0.705811 0.291992
vn -0.645020 0.705811 0.291992
vn -0.645020 0.705811 0.291992
vn -0.645020 0.705811 0.291992
vn -0.645020 0.705811 0.291992
vn -0.645020 0.705811 0.291992
vn 0.613525 0.706787 -0.351807
vn 0.613525 0.706787 -0.351807
vn 0.613525 0.706787 -0.351807
vn 0.613525 0.706787 -0.351807
vn 0.613525 0.706787 -0.351807
vn 0.613525 0.706787 -0.351807
vn -0.614990 0.706299 0.350098
vn -0.614990 0.706299 0.350098
vn -0.614990 0.706299 0.350098
vn -0.614990 0.706299 0.350098
vn -0.614990 0.706299 0.350098
vn -0.614990 0.706299 0.350098
vn 0.589844 0.707031 -0.389648
vn 0.589844 0.707031 -0.389648
vn 0.589844 0.707031 -0.389648
vn 0.589844 0.707031 -0.389648
vn 0.589844 0.707031 -0.389648
vn 0.589844 0.707031 -0.389648
vn -0.590820 0.706543 0.388916
vn -0.590820 0.706543 0.388916
vn -0.590820 0.706543 0.388916
vn -0.590820 0.706543 0.388916
vn -0.590820 0.706543 0.388916
vn -0.590820 0.706543 0.388916
vn 0.571533 0.707031 -0.416016
vn 0.571533 0.707031 -0.416016
vn 0.571533 0.707031 -0.416016
vn 0.571533 0.707031 -0.416016
vn 0.571533 0.707031 -0.416016
vn 0.571533 0.707031 -0.416016
vn -0.572266 0.706543 0.415771
vn -0.572266 0.706543 0.415771
vn -0.572266 0.706543 0.415771
vn -0.572266 0.706543 0.415771
vn -0.572266 0.706543 0.415771
vn -0.572266 0.706543 0.415771
vn 0.557129 0.707031 -0.435059
vn 0.557129 0.707031 -0.435059
vn 0.557129 0.707031 -0.435059
vn 0.557129 0.707031 -0.435059
vn 0.557129 0.707031 -0.435059
vn 0.557129 0.707031 -0.435059
vn -0.557617 0.706787 0.435059
vn -0.557617 0.706787 0.435059
vn -0.557617 0.706787 0.435059
vn -0.557617 0.706787 0.435059
vn -0.557617 0.706787 0.435059
vn -0.557617 0.706787 0.435059
vn 0.545898 0.707031 -0.448975
vn 0.545898 0.707031 -0.448975
vn 0.545898 0.707031 -0.448975
vn 0.545898 0.707031 -0.448975
vn 0.545898 0.707031 -0.448975
vn 0.545898 0.707031 -0.448975
vn -0.546387 0.706787 0.448975
vn -0.546387 0.706787 0.448975
vn -0.546387 0.706787 0.448975
vn -0.546387 0.706787 0.448975
vn -0.546387 0.706787 0.448975
vn -0.546387 0.706787 0.448975
vn 0.537598 0.707275 -0.458740
vn 0.537598 0.707275 -0.458740
vn 0.537598 0.707275 -0.458740
vn 0.537598 0.707275 -0.458740
vn 0.537598 0.707275 -0.458740
vn 0.537598 0.707275 -0.458740
vn -0.538086 0.706543 0.458984
vn -0.538086 0.706543 0.458984
vn -0.538086 0.706543 0.458984
vn -0.538086 0.706543 0.458984
vn -0.538086 0.706543 0.458984
vn -0.538086 0.706543 0.458984
vn 0.531738 0.707275 -0.465332
vn 0.531738 0.707275 -0.465332
vn 0.531738 0.707275 -0.465332
vn 0.531738 0.707275 -0.465332
vn 0.531738 0.707275 -0.465332
vn 0.531738 0.707275 -0.465332
vn -0.532227 0.706543 0.465820
vn -0.532227 0.706543 0.465820
vn -0.532227 0.706543 0.465820
vn -0.532227 0.706543 0.465820
vn -0.532227 0.706543 0.465820
vn -0.532227 0.706543 0.465820
vn 0.528564 0.707275 -0.469238
vn 0.528564 0.707275 -0.469238
vn 0.528564 0.707275 -0.469238
vn 0.528564 0.707275 -0.469238
vn 0.528564 0.707275 -0.469238
vn 0.528564 0.707275 -0.469238
vn -0.528809 0.706787 0.469482
vn -0.528809 0.706787 0.469482
vn -0.528809 0.706787 0.469482
vn -0.528809 0.706787 0.469482
vn -0.528809 0.706787 0.469482
vn -0.528809 0.706787 0.469482
vn 0.528564 0.707031 -0.469482
vn 0.528564 0.707031 -0.469482
vn 0.528564 0.707031 -0.469482
vn 0.528564 0.707031 -0.469482
vn 0.528564 0.707031 -0.469482
vn 0.528564 0.707031 -0.469482
vn -0.528320 0.707031 0.469727
vn -0.528320 0.707031 0.469727
vn -0.528320 0.707031 0.469727
vn -0.528320 0.707031 0.469727
vn -0.528320 0.707031 0.469727
vn -0.528320 0.707031 0.469727
vn 0.532471 0.707031 -0.465088
vn 0.532471 0.707031 -0.465088
vn 0.532471 0.707031 -0.465088
vn 0.532471 0.707031 -0.465088
vn 0.532471 0.707031 -0.465088
vn 0.532471 0.707031 -0.465088
vn -0.532471 0.707031 0.465088
vn -0.532471 0.707031 0.465088
vn -0.532471 0.707031 0.465088
vn -0.532471 0.707031 0.465088
vn -0.532471 0.707031 0.465088
vn -0.532471 0.707031 0.465088
vn 0.541260 0.705811 -0.456543
vn 0.541260 0.705811 -0.456543
vn 0.541260 0.705811 -0.456543
vn 0.541260 0.705811 -0.456543
vn 0.541260 0.705811 -0.456543
vn 0.541260 0.705811 -0.456543
vn -0.544922 0.708252 0.448486
vn -0.544922 0.708252 0.448486
vn -0.544922 0.708252 0.448486
vn -0.544922 0.708252 0.448486
vn -0.544922 0.708252 0.448486
vn -0.544922 0.708252 0.448486
vn 0.540039 0.698730 -0.468750
vn 0.540039 0.698730 -0.468750
vn 0.540039 0.698730 -0.468750
vn 0.540039 0.698730 -0.468750
vn 0.540039 0.698730 -0.468750
vn 0.540039 0.698730 -0.468750
vn -0.602783 0.710449 0.362793
vn -0.602783 0.710449 0.362793
vn -0.602783 0.710449 0.362793
vn -0.602783 0.710449 0.362793
vn -0.602783 0.710449 0.362793
vn -0.602783 0.710449 0.362793
vn 0.536865 0.687256 -0.489014
vn 0.536865 0.687256 -0.489014
vn 0.536865 0.687256 -0.489014
vn 0.536865 0.687256 -0.489014
vn 0.536865 0.687256 -0.489014
vn 0.536865 0.687256 -0.489014
vn -0.660889 0.703369 0.261475
vn -0.660889 0.703369 0.261475
vn -0.660889 0.703369 0.261475
vn -0.660889 0.703369 0.261475
vn -0.660889 0.703369 0.261475
vn -0.660889 0.703369 0.261475
vn 0.535156 0.675049 -0.507324
vn 0.535156 0.675049 -0.507324
vn 0.535156 0.675049 -0.507324
vn 0.535156 0.675049 -0.507324
vn 0.535156 0.675049 -0.507324
vn 0.535156 0.675049 -0.507324
vn -0.699707 0.690918 0.180176
vn -0.699707 0.690918 0.180176
vn -0.699707 0.690918 0.180176
vn -0.699707 0.690918 0.180176
vn -0.699707 0.690918 0.180176
vn -0.699707 0.690918 0.180176
vn 0.531738 0.664551 -0.524414
vn 0.531738 0.664551 -0.524414
vn 0.531738 0.664551 -0.524414
vn 0.531738 0.664551 -0.524414
vn 0.531738 0.664551 -0.524414
vn 0.531738 0.664551 -0.524414
vn -0.727783 0.675537 0.116699
vn -0.727783 0.675537 0.116699
vn -0.727783 0.675537 0.116699
vn -0.727783 0.675537 0.116699
vn -0.727783 0.675537 0.116699
vn -0.727783 0.675537 0.116699
vn 0.524902 0.654785 -0.543213
vn 0.524902 0.654785 -0.543213
vn 0.524902 0.654785 -0.543213
vn 0.524902 0.654785 -0.543213
vn 0.524902 0.654785 -0.543213
vn 0.524902 0.654785 -0.543213
vn -0.748291 0.659424 0.070557
vn -0.748291 0.659424 0.070557
vn -0.748291 0.659424 0.070557
vn -0.748291 0.659424 0.070557
vn -0.748291 0.659424 0.070557
vn -0.748291 0.659424 0.070557
vn 0.512939 0.647461 -0.563232
vn 0.512939 0.647461 -0.563232
vn 0.512939 0.647461 -0.563232
vn 0.512939 0.647461 -0.563232
vn 0.512939 0.647461 -0.563232
vn 0.512939 0.647461 -0.563232
vn -0.766113 0.641113 0.038574
vn -0.766113 0.641113 0.038574
vn -0.766113 0.641113 0.038574
vn -0.766113 0.641113 0.038574
vn -0.766113 0.641113 0.038574
vn -0.766113 0.641113 0.038574
vn 0.493652 0.641357 -0.586914
vn 0.493652 0.641357 -0.586914
vn 0.493652 0.641357 -0.586914
vn 0.493652 0.641357 -0.586914
vn 0.493652 0.641357 -0.586914
vn 0.493652 0.641357 -0.586914
vn -0.782471 0.622070 0.021729
vn -0.782471 0.622070 0.021729
vn -0.782471 0.622070 0.021729
vn -0.782471 0.622070 0.021729
vn -0.782471 0.622070 0.021729
vn -0.782471 0.622070 0.021729
vn 0.464355 0.638428 -0.613525
vn 0.464355 0.638428 -0.613525
vn 0.464355 0.638428 -0.613525
vn 0.464355 0.638428 -0.613525
vn 0.464355 0.638428 -0.613525
vn 0.464355 0.638428 -0.613525
vn -0.800293 0.598877 0.019775
vn -0.800293 0.598877 0.019775
vn -0.800293 0.598877 0.019775
vn -0.800293 0.598877 0.019775
vn -0.800293 0.598877 0.019775
vn -0.800293 0.598877 0.019775
vn 0.420166 0.638672 -0.644287
vn 0.420166 0.638672 -0.644287
vn 0.420166 0.638672 -0.644287
vn 0.420166 0.638672 -0.644287
vn 0.420166 0.638672 -0.644287
vn 0.420166 0.638672 -0.644287
vn -0.820312 0.570557 0.037109
vn -0.820312 0.570557 0.037109
vn -0.820312 0.570557 0.037109
vn -0.820312 0.570557 0.037109
vn -0.820312 0.570557 0.037109
vn -0.820312 0.570557 0.037109
vn 0.354980 0.644531 -0.676758
vn 0.354980 0.644531 -0.676758
vn 0.354980 0.644531 -0.676758
vn 0.354980 0.644531 -0.676758
vn 0.354980 0.644531 -0.676758
vn 0.354980 0.644531 -0.676758
vn -0.842529 0.532227 0.080322
vn -0.842529 0.532227 0.080322
vn -0.842529 0.532227 0.080322
vn -0.842529 0.532227 0.080322
vn -0.842529 0.532227 0.080322
vn -0.842529 0.532227 0.080322
vn 0.259521 0.658447 -0.706055
vn 0.259521 0.658447 -0.706055
vn 0.259521 0.658447 -0.706055
vn 0.259521 0.658447 -0.706055
vn 0.259521 0.658447 -0.706055
vn 0.259521 0.658447 -0.706055
vn -0.863525 0.477051 0.162598
vn -0.863525 0.477051 0.162598
vn -0.863525 0.477051 0.162598
vn -0.863525 0.477051 0.162598
vn -0.863525 0.477051 0.162598
vn -0.863525 0.477051 0.162598
vn 0.139160 0.659912 -0.738037
vn 0.139160 0.659912 -0.738037
vn 0.139160 0.659912 -0.738037
vn 0.139160 0.659912 -0.738037
vn 0.139160 0.659912 -0.738037
vn 0.139160 0.659912 -0.738037
vn -0.827393 0.473633 0.301025
vn -0.827393 0.473633 0.301025
vn -0.827393 0.473633 0.301025
vn -0.827393 0.473633 0.301025
vn -0.827393 0.473633 0.301025
vn -0.827393 0.473633 0.301025
vn 0.053223 0.658447 -0.750488
vn 0.053223 0.658447 -0.750488
vn 0.053223 0.658447 -0.750488
vn 0.053223 0.658447 -0.750488
vn 0.053223 0.658447 -0.750488
vn 0.053223 0.658447 -0.750488
vn -0.706055 0.551025 0.444336
vn -0.706055 0.551025 0.444336
vn -0.706055 0.551025 0.444336
vn -0.706055 0.551025 0.444336
vn -0.706055 0.551025 0.444336
vn -0.706055 0.551025 0.444336
vn 0.016113 0.675781 -0.736816
vn 0.016113 0.675781 -0.736816
vn 0.016113 0.675781 -0.736816
vn 0.016113 0.675781 -0.736816
vn 0.016113 0.675781 -0.736816
vn 0.016113 0.675781 -0.736816
vn -0.585205 0.600342 0.544678
vn -0.585205 0.600342 0.544678
vn -0.585205 0.600342 0.544678
vn -0.585205 0.600342 0.544678
vn -0.585205 0.600342 0.544678
vn -0.585205 0.600342 0.544678
vn -0.006104 0.689697 -0.723877
vn -0.006104 0.689697 -0.723877
vn -0.006104 0.689697 -0.723877
vn -0.006104 0.689697 -0.723877
vn -0.006104 0.689697 -0.723877
vn -0.006104 0.689697 -0.723877
vn -0.450439 0.642334 0.619629
vn -0.450439 0.642334 0.619629
vn -0.450439 0.642334 0.619629
vn -0.450439 0.642334 0.619629
vn -0.450439 0.642334 0.619629
vn -0.450439 0.642334 0.619629
vn -0.017334 0.699463 -0.714111
vn -0.017334 0.699463 -0.714111
vn -0.017334 0.699463 -0.714111
vn -0.017334 0.699463 -0.714111
vn -0.017334 0.699463 -0.714111
vn -0.017334 0.699463 -0.714111
vn -0.313721 0.673584 0.668945
vn -0.313721 0.673584 0.668945
vn -0.313721 0.673584 0.668945
vn -0.313721 0.673584 0.668945
vn -0.313721 0.673584 0.668945
vn -0.313721 0.673584 0.668945
vn -0.020996 0.705078 -0.708496
vn -0.020996 0.705078 -0.708496
vn -0.020996 0.705078 -0.708496
vn -0.020996 0.705078 -0.708496
vn -0.020996 0.705078 -0.708496
vn -0.020996 0.705078 -0.708496
vn -0.183350 0.693848 0.696045
vn -0.183350 0.693848 0.696045
vn -0.183350 0.693848 0.696045
vn -0.183350 0.693848 0.696045
vn -0.183350 0.693848 0.696045
vn -0.183350 0.693848 0.696045
vn -0.018555 0.707031 -0.706543
vn -0.018555 0.707031 -0.706543
vn -0.018555 0.707031 -0.706543
vn -0.018555 0.707031 -0.706543
vn -0.018555 0.707031 -0.706543
vn -0.018555 0.707031 -0.706543
vn -0.061768 0.705811 0.705322
vn -0.061768 0.705811 0.705322
vn -0.061768 0.705811 0.705322
vn -0.061768 0.705811 0.705322
vn -0.061768 0.705811 0.705322
vn -0.061768 0.705811 0.705322
vn 0.029297 0.708008 -0.705322
vn 0.029297 0.708008 -0.705322
vn 0.029297 0.708008 -0.705322
vn 0.029297 0.708008 -0.705322
vn 0.029297 0.708008 -0.705322
vn 0.029297 0.708008 -0.705322
vn 0.017822 0.706299 0.707520
vn 0.017822 0.706299 0.707520
vn 0.017822 0.706299 0.707520
vn 0.017822 0.706299 0.707520
vn 0.017822 0.706299 0.707520
vn 0.017822 0.706299 0.707520
vn 0.090332 0.703369 -0.704834
vn 0.090332 0.703369 -0.704834
vn 0.090332 0.703369 -0.704834
vn 0.090332 0.703369 -0.704834
vn 0.090332 0.703369 -0.704834
vn 0.090332 0.703369 -0.704834
vn 0.052734 0.703369 0.708496
vn 0.052734 0.703369 0.708496
vn 0.052734 0.703369 0.708496
vn 0.052734 0.703369 0.708496
vn 0.052734 0.703369 0.708496
vn 0.052734 0.703369 0.708496
vn 0.099365 0.702148 -0.704834
vn 0.099365 0.702148 -0.704834
vn 0.099365 0.702148 -0.704834
vn 0.099365 0.702148 -0.704834
vn 0.099365 0.702148 -0.704834
vn 0.099365 0.702148 -0.704834
vn 0.063721 0.702393 0.708740
vn 0.063721 0.702393 0.708740
vn 0.063721 0.702393 0.708740
vn 0.063721 0.702393 0.708740
vn 0.063721 0.702393 0.708740
vn 0.063721 0.702393 0.708740
vn 0.104492 0.701172 -0.705078
vn 0.104492 0.701172 -0.705078
vn 0.104492 0.701172 -0.705078
vn 0.104492 0.701172 -0.705078
vn 0.104492 0.701172 -0.705078
vn 0.104492 0.701172 -0.705078
vn 0.073242 0.701660 0.708496
vn 0.073242 0.701660 0.708496
vn 0.073242 0.701660 0.708496
vn 0.073242 0.701660 0.708496
vn 0.073242 0.701660 0.708496
vn 0.073242 0.701660 0.708496
vn 0.108643 0.700195 -0.705322
vn 0.108643 0.700195 -0.705322
vn 0.108643 0.700195 -0.705322
vn 0.108643 0.700195 -0.705322
vn 0.108643 0.700195 -0.705322
vn 0.108643 0.700195 -0.705322
vn 0.083008 0.700684 0.708252
vn 0.083008 0.700684 0.708252
vn 0.083008 0.700684 0.708252
vn 0.083008 0.700684 0.708252
vn 0.083008 0.700684 0.708252
vn 0.083008 0.700684 0.708252
vn 0.112549 0.698975 -0.706055
vn 0.112549 0.698975 -0.706055
vn 0.112549 0.698975 -0.706055
vn 0.112549 0.698975 -0.706055
vn 0.112549 0.698975 -0.706055
vn 0.112549 0.698975 -0.706055
vn 0.094238 0.699707 0.707764
vn 0.094238 0.699707 0.707764
vn 0.094238 0.699707 0.707764
vn 0.094238 0.699707 0.707764
vn 0.094238 0.699707 0.707764
vn 0.094238 0.699707 0.707764
vn 0.116455 0.697510 -0.706787
vn 0.116455 0.697510 -0.706787
vn 0.116455 0.697510 -0.706787
vn 0.116455 0.697510 -0.706787
vn 0.116455 0.697510 -0.706787
vn 0.116455 0.697510 -0.706787
vn 0.108154 0.698486 0.707031
vn 0.108154 0.698486 0.707031
vn 0.108154 0.698486 0.707031
vn 0.108154 0.698486 0.707031
vn 0.108154 0.698486 0.707031
vn 0.108154 0.698486 0.707031
vn 0.121338 0.695312 -0.708252
vn 0.121338 0.695312 -0.708252
vn 0.121338 0.695312 -0.708252
vn 0.121338 0.695312 -0.708252
vn 0.121338 0.695312 -0.708252
vn 0.121338 0.695312 -0.708252
vn 0.126709 0.697021 0.705566
vn 0.126709 0.697021 0.705566
vn 0.126709 0.697021 0.705566
vn 0.126709 0.697021 0.705566
vn 0.126709 0.697021 0.705566
vn 0.126709 0.697021 0.705566
vn 0.126221 0.691650 -0.710938
vn 0.126221 0.691650 -0.710938
vn 0.126221 0.691650 -0.710938
vn 0.126221 0.691650 -0.710938
vn 0.126221 0.691650 -0.710938
vn 0.126221 0.691650 -0.710938
vn 0.153320 0.694580 0.702637
vn 0.153320 0.694580 0.702637
vn 0.153320 0.694580 0.702637
vn 0.153320 0.694580 0.702637
vn 0.153320 0.694580 0.702637
vn 0.153320 0.694580 0.702637
vn 0.131592 0.683594 -0.717529
vn 0.131592 0.683594 -0.717529
vn 0.131592 0.683594 -0.717529
vn 0.131592 0.683594 -0.717529
vn 0.131592 0.683594 -0.717529
vn 0.131592 0.683594 -0.717529
vn 0.202393 0.690918 0.693604
vn 0.202393 0.690918 0.693604
vn 0.202393 0.690918 0.693604
vn 0.202393 0.690918 0.693604
vn 0.202393 0.690918 0.693604
vn 0.202393 0.690918 0.693604
vn 0.141113 0.665039 -0.733154
vn 0.141113 0.665039 -0.733154
vn 0.141113 0.665039 -0.733154
vn 0.141113 0.665039 -0.733154
vn 0.141113 0.665039 -0.733154
vn 0.141113 0.665039 -0.733154
vn 0.312988 0.673584 0.669189
vn 0.312988 0.673584 0.669189
vn 0.312988 0.673584 0.669189
vn 0.312988 0.673584 0.669189
vn 0.312988 0.673584 0.669189
vn 0.312988 0.673584 0.669189
vn 0.160645 0.655029 -0.738281
vn 0.160645 0.655029 -0.738281
vn 0.160645 0.655029 -0.738281
vn 0.160645 0.655029 -0.738281
vn 0.160645 0.655029 -0.738281
vn 0.160645 0.655029 -0.738281
vn 0.362305 0.656494 0.661377
vn 0.362305 0.656494 0.661377
vn 0.362305 0.656494 0.661377
vn 0.362305 0.656494 0.661377
vn 0.362305 0.656494 0.661377
vn 0.362305 0.656494 0.661377
vn 0.132812 0.656982 -0.741943
vn 0.132812 0.656982 -0.741943
vn 0.132812 0.656982 -0.741943
vn 0.132812 0.656982 -0.741943
vn 0.132812 0.656982 -0.741943
vn 0.132812 0.656982 -0.741943
vn 0.369629 0.661621 0.652100
vn 0.369629 0.661621 0.652100
vn 0.369629 0.661621 0.652100
vn 0.369629 0.661621 0.652100
vn 0.369629 0.661621 0.652100
vn 0.369629 0.661621 0.652100
vn 0.099121 0.653809 -0.749756
vn 0.099121 0.653809 -0.749756
vn 0.099121 0.653809 -0.749756
vn 0.099121 0.653809 -0.749756
vn 0.099121 0.653809 -0.749756
vn 0.099121 0.653809 -0.749756
vn 0.403809 0.662109 0.631104
vn 0.403809 0.662109 0.631104
vn 0.403809 0.662109 0.631104
vn 0.403809 0.662109 0.631104
vn 0.403809 0.662109 0.631104
vn 0.403809 0.662109 0.631104
vn 0.052002 0.645996 -0.761475
vn 0.052002 0.645996 -0.761475
vn 0.052002 0.645996 -0.761475
vn 0.052002 0.645996 -0.761475
vn 0.052002 0.645996 -0.761475
vn 0.052002 0.645996 -0.761475
vn 0.467041 0.657959 0.590332
vn 0.467041 0.657959 0.590332
vn 0.467041 0.657959 0.590332
vn 0.467041 0.657959 0.590332
vn 0.467041 0.657959 0.590332
vn 0.467041 0.657959 0.590332
vn -0.022217 0.631104 -0.775146
vn -0.022217 0.631104 -0.775146
vn -0.022217 0.631104 -0.775146
vn -0.022217 0.631104 -0.775146
vn -0.022217 0.631104 -0.775146
vn -0.022217 0.631104 -0.775146
vn 0.566406 0.646729 0.510498
vn 0.566406 0.646729 0.510498
vn 0.566406 0.646729 0.510498
vn 0.566406 0.646729 0.510498
vn 0.566406 0.646729 0.510498
vn 0.566406 0.646729 0.510498
vn -0.150391 0.606201 -0.780762
vn -0.150391 0.606201 -0.780762
vn -0.150391 0.606201 -0.780762
vn -0.150391 0.606201 -0.780762
vn -0.150391 0.606201 -0.780762
vn -0.150391 0.606201 -0.780762
vn 0.706787 0.617920 0.343750
vn 0.706787 0.617920 0.343750
vn 0.706787 0.617920 0.343750
vn 0.706787 0.617920 0.343750
vn 0.706787 0.617920 0.343750
vn 0.706787 0.617920 0.343750
vn -0.311279 0.591064 -0.743896
vn -0.311279 0.591064 -0.743896
vn -0.311279 0.591064 -0.743896
vn -0.311279 0.591064 -0.743896
vn -0.311279 0.591064 -0.743896
vn -0.311279 0.591064 -0.743896
vn 0.812500 0.572266 0.110352
vn 0.812500 0.572266 0.110352
vn 0.812500 0.572266 0.110352
vn 0.812500 0.572266 0.110352
vn 0.812500 0.572266 0.110352
vn 0.812500 0.572266 0.110352
vn -0.359619 0.619629 -0.697266
vn -0.359619 0.619629 -0.697266
vn -0.359619 0.619629 -0.697266
vn -0.359619 0.619629 -0.697266
vn -0.359619 0.619629 -0.697266
vn -0.359619 0.619629 -0.697266
vn 0.769531 0.620605 0.149170
vn 0.769531 0.620605 0.149170
vn 0.769531 0.620605 0.149170
vn 0.769531 0.620605 0.149170
vn 0.769531 0.620605 0.149170
vn 0.769531 0.620605 0.149170
vn -0.422119 0.647949 -0.633789
vn -0.422119 0.647949 -0.633789
vn -0.422119 0.647949 -0.633789
vn -0.422119 0.647949 -0.633789
vn -0.422119 0.647949 -0.633789
vn -0.422119 0.647949 -0.633789
vn 0.737305 0.652832 0.173340
vn 0.737305 0.652832 0.173340
vn 0.737305 0.652832 0.173340
vn 0.737305 0.652832 0.173340
vn 0.737305 0.652832 0.173340
vn 0.737305 0.652832 0.173340
vn -0.479980 0.663574 -0.573486
vn -0.479980 0.663574 -0.573486
vn -0.479980 0.663574 -0.573486
vn -0.479980 0.663574 -0.573486
vn -0.479980 0.663574 -0.573486
vn -0.479980 0.663574 -0.573486
vn 0.719482 0.672119 0.173828
vn 0.719482 0.672119 0.173828
vn 0.719482 0.672119 0.173828
vn 0.719482 0.672119 0.173828
vn 0.719482 0.672119 0.173828
vn 0.719482 0.672119 0.173828
vn -0.537109 0.672607 -0.508789
vn -0.537109 0.672607 -0.508789
vn -0.537109 0.672607 -0.508789
vn -0.537109 0.672607 -0.508789
vn -0.537109 0.672607 -0.508789
vn -0.537109 0.672607 -0.508789
vn 0.711426 0.685303 0.154053
vn 0.711426 0.685303 0.154053
vn 0.711426 0.685303 0.154053
vn 0.711426 0.685303 0.154053
vn 0.711426 0.685303 0.154053
vn 0.711426 0.685303 0.154053
vn -0.597656 0.677246 -0.428467
vn -0.597656 0.677246 -0.428467
vn -0.597656 0.677246 -0.428467
vn -0.597656 0.677246 -0.428467
vn -0.597656 0.677246 -0.428467
vn -0.597656 0.677246 -0.428467
vn 0.710205 0.695068 0.110107
vn 0.710205 0.695068 0.110107
vn 0.710205 0.695068 0.110107
vn 0.710205 0.695068 0.110107
vn 0.710205 0.695068 0.110107
vn 0.710205 0.695068 0.110107
vn -0.663574 0.678223 -0.315430
vn -0.663574 0.678223 -0.315430
vn -0.663574 0.678223 -0.315430
vn -0.663574 0.678223 -0.315430
vn -0.663574 0.678223 -0.315430
vn -0.663574 0.678223 -0.315430
vn 0.709717 0.703613 0.031982
vn 0.709717 0.703613 0.031982
vn 0.709717 0.703613 0.031982
vn 0.709717 0.703613 0.031982
vn 0.709717 0.703613 0.031982
vn 0.709717 0.703613 0.031982
vn -0.706787 0.688965 -0.159912
vn -0.706787 0.688965 -0.159912
vn -0.706787 0.688965 -0.159912
vn -0.706787 0.688965 -0.159912
vn -0.706787 0.688965 -0.159912
vn -0.706787 0.688965 -0.159912
vn 0.705078 0.705078 -0.073486
vn 0.705078 0.705078 -0.073486
vn 0.705078 0.705078 -0.073486
vn 0.705078 0.705078 -0.073486
vn 0.705078 0.705078 -0.073486
vn 0.705078 0.705078 -0.073486
vn -0.709229 0.704590 -0.012207
vn -0.709229 0.704590 -0.012207
vn -0.709229 0.704590 -0.012207
vn -0.709229 0.704590 -0.012207
vn -0.709229 0.704590 -0.012207
vn -0.709229 0.704590 -0.012207
vn 0.703857 0.706299 -0.075195
vn 0.703857 0.706299 -0.075195
vn 0.703857 0.706299 -0.075195
vn 0.703857 0.706299 -0.075195
vn 0.703857 0.706299 -0.075195
vn 0.703857 0.706299 -0.075195
vn -0.706055 0.704590 0.067627
vn -0.706055 0.704590 0.067627
vn -0.706055 0.704590 0.067627
vn -0.706055 0.704590 0.067627
vn -0.706055 0.704590 0.067627
vn -0.706055 0.704590 0.067627
vn 0.707764 0.704346 -0.050293
vn 0.707764 0.704346 -0.050293
vn 0.707764 0.704346 -0.050293
vn 0.707764 0.704346 -0.050293
vn 0.707764 0.704346 -0.050293
vn 0.707764 0.704346 -0.050293
vn -0.703125 0.701660 0.114746
vn -0.703125 0.701660 0.114746
vn -0.703125 0.701660 0.114746
vn -0.703125 0.701660 0.114746
vn -0.703125 0.701660 0.114746
vn -0.703125 0.701660 0.114746
vn 0.712891 0.699707 -0.043457
vn 0.712891 0.699707 -0.043457
vn 0.712891 0.699707 -0.043457
vn 0.712891 0.699707 -0.043457
vn 0.712891 0.699707 -0.043457
vn 0.712891 0.699707 -0.043457
vn -0.701416 0.696777 0.149414
vn -0.701416 0.696777 0.149414
vn -0.701416 0.696777 0.149414
vn -0.701416 0.696777 0.149414
vn -0.701416 0.696777 0.149414
vn -0.701416 0.696777 0.149414
vn 0.717529 0.694580 -0.047852
vn 0.717529 0.694580 -0.047852
vn 0.717529 0.694580 -0.047852
vn 0.717529 0.694580 -0.047852
vn 0.717529 0.694580 -0.047852
vn 0.717529 0.694580 -0.047852
vn -0.699951 0.691406 0.177246
vn -0.699951 0.691406 0.177246
vn -0.699951 0.691406 0.177246
vn -0.699951 0.691406 0.177246
vn -0.699951 0.691406 0.177246
vn -0.699951 0.691406 0.177246
vn 0.722656 0.688477 -0.058838
vn 0.722656 0.688477 -0.058838
vn 0.722656 0.688477 -0.058838
vn 0.722656 0.688477 -0.058838
vn 0.722656 0.688477 -0.058838
vn 0.722656 0.688477 -0.058838
vn -0.698486 0.686035 0.202881
vn -0.698486 0.686035 0.202881
vn -0.698486 0.686035 0.202881
vn -0.698486 0.686035 0.202881
vn -0.698486 0.686035 0.202881
vn -0.698486 0.686035 0.202881
vn 0.727295 0.681641 -0.078857
vn 0.727295 0.681641 -0.078857
vn 0.727295 0.681641 -0.078857
vn 0.727295 0.681641 -0.078857
vn 0.727295 0.681641 -0.078857
vn 0.727295 0.681641 -0.078857
vn -0.696289 0.679932 0.229492
vn -0.696289 0.679932 0.229492
vn -0.696289 0.679932 0.229492
vn -0.696289 0.679932 0.229492
vn -0.696289 0.679932 0.229492
vn -0.696289 0.679932 0.229492
vn 0.729492 0.674316 -0.112305
vn 0.729492 0.674316 -0.112305
vn 0.729492 0.674316 -0.112305
vn 0.729492 0.674316 -0.112305
vn 0.729492 0.674316 -0.112305
vn 0.729492 0.674316 -0.112305
vn -0.691650 0.672119 0.263428
vn -0.691650 0.672119 0.263428
vn -0.691650 0.672119 0.263428
vn -0.691650 0.672119 0.263428
vn -0.691650 0.672119 0.263428
vn -0.691650 0.672119 0.263428
vn 0.725830 0.666748 -0.168213
vn 0.725830 0.666748 -0.168213
vn 0.725830 0.666748 -0.168213
vn 0.725830 0.666748 -0.168213
vn 0.725830 0.666748 -0.168213
vn 0.725830 0.666748 -0.168213
vn -0.664795 0.659912 0.349365
vn -0.664795 0.659912 0.349365
vn -0.664795 0.659912 0.349365
vn -0.664795 0.659912 0.349365
vn -0.664795 0.659912 0.349365
vn -0.664795 0.659912 0.349365
vn 0.699219 0.653809 -0.288330
vn 0.699219 0.653809 -0.288330
vn 0.699219 0.653809 -0.288330
vn 0.699219 0.653809 -0.288330
vn 0.699219 0.653809 -0.288330
vn 0.699219 0.653809 -0.288330
vn -0.591064 0.654053 0.471680
vn -0.591064 0.654053 0.471680
vn -0.591064 0.654053 0.471680
vn -0.591064 0.654053 0.471680
vn -0.591064 0.654053 0.471680
vn -0.591064 0.654053 0.471680
vn 0.617920 0.652588 -0.437988
vn 0.617920 0.652588 -0.437988
vn 0.617920 0.652588 -0.437988
vn 0.617920 0.652588 -0.437988
vn 0.617920 0.652588 -0.437988
vn 0.617920 0.652588 -0.437988
vn -0.552246 0.645020 0.527832
vn -0.552246 0.645020 0.527832
vn -0.552246 0.645020 0.527832
vn -0.552246 0.645020 0.527832
vn -0.552246 0.645020 0.527832
vn -0.552246 0.645020 0.527832
vn 0.580322 0.644043 -0.498047
vn 0.580322 0.644043 -0.498047
vn 0.580322 0.644043 -0.498047
vn 0.580322 0.644043 -0.498047
vn 0.580322 0.644043 -0.498047
vn 0.580322 0.644043 -0.498047
vn -0.534668 0.634521 0.557861
vn -0.534668 0.634521 0.557861
vn -0.534668 0.634521 0.557861
vn -0.534668 0.634521 0.557861
vn -0.534668 0.634521 0.557861
vn -0.534668 0.634521 0.557861
vn 0.563477 0.634277 -0.528809
vn 0.563477 0.634277 -0.528809
vn 0.563477 0.634277 -0.528809
vn 0.563477 0.634277 -0.528809
vn 0.563477 0.634277 -0.528809
vn 0.563477 0.634277 -0.528809
vn -0.529785 0.623535 0.574707
vn -0.529785 0.623535 0.574707
vn -0.529785 0.623535 0.574707
vn -0.529785 0.623535 0.574707
vn -0.529785 0.623535 0.574707
vn -0.529785 0.623535 0.574707
vn 0.559570 0.623535 -0.545410
vn 0.559570 0.623535 -0.545410
vn 0.559570 0.623535 -0.545410
vn 0.559570 0.623535 -0.545410
vn 0.559570 0.623535 -0.545410
vn 0.559570 0.623535 -0.545410
vn -0.533691 0.612305 0.583008
vn -0.533691 0.612305 0.583008
vn -0.533691 0.612305 0.583008
vn -0.533691 0.612305 0.583008
vn -0.533691 0.612305 0.583008
vn -0.533691 0.612305 0.583008
vn 0.563965 0.612305 -0.553711
vn 0.563965 0.612305 -0.553711
vn 0.563965 0.612305 -0.553711
vn 0.563965 0.612305 -0.553711
vn 0.563965 0.612305 -0.553711
vn 0.563965 0.612305 -0.553711
vn -0.545654 0.600586 0.584229
vn -0.545654 0.600586 0.584229
vn -0.545654 0.600586 0.584229
vn -0.545654 0.600586 0.584229
vn -0.545654 0.600586 0.584229
vn -0.545654 0.600586 0.584229
vn 0.575439 0.600830 -0.554443
vn 0.575439 0.600830 -0.554443
vn 0.575439 0.600830 -0.554443
vn 0.575439 0.600830 -0.554443
vn 0.575439 0.600830 -0.554443
vn 0.575439 0.600830 -0.554443
vn -0.566406 0.588623 0.576416
vn -0.566406 0.588623 0.576416
vn -0.566406 0.588623 0.576416
vn -0.566406 0.588623 0.576416
vn -0.566406 0.588623 0.576416
vn -0.566406 0.588623 0.576416
vn 0.595215 0.589355 -0.546143
vn 0.595215 0.589355 -0.546143
vn 0.595215 0.589355 -0.546143
vn 0.595215 0.589355 -0.546143
vn 0.595215 0.589355 -0.546143
vn 0.595215 0.589355 -0.546143
vn -0.598389 0.576416 0.556152
vn -0.598389 0.576416 0.556152
vn -0.598389 0.576416 0.556152
vn -0.598389 0.576416 0.556152
vn -0.598389 0.576416 0.556152
vn -0.598389 0.576416 0.556152
vn 0.625732 0.577637 -0.523926
vn 0.625732 0.577637 -0.523926
vn 0.625732 0.577637 -0.523926
vn 0.625732 0.577637 -0.523926
vn 0.625732 0.577637 -0.523926
vn 0.625732 0.577637 -0.523926
vn -0.647705 0.562500 0.513428
vn -0.647705 0.562500 0.513428
vn -0.647705 0.562500 0.513428
vn -0.647705 0.562500 0.513428
vn -0.647705 0.562500 0.513428
vn -0.647705 0.562500 0.513428
vn -0.721680 0.549561 0.420410
vn -0.721680 0.549561 0.420410
vn -0.721680 0.549561 0.420410
vn -0.721680 0.549561 0.420410
vn -0.721680 0.549561 0.420410
vn -0.721680 0.549561 0.420410
vn -0.791260 0.538330 0.289551
vn -0.791260 0.538330 0.289551
vn -0.791260 0.538330 0.289551
vn -0.791260 0.538330 0.289551
vn -0.791260 0.538330 0.289551
vn -0.791260 0.538330 0.289551
vn -0.837402 0.529053 0.135498
vn -0.837402 0.529053 0.135498
vn -0.837402 0.529053 0.135498
vn -0.837402 0.529053 0.135498
vn -0.837402 0.529053 0.135498
vn -0.837402 0.529053 0.135498
vn -0.852051 0.522461 -0.026123
vn -0.852051 0.522461 -0.026123
vn -0.852051 0.522461 -0.026123
vn -0.852051 0.522461 -0.026123
vn -0.852051 0.522461 -0.026123
vn -0.852051 0.522461 -0.026123
vn -0.836426 0.517822 -0.178955
vn -0.836426 0.517822 -0.178955
vn -0.836426 0.517822 -0.178955
vn -0.836426 0.517822 -0.178955
vn -0.836426 0.517822 -0.178955
vn -0.836426 0.517822 -0.178955
vn -0.797363 0.514893 -0.314209
vn -0.797363 0.514893 -0.314209
vn -0.797363 0.514893 -0.314209
vn -0.797363 0.514893 -0.314209
vn -0.797363 0.514893 -0.314209
vn -0.797363 0.514893 -0.314209
vn -0.741699 0.512939 -0.431641
vn -0.741699 0.512939 -0.431641
vn -0.741699 0.512939 -0.431641
vn -0.741699 0.512939 -0.431641
vn -0.741699 0.512939 -0.431641
vn -0.741699 0.512939 -0.431641
vn 0.627441 0.693848 0.353271
vn 0.627441 0.693848 0.353271
vn 0.627441 0.693848 0.353271
vn 0.627441 0.693848 0.353271
vn 0.627441 0.693848 0.353271
vn 0.627441 0.693848 0.353271
vn -0.613037 0.724365 -0.314941
vn -0.613037 0.724365 -0.314941
vn -0.613037 0.724365 -0.314941
vn -0.613037 0.724365 -0.314941
vn -0.613037 0.724365 -0.314941
vn -0.613037 0.724365 -0.314941
vn 0.649902 0.670410 0.357178
vn 0.649902 0.670410 0.357178
vn 0.649902 0.670410 0.357178
vn 0.649902 0.670410 0.357178
vn 0.649902 0.670410 0.357178
vn 0.649902 0.670410 0.357178
vn -0.717529 0.696289 0.004639
vn -0.717529 0.696289 0.004639
vn -0.717529 0.696289 0.004639
vn -0.717529 0.696289 0.004639
vn -0.717529 0.696289 0.004639
vn -0.717529 0.696289 0.004639
vn 0.669678 0.652588 0.354004
vn 0.669678 0.652588 0.354004
vn 0.669678 0.652588 0.354004
vn 0.669678 0.652588 0.354004
vn 0.669678 0.652588 0.354004
vn 0.669678 0.652588 0.354004
vn -0.729492 0.666016 0.154053
vn -0.729492 0.666016 0.154053
vn -0.729492 0.666016 0.154053
vn -0.729492 0.666016 0.154053
vn -0.729492 0.666016 0.154053
vn -0.729492 0.666016 0.154053
vn 0.684570 0.640625 0.347168
vn 0.684570 0.640625 0.347168
vn 0.684570 0.640625 0.347168
vn 0.684570 0.640625 0.347168
vn 0.684570 0.640625 0.347168
vn 0.684570 0.640625 0.347168
vn -0.724609 0.648193 0.232910
vn -0.724609 0.648193 0.232910
vn -0.724609 0.648193 0.232910
vn -0.724609 0.648193 0.232910
vn -0.724609 0.648193 0.232910
vn -0.724609 0.648193 0.232910
vn 0.695312 0.633545 0.338867
vn 0.695312 0.633545 0.338867
vn 0.695312 0.633545 0.338867
vn 0.695312 0.633545 0.338867
vn 0.695312 0.633545 0.338867
vn 0.695312 0.633545 0.338867
vn -0.717285 0.637939 0.279297
vn -0.717285 0.637939 0.279297
vn -0.717285 0.637939 0.279297
vn -0.717285 0.637939 0.279297
vn -0.717285 0.637939 0.279297
vn -0.717285 0.637939 0.279297
vn 0.702881 0.629395 0.330811
vn 0.702881 0.629395 0.330811
vn 0.702881 0.629395 0.330811
vn 0.702881 0.629395 0.330811
vn 0.702881 0.629395 0.330811
vn 0.702881 0.629395 0.330811
vn -0.710938 0.632324 0.307373
vn -0.710938 0.632324 0.307373
vn -0.710938 0.632324 0.307373
vn -0.710938 0.632324 0.307373
vn -0.710938 0.632324 0.307373
vn -0.710938 0.632324 0.307373
vn 0.708008 0.627930 0.322998
vn 0.708008 0.627930 0.322998
vn 0.708008 0.627930 0.322998
vn 0.708008 0.627930 0.322998
vn 0.708008 0.627930 0.322998
vn 0.708008 0.627930 0.322998
vn -0.706055 0.629639 0.323486
vn -0.706055 0.629639 0.323486
vn -0.706055 0.629639 0.323486
vn -0.706055 0.629639 0.323486
vn -0.706055 0.629639 0.323486
vn -0.706055 0.629639 0.323486
vn 0.710938 0.628174 0.315430
vn 0.710938 0.628174 0.315430
vn 0.710938 0.628174 0.315430
vn 0.710938 0.628174 0.315430
vn 0.710938 0.628174 0.315430
vn 0.710938 0.628174 0.315430
vn -0.702881 0.629150 0.331055
vn -0.702881 0.629150 0.331055
vn -0.702881 0.629150 0.331055
vn -0.702881 0.629150 0.331055
vn -0.702881 0.629150 0.331055
vn -0.702881 0.629150 0.331055
vn 0.712402 0.630127 0.308105
vn 0.712402 0.630127 0.308105
vn 0.712402 0.630127 0.308105
vn 0.712402 0.630127 0.308105
vn 0.712402 0.630127 0.308105
vn 0.712402 0.630127 0.308105
vn -0.701416 0.630615 0.331787
vn -0.701416 0.630615 0.331787
vn -0.701416 0.630615 0.331787
vn -0.701416 0.630615 0.331787
vn -0.701416 0.630615 0.331787
vn -0.701416 0.630615 0.331787
vn 0.712158 0.633789 0.301025
vn 0.712158 0.633789 0.301025
vn 0.712158 0.633789 0.301025
vn 0.712158 0.633789 0.301025
vn 0.712158 0.633789 0.301025
vn 0.712158 0.633789 0.301025
vn -0.701660 0.633545 0.325684
vn -0.701660 0.633545 0.325684
vn -0.701660 0.633545 0.325684
vn -0.701660 0.633545 0.325684
vn -0.701660 0.633545 0.325684
vn -0.701660 0.633545 0.325684
vn 0.710938 0.638916 0.292725
vn 0.710938 0.638916 0.292725
vn 0.710938 0.638916 0.292725
vn 0.710938 0.638916 0.292725
vn 0.710938 0.638916 0.292725
vn 0.710938 0.638916 0.292725
vn -0.702637 0.637939 0.314453
vn -0.702637 0.637939 0.314453
vn -0.702637 0.637939 0.314453
vn -0.702637 0.637939 0.314453
vn -0.702637 0.637939 0.314453
vn -0.702637 0.637939 0.314453
vn 0.708252 0.645752 0.284668
vn 0.708252 0.645752 0.284668
vn 0.708252 0.645752 0.284668
vn 0.708252 0.645752 0.284668
vn 0.708252 0.645752 0.284668
vn 0.708252 0.645752 0.284668
vn -0.705322 0.644043 0.295166
vn -0.705322 0.644043 0.295166
vn -0.705322 0.644043 0.295166
vn -0.705322 0.644043 0.295166
vn -0.705322 0.644043 0.295166
vn -0.705322 0.644043 0.295166
vn 0.704346 0.654297 0.274902
vn 0.704346 0.654297 0.274902
vn 0.704346 0.654297 0.274902
vn 0.704346 0.654297 0.274902
vn 0.704346 0.654297 0.274902
vn 0.704346 0.654297 0.274902
vn -0.709229 0.651611 0.268311
vn -0.709229 0.651611 0.268311
vn -0.709229 0.651611 0.268311
vn -0.709229 0.651611 0.268311
vn -0.709229 0.651611 0.268311
vn -0.709229 0.651611 0.268311
vn 0.699219 0.664795 0.262451
vn 0.699219 0.664795 0.262451
vn 0.699219 0.664795 0.262451
vn 0.699219 0.664795 0.262451
vn 0.699219 0.664795 0.262451
vn 0.699219 0.664795 0.262451
vn -0.713867 0.660645 0.231689
vn -0.713867 0.660645 0.231689
vn -0.713867 0.660645 0.231689
vn -0.713867 0.660645 0.231689
vn -0.713867 0.660645 0.231689
vn -0.713867 0.660645 0.231689
vn 0.693359 0.677246 0.245850
vn 0.693359 0.677246 0.245850
vn 0.693359 0.677246 0.245850
vn 0.693359 0.677246 0.245850
vn 0.693359 0.677246 0.245850
vn 0.693359 0.677246 0.245850
vn -0.718262 0.671387 0.181641
vn -0.718262 0.671387 0.181641
vn -0.718262 0.671387 0.181641
vn -0.718262 0.671387 0.181641
vn -0.718262 0.671387 0.181641
vn -0.718262 0.671387 0.181641
vn 0.687500 0.691162 0.221680
vn 0.687500 0.691162 0.221680
vn 0.687500 0.691162 0.221680
vn 0.687500 0.691162 0.221680
vn 0.687500 0.691162 0.221680
vn 0.687500 0.691162 0.221680
vn -0.720215 0.684082 0.113770
vn -0.720215 0.684082 0.113770
vn -0.720215 0.684082 0.113770
vn -0.720215 0.684082 0.113770
vn -0.720215 0.684082 0.113770
vn -0.720215 0.684082 0.113770
vn 0.685303 0.704102 0.184570
vn 0.685303 0.704102 0.184570
vn 0.685303 0.704102 0.184570
vn 0.685303 0.704102 0.184570
vn 0.685303 0.704102 0.184570
vn 0.685303 0.704102 0.184570
vn -0.715088 0.698486 0.021240
vn -0.715088 0.698486 0.021240
vn -0.715088 0.698486 0.021240
vn -0.715088 0.698486 0.021240
vn -0.715088 0.698486 0.021240
vn -0.715088 0.698486 0.021240
vn 0.696777 0.705322 0.128662
vn 0.696777 0.705322 0.128662
vn 0.696777 0.705322 0.128662
vn 0.696777 0.705322 0.128662
vn 0.696777 0.705322 0.128662
vn 0.696777 0.705322 0.128662
vn -0.698486 0.706787 -0.110352
vn -0.698486 0.706787 -0.110352
vn -0.698486 0.706787 -0.110352
vn -0.698486 0.706787 -0.110352
vn -0.698486 0.706787 -0.110352
vn -0.698486 0.706787 -0.110352
vn 0.697021 0.700684 0.151611
vn 0.697021 0.700684 0.151611
vn 0.697021 0.700684 0.151611
vn 0.697021 0.700684 0.151611
vn 0.697021 0.700684 0.151611
vn 0.697021 0.700684 0.151611
vn -0.672607 0.709229 -0.210449
vn -0.672607 0.709229 -0.210449
vn -0.672607 0.709229 -0.210449
vn -0.672607 0.709229 -0.210449
vn -0.672607 0.709229 -0.210449
vn -0.672607 0.709229 -0.210449
vn 0.694092 0.694824 0.187256
vn 0.694092 0.694824 0.187256
vn 0.694092 0.694824 0.187256
vn 0.694092 0.694824 0.187256
vn 0.694092 0.694824 0.187256
vn 0.694092 0.694824 0.187256
vn -0.635254 0.710205 -0.302490
vn -0.635254 0.710205 -0.302490
vn -0.635254 0.710205 -0.302490
vn -0.635254 0.710205 -0.302490
vn -0.635254 0.710205 -0.302490
vn -0.635254 0.710205 -0.302490
vn 0.690186 0.688232 0.222656
vn 0.690186 0.688232 0.222656
vn 0.690186 0.688232 0.222656
vn 0.690186 0.688232 0.222656
vn 0.690186 0.688232 0.222656
vn 0.690186 0.688232 0.222656
vn -0.587891 0.709473 -0.387939
vn -0.587891 0.709473 -0.387939
vn -0.587891 0.709473 -0.387939
vn -0.587891 0.709473 -0.387939
vn -0.587891 0.709473 -0.387939
vn -0.587891 0.709473 -0.387939
vn 0.685303 0.681396 0.256592
vn 0.685303 0.681396 0.256592
vn 0.685303 0.681396 0.256592
vn 0.685303 0.681396 0.256592
vn 0.685303 0.681396 0.256592
vn 0.685303 0.681396 0.256592
vn -0.533936 0.706787 -0.463623
vn -0.533936 0.706787 -0.463623
vn -0.533936 0.706787 -0.463623
vn -0.533936 0.706787 -0.463623
vn -0.533936 0.706787 -0.463623
vn -0.533936 0.706787 -0.463623
vn 0.679932 0.674805 0.286621
vn 0.679932 0.674805 0.286621
vn 0.679932 0.674805 0.286621
vn 0.679932 0.674805 0.286621
vn 0.679932 0.674805 0.286621
vn 0.679932 0.674805 0.286621
vn -0.477539 0.701904 -0.528076
vn -0.477539 0.701904 -0.528076
vn -0.477539 0.701904 -0.528076
vn -0.477539 0.701904 -0.528076
vn -0.477539 0.701904 -0.528076
vn -0.477539 0.701904 -0.528076
vn 0.674805 0.668701 0.311279
vn 0.674805 0.668701 0.311279
vn 0.674805 0.668701 0.311279
vn 0.674805 0.668701 0.311279
vn 0.674805 0.668701 0.311279
vn 0.674805 0.668701 0.311279
vn -0.422363 0.694824 -0.581543
vn -0.422363 0.694824 -0.581543
vn -0.422363 0.694824 -0.581543
vn -0.422363 0.694824 -0.581543
vn -0.422363 0.694824 -0.581543
vn -0.422363 0.694824 -0.581543
vn 0.672119 0.663574 0.327881
vn 0.672119 0.663574 0.327881
vn 0.672119 0.663574 0.327881
vn 0.672119 0.663574 0.327881
vn 0.672119 0.663574 0.327881
vn 0.672119 0.663574 0.327881
vn -0.372070 0.685303 -0.625732
vn -0.372070 0.685303 -0.625732
vn -0.372070 0.685303 -0.625732
vn -0.372070 0.685303 -0.625732
vn -0.372070 0.685303 -0.625732
vn -0.372070 0.685303 -0.625732
vn 0.672363 0.660645 0.333496
vn 0.672363 0.660645 0.333496
vn 0.672363 0.660645 0.333496
vn 0.672363 0.660645 0.333496
vn 0.672363 0.660645 0.333496
vn 0.672363 0.660645 0.333496
vn -0.328857 0.671143 -0.664062
vn -0.328857 0.671143 -0.664062
vn -0.328857 0.671143 -0.664062
vn -0.328857 0.671143 -0.664062
vn -0.328857 0.671143 -0.664062
vn -0.328857 0.671143 -0.664062
vn 0.677734 0.660889 0.322021
vn 0.677734 0.660889 0.322021
vn 0.677734 0.660889 0.322021
vn 0.677734 0.660889 0.322021
vn 0.677734 0.660889 0.322021
vn 0.677734 0.660889 0.322021
vn -0.297607 0.647949 -0.700928
vn -0.297607 0.647949 -0.700928
vn -0.297607 0.647949 -0.700928
vn -0.297607 0.647949 -0.700928
vn -0.297607 0.647949 -0.700928
vn -0.297607 0.647949 -0.700928
vn 0.686279 0.671631 0.278564
vn 0.686279 0.671631 0.278564
vn 0.686279 0.671631 0.278564
vn 0.686279 0.671631 0.278564
vn 0.686279 0.671631 0.278564
vn 0.686279 0.671631 0.278564
vn -0.286621 0.594971 -0.750488
vn -0.286621 0.594971 -0.750488
vn -0.286621 0.594971 -0.750488
vn -0.286621 0.594971 -0.750488
vn -0.286621 0.594971 -0.750488
vn -0.286621 0.594971 -0.750488
vn -0.683838 0.722900 0.096436
vn -0.683838 0.722900 0.096436
vn -0.683838 0.722900 0.096436
vn -0.683838 0.722900 0.096436
vn -0.683838 0.722900 0.096436
vn -0.683838 0.722900 0.096436
vn 0.669678 0.739014 0.071289
vn 0.669678 0.739014 0.071289
vn 0.669678 0.739014 0.071289
vn 0.669678 0.739014 0.071289
vn 0.669678 0.739014 0.071289
vn 0.669678 0.739014 0.071289
vn -0.717529 0.693359 -0.062500
vn -0.717529 0.693359 -0.062500
vn -0.717529 0.693359 -0.062500
vn -0.717529 0.693359 -0.062500
vn -0.717529 0.693359 -0.062500
vn -0.717529 0.693359 -0.062500
vn 0.668457 0.706787 0.230957
vn 0.668457 0.706787 0.230957
vn 0.668457 0.706787 0.230957
vn 0.668457 0.706787 0.230957
vn 0.668457 0.706787 0.230957
vn 0.668457 0.706787 0.230957
vn -0.586426 0.706787 -0.394775
vn -0.586426 0.706787 -0.394775
vn -0.586426 0.706787 -0.394775
vn -0.586426 0.706787 -0.394775
vn -0.586426 0.706787 -0.394775
vn -0.586426 0.706787 -0.394775
vn 0.604736 0.706787 0.366455
vn 0.604736 0.706787 0.366455
vn 0.604736 0.706787 0.366455
vn 0.604736 0.706787 0.366455
vn 0.604736 0.706787 0.366455
vn 0.604736 0.706787 0.366455
vn -0.478271 0.705566 -0.522461
vn -0.478271 0.705566 -0.522461
vn -0.478271 0.705566 -0.522461
vn -0.478271 0.705566 -0.522461
vn -0.478271 0.705566 -0.522461
vn -0.478271 0.705566 -0.522461
vn 0.505371 0.706543 0.494873
vn 0.505371 0.706543 0.494873
vn 0.505371 0.706543 0.494873
vn 0.505371 0.706543 0.494873
vn 0.505371 0.706543 0.494873
vn 0.505371 0.706543 0.494873
vn -0.408203 0.705566 -0.578857
vn -0.408203 0.705566 -0.578857
vn -0.408203 0.705566 -0.578857
vn -0.408203 0.705566 -0.578857
vn -0.408203 0.705566 -0.578857
vn -0.408203 0.705566 -0.578857
vn 0.430664 0.707031 0.560547
vn 0.430664 0.707031 0.560547
vn 0.430664 0.707031 0.560547
vn 0.430664 0.707031 0.560547
vn 0.430664 0.707031 0.560547
vn 0.430664 0.707031 0.560547
vn -0.367188 0.707031 -0.604004
vn -0.367188 0.707031 -0.604004
vn -0.367188 0.707031 -0.604004
vn -0.367188 0.707031 -0.604004
vn -0.367188 0.707031 -0.604004
vn -0.367188 0.707031 -0.604004
vn 0.379639 0.706543 0.596924
vn 0.379639 0.706543 0.596924
vn 0.379639 0.706543 0.596924
vn 0.379639 0.706543 0.596924
vn 0.379639 0.706543 0.596924
vn 0.379639 0.706543 0.596924
vn -0.356934 0.707031 -0.610107
vn -0.356934 0.707031 -0.610107
vn -0.356934 0.707031 -0.610107
vn -0.356934 0.707031 -0.610107
vn -0.356934 0.707031 -0.610107
vn -0.356934 0.707031 -0.610107
vn 0.356934 0.706787 0.610352
vn 0.356934 0.706787 0.610352
vn 0.356934 0.706787 0.610352
vn 0.356934 0.706787 0.610352
vn 0.356934 0.706787 0.610352
vn 0.356934 0.706787 0.610352
vn -0.349854 0.707031 -0.614258
vn -0.349854 0.707031 -0.614258
vn -0.349854 0.707031 -0.614258
vn -0.349854 0.707031 -0.614258
vn -0.349854 0.707031 -0.614258
vn -0.349854 0.707031 -0.614258
vn 0.349854 0.706787 0.614502
vn 0.349854 0.706787 0.614502
vn 0.349854 0.706787 0.614502
vn 0.349854 0.706787 0.614502
vn 0.349854 0.706787 0.614502
vn 0.349854 0.706787 0.614502
vn -0.354248 0.707031 -0.611572
vn -0.354248 0.707031 -0.611572
vn -0.354248 0.707031 -0.611572
vn -0.354248 0.707031 -0.611572
vn -0.354248 0.707031 -0.611572
vn -0.354248 0.707031 -0.611572
vn 0.354248 0.706787 0.612061
vn 0.354248 0.706787 0.612061
vn 0.354248 0.706787 0.612061
vn 0.354248 0.706787 0.612061
vn 0.354248 0.706787 0.612061
vn 0.354248 0.706787 0.612061
vn -0.368408 0.707031 -0.603271
vn -0.368408 0.707031 -0.603271
vn -0.368408 0.707031 -0.603271
vn -0.368408 0.707031 -0.603271
vn -0.368408 0.707031 -0.603271
vn -0.368408 0.707031 -0.603271
vn 0.367920 0.706543 0.604004
vn 0.367920 0.706543 0.604004
vn 0.367920 0.706543 0.604004
vn 0.367920 0.706543 0.604004
vn 0.367920 0.706543 0.604004
vn 0.367920 0.706543 0.604004
vn -0.390625 0.706787 -0.589355
vn -0.390625 0.706787 -0.589355
vn -0.390625 0.706787 -0.589355
vn -0.390625 0.706787 -0.589355
vn -0.390625 0.706787 -0.589355
vn -0.390625 0.706787 -0.589355
vn 0.389648 0.706543 0.590576
vn 0.389648 0.706543 0.590576
vn 0.389648 0.706543 0.590576
vn 0.389648 0.706543 0.590576
vn 0.389648 0.706543 0.590576
vn 0.389648 0.706543 0.590576
vn -0.420654 0.706787 -0.568604
vn -0.420654 0.706787 -0.568604
vn -0.420654 0.706787 -0.568604
vn -0.420654 0.706787 -0.568604
vn -0.420654 0.706787 -0.568604
vn -0.420654 0.706787 -0.568604
vn 0.418945 0.706299 0.570312
vn 0.418945 0.706299 0.570312
vn 0.418945 0.706299 0.570312
vn 0.418945 0.706299 0.570312
vn 0.418945 0.706299 0.570312
vn 0.418945 0.706299 0.570312
vn -0.457520 0.706299 -0.539795
vn -0.457520 0.706299 -0.539795
vn -0.457520 0.706299 -0.539795
vn -0.457520 0.706299 -0.539795
vn -0.457520 0.706299 -0.539795
vn -0.457520 0.706299 -0.539795
vn 0.455078 0.706055 0.541992
vn 0.455078 0.706055 0.541992
vn 0.455078 0.706055 0.541992
vn 0.455078 0.706055 0.541992
vn 0.455078 0.706055 0.541992
vn 0.455078 0.706055 0.541992
vn -0.499268 0.706055 -0.501709
vn -0.499268 0.706055 -0.501709
vn -0.499268 0.706055 -0.501709
vn -0.499268 0.706055 -0.501709
vn -0.499268 0.706055 -0.501709
vn -0.499268 0.706055 -0.501709
vn 0.495850 0.705811 0.505371
vn 0.495850 0.705811 0.505371
vn 0.495850 0.705811 0.505371
vn 0.495850 0.705811 0.505371
vn 0.495850 0.705811 0.505371
vn 0.495850 0.705811 0.505371
vn -0.544434 0.705811 -0.453125
vn -0.544434 0.705811 -0.453125
vn -0.544434 0.705811 -0.453125
vn -0.544434 0.705811 -0.453125
vn -0.544434 0.705811 -0.453125
vn -0.544434 0.705811 -0.453125
vn 0.540527 0.705322 0.458008
vn 0.540527 0.705322 0.458008
vn 0.540527 0.705322 0.458008
vn 0.540527 0.705322 0.458008
vn 0.540527 0.705322 0.458008
vn 0.540527 0.705322 0.458008
vn -0.588135 0.705811 -0.394287
vn -0.588135 0.705811 -0.394287
vn -0.588135 0.705811 -0.394287
vn -0.588135 0.705811 -0.394287
vn -0.588135 0.705811 -0.394287
vn -0.588135 0.705811 -0.394287
vn 0.584961 0.705566 0.399414
vn 0.584961 0.705566 0.399414
vn 0.584961 0.705566 0.399414
vn 0.584961 0.705566 0.399414
vn 0.584961 0.705566 0.399414
vn 0.584961 0.705566 0.399414
vn -0.624512 0.705811 -0.333740
vn -0.624512 0.705811 -0.333740
vn -0.624512 0.705811 -0.333740
vn -0.624512 0.705811 -0.333740
vn -0.624512 0.705811 -0.333740
vn -0.624512 0.705811 -0.333740
vn 0.622070 0.705566 0.338623
vn 0.622070 0.705566 0.338623
vn 0.622070 0.705566 0.338623
vn 0.622070 0.705566 0.338623
vn 0.622070 0.705566 0.338623
vn 0.622070 0.705566 0.338623
vn -0.653320 0.706055 -0.272949
vn -0.653320 0.706055 -0.272949
vn -0.653320 0.706055 -0.272949
vn -0.653320 0.706055 -0.272949
vn -0.653320 0.706055 -0.272949
vn -0.653320 0.706055 -0.272949
vn 0.651367 0.705811 0.277588
vn 0.651367 0.705811 0.277588
vn 0.651367 0.705811 0.277588
vn 0.651367 0.705811 0.277588
vn 0.651367 0.705811 0.277588
vn 0.651367 0.705811 0.277588
vn -0.675293 0.706055 -0.212646
vn -0.675293 0.706055 -0.212646
vn -0.675293 0.706055 -0.212646
vn -0.675293 0.706055 -0.212646
vn -0.675293 0.706055 -0.212646
vn -0.675293 0.706055 -0.212646
vn 0.674072 0.705811 0.216797
vn 0.674072 0.705811 0.216797
vn 0.674072 0.705811 0.216797
vn 0.674072 0.705811 0.216797
vn 0.674072 0.705811 0.216797
vn 0.674072 0.705811 0.216797
vn -0.690918 0.706055 -0.153320
vn -0.690918 0.706055 -0.153320
vn -0.690918 0.706055 -0.153320
vn -0.690918 0.706055 -0.153320
vn -0.690918 0.706055 -0.153320
vn -0.690918 0.706055 -0.153320
vn 0.690186 0.706055 0.157471
vn 0.690186 0.706055 0.157471
vn 0.690186 0.706055 0.157471
vn 0.690186 0.706055 0.157471
vn 0.690186 0.706055 0.157471
vn 0.690186 0.706055 0.157471
vn -0.701172 0.706299 -0.095459
vn -0.701172 0.706299 -0.095459
vn -0.701172 0.706299 -0.095459
vn -0.701172 0.706299 -0.095459
vn -0.701172 0.706299 -0.095459
vn -0.701172 0.706299 -0.095459
vn 0.700928 0.706055 0.099365
vn 0.700928 0.706055 0.099365
vn 0.700928 0.706055 0.099365
vn 0.700928 0.706055 0.099365
vn 0.700928 0.706055 0.099365
vn 0.700928 0.706055 0.099365
vn -0.706543 0.706299 -0.039062
vn -0.706543 0.706299 -0.039062
vn -0.706543 0.706299 -0.039062
vn -0.706543 0.706299 -0.039062
vn -0.706543 0.706299 -0.039062
vn -0.706543 0.706299 -0.039062
vn 0.706543 0.706055 0.042725
vn 0.706543 0.706055 0.042725
vn 0.706543 0.706055 0.042725
vn 0.706543 0.706055 0.042725
vn 0.706543 0.706055 0.042725
vn 0.706543 0.706055 0.042725
vn -0.707520 0.706299 0.015625
vn -0.707520 0.706299 0.015625
vn -0.707520 0.706299 0.015625
vn -0.707520 0.706299 0.015625
vn -0.707520 0.706299 0.015625
vn -0.707520 0.706299 0.015625
vn 0.707764 0.706055 -0.012207
vn 0.707764 0.706055 -0.012207
vn 0.707764 0.706055 -0.012207
vn 0.707764 0.706055 -0.012207
vn 0.707764 0.706055 -0.012207
vn 0.707764 0.706055 -0.012207
vn -0.704346 0.706299 0.069336
vn -0.704346 0.706299 0.069336
vn -0.704346 0.706299 0.069336
vn -0.704346 0.706299 0.069336
vn -0.704346 0.706299 0.069336
vn -0.704346 0.706299 0.069336
vn 0.704590 0.706299 -0.065918
vn 0.704590 0.706299 -0.065918
vn 0.704590 0.706299 -0.065918
vn 0.704590 0.706299 -0.065918
vn 0.704590 0.706299 -0.065918
vn 0.704590 0.706299 -0.065918
vn -0.697021 0.706299 0.121826
vn -0.697021 0.706299 0.121826
vn -0.697021 0.706299 0.121826
vn -0.697021 0.706299 0.121826
vn -0.697021 0.706299 0.121826
vn -0.697021 0.706299 0.121826
vn 0.697754 0.706299 -0.118652
vn 0.697754 0.706299 -0.118652
vn 0.697754 0.706299 -0.118652
vn 0.697754 0.706299 -0.118652
vn 0.697754 0.706299 -0.118652
vn 0.697754 0.706299 -0.118652
vn -0.686035 0.706299 0.173340
vn -0.686035 0.706299 0.173340
vn -0.686035 0.706299 0.173340
vn -0.686035 0.706299 0.173340
vn -0.686035 0.706299 0.173340
vn -0.686035 0.706299 0.173340
vn 0.687012 0.706299 -0.170166
vn 0.687012 0.706299 -0.170166
vn 0.687012 0.706299 -0.170166
vn 0.687012 0.706299 -0.170166
vn 0.687012 0.706299 -0.170166
vn 0.687012 0.706299 -0.170166
vn -0.671387 0.706299 0.223633
vn -0.671387 0.706299 0.223633
vn -0.671387 0.706299 0.223633
vn -0.671387 0.706299 0.223633
vn -0.671387 0.706299 0.223633
vn -0.671387 0.706299 0.223633
vn 0.672363 0.706299 -0.220703
vn 0.672363 0.706299 -0.220703
vn 0.672363 0.706299 -0.220703
vn 0.672363 0.706299 -0.220703
vn 0.672363 0.706299 -0.220703
vn 0.672363 0.706299 -0.220703
vn -0.652832 0.706299 0.273193
vn -0.652832 0.706299 0.273193
vn -0.652832 0.706299 0.273193
vn -0.652832 0.706299 0.273193
vn -0.652832 0.706299 0.273193
vn -0.652832 0.706299 0.273193
vn 0.654053 0.706299 -0.270020
vn 0.654053 0.706299 -0.270020
vn 0.654053 0.706299 -0.270020
vn 0.654053 0.706299 -0.270020
vn 0.654053 0.706299 -0.270020
vn 0.654053 0.706299 -0.270020
vn -0.630371 0.706299 0.321533
vn -0.630371 0.706299 0.321533
vn -0.630371 0.706299 0.321533
vn -0.630371 0.706299 0.321533
vn -0.630371 0.706299 0.321533
vn -0.630371 0.706299 0.321533
vn 0.632080 0.706055 -0.318604
vn 0.632080 0.706055 -0.318604
vn 0.632080 0.706055 -0.318604
vn 0.632080 0.706055 -0.318604
vn 0.632080 0.706055 -0.318604
vn 0.632080 0.706055 -0.318604
vn -0.604004 0.706299 0.368652
vn -0.604004 0.706299 0.368652
vn -0.604004 0.706299 0.368652
vn -0.604004 0.706299 0.368652
vn -0.604004 0.706299 0.368652
vn -0.604004 0.706299 0.368652
vn 0.605957 0.706055 -0.365723
vn 0.605957 0.706055 -0.365723
vn 0.605957 0.706055 -0.365723
vn 0.605957 0.706055 -0.365723
vn 0.605957 0.706055 -0.365723
vn 0.605957 0.706055 -0.365723
vn -0.573730 0.706055 0.414551
vn -0.573730 0.706055 0.414551
vn -0.573730 0.706055 0.414551
vn -0.573730 0.706055 0.414551
vn -0.573730 0.706055 0.414551
vn -0.573730 0.706055 0.414551
vn 0.575684 0.706299 -0.411621
vn 0.575684 0.706299 -0.411621
vn 0.575684 0.706299 -0.411621
vn 0.575684 0.706299 -0.411621
vn 0.575684 0.706299 -0.411621
vn 0.575684 0.706299 -0.411621
vn -0.539795 0.706055 0.458008
vn -0.539795 0.706055 0.458008
vn -0.539795 0.706055 0.458008
vn -0.539795 0.706055 0.458008
vn -0.539795 0.706055 0.458008
vn -0.539795 0.706055 0.458008
vn 0.541992 0.706299 -0.455078
vn 0.541992 0.706299 -0.455078
vn 0.541992 0.706299 -0.455078
vn 0.541992 0.706299 -0.455078
vn 0.541992 0.706299 -0.455078
vn 0.541992 0.706299 -0.455078
vn -0.501953 0.706299 0.499023
vn -0.501953 0.706299 0.499023
vn -0.501953 0.706299 0.499023
vn -0.501953 0.706299 0.499023
vn -0.501953 0.706299 0.499023
vn -0.501953 0.706299 0.499023
vn 0.504639 0.706055 -0.496338
vn 0.504639 0.706055 -0.496338
vn 0.504639 0.706055 -0.496338
vn 0.504639 0.706055 -0.496338
vn 0.504639 0.706055 -0.496338
vn 0.504639 0.706055 -0.496338
vn -0.462158 0.705078 0.537354
vn -0.462158 0.705078 0.537354
vn -0.462158 0.705078 0.537354
vn -0.462158 0.705078 0.537354
vn -0.462158 0.705078 0.537354
vn -0.462158 0.705078 0.537354
vn 0.468506 0.705078 -0.531982
vn 0.468506 0.705078 -0.531982
vn 0.468506 0.705078 -0.531982
vn 0.468506 0.705078 -0.531982
vn 0.468506 0.705078 -0.531982
vn 0.468506 0.705078 -0.531982
vn -0.386230 0.703613 0.596191
vn -0.386230 0.703613 0.596191
vn -0.386230 0.703613 0.596191
vn -0.386230 0.703613 0.596191
vn -0.386230 0.703613 0.596191
vn -0.386230 0.703613 0.596191
vn 0.402832 0.702148 -0.586914
vn 0.402832 0.702148 -0.586914
vn 0.402832 0.702148 -0.586914
vn 0.402832 0.702148 -0.586914
vn 0.402832 0.702148 -0.586914
vn 0.402832 0.702148 -0.586914
vn -0.283936 0.705322 0.649170
vn -0.283936 0.705322 0.649170
vn -0.283936 0.705322 0.649170
vn -0.283936 0.705322 0.649170
vn -0.283936 0.705322 0.649170
vn -0.283936 0.705322 0.649170
vn 0.291504 0.705078 -0.646240
vn 0.291504 0.705078 -0.646240
vn 0.291504 0.705078 -0.646240
vn 0.291504 0.705078 -0.646240
vn 0.291504 0.705078 -0.646240
vn 0.291504 0.705078 -0.646240
vn -0.210449 0.706055 0.675781
vn -0.210449 0.706055 0.675781
vn -0.210449 0.706055 0.675781
vn -0.210449 0.706055 0.675781
vn -0.210449 0.706055 0.675781
vn -0.210449 0.706055 0.675781
vn 0.214111 0.706055 -0.674805
vn 0.214111 0.706055 -0.674805
vn 0.214111 0.706055 -0.674805
vn 0.214111 0.706055 -0.674805
vn 0.214111 0.706055 -0.674805
vn 0.214111 0.706055 -0.674805
vn -0.156494 0.706543 0.689941
vn -0.156494 0.706543 0.689941
vn -0.156494 0.706543 0.689941
vn -0.156494 0.706543 0.689941
vn -0.156494 0.706543 0.689941
vn -0.156494 0.706543 0.689941
vn 0.158691 0.706543 -0.689453
vn 0.158691 0.706543 -0.689453
vn 0.158691 0.706543 -0.689453
vn 0.158691 0.706543 -0.689453
vn 0.158691 0.706543 -0.689453
vn 0.158691 0.706543 -0.689453
vn -0.115967 0.706787 0.697754
vn -0.115967 0.706787 0.697754
vn -0.115967 0.706787 0.697754
vn -0.115967 0.706787 0.697754
vn -0.115967 0.706787 0.697754
vn -0.115967 0.706787 0.697754
vn 0.117188 0.706787 -0.697510
vn 0.117188 0.706787 -0.697510
vn 0.117188 0.706787 -0.697510
vn 0.117188 0.706787 -0.697510
vn 0.117188 0.706787 -0.697510
vn 0.117188 0.706787 -0.697510
vn -0.083984 0.706787 0.702148
vn -0.083984 0.706787 0.702148
vn -0.083984 0.706787 0.702148
vn -0.083984 0.706787 0.702148
vn -0.083984 0.706787 0.702148
vn -0.083984 0.706787 0.702148
vn 0.084961 0.706787 -0.702148
vn 0.084961 0.706787 -0.702148
vn 0.084961 0.706787 -0.702148
vn 0.084961 0.706787 -0.702148
vn 0.084961 0.706787 -0.702148
vn 0.084961 0.706787 -0.702148
vn -0.058594 0.706787 0.704590
vn -0.058594 0.706787 0.704590
vn -0.058594 0.706787 0.704590
vn -0.058594 0.706787 0.704590
vn -0.058594 0.706787 0.704590
vn -0.058594 0.706787 0.704590
vn 0.059082 0.706787 -0.704590
vn 0.059082 0.706787 -0.704590
vn 0.059082 0.706787 -0.704590
vn 0.059082 0.706787 -0.704590
vn 0.059082 0.706787 -0.704590
vn 0.059082 0.706787 -0.704590
vn -0.037598 0.706787 0.706055
vn -0.037598 0.706787 0.706055
vn -0.037598 0.706787 0.706055
vn -0.037598 0.706787 0.706055
vn -0.037598 0.706787 0.706055
vn -0.037598 0.706787 0.706055
vn 0.037842 0.706787 -0.706055
vn 0.037842 0.706787 -0.706055
vn 0.037842 0.706787 -0.706055
vn 0.037842 0.706787 -0.706055
vn 0.037842 0.706787 -0.706055
vn 0.037842 0.706787 -0.706055
vn -0.020020 0.707031 0.706787
vn -0.020020 0.707031 0.706787
vn -0.020020 0.707031 0.706787
vn -0.020020 0.707031 0.706787
vn -0.020020 0.707031 0.706787
vn -0.020020 0.707031 0.706787
vn 0.020264 0.707031 -0.706787
vn 0.020264 0.707031 -0.706787
vn 0.020264 0.707031 -0.706787
vn 0.020264 0.707031 -0.706787
vn 0.020264 0.707031 -0.706787
vn 0.020264 0.707031 -0.706787
vn -0.005127 0.707031 0.707031
vn -0.005127 0.707031 0.707031
vn -0.005127 0.707031 0.707031
vn -0.005127 0.707031 0.707031
vn -0.005127 0.707031 0.707031
vn -0.005127 0.707031 0.707031
vn 0.005371 0.707031 -0.707031
vn 0.005371 0.707031 -0.707031
vn 0.005371 0.707031 -0.707031
vn 0.005371 0.707031 -0.707031
vn 0.005371 0.707031 -0.707031
vn 0.005371 0.707031 -0.707031
vn 0.007568 0.707031 0.707031
vn 0.007568 0.707031 0.707031
vn 0.007568 0.707031 0.707031
vn 0.007568 0.707031 0.707031
vn 0.007568 0.707031 0.707031
vn 0.007568 0.707031 0.707031
vn -0.007324 0.707031 -0.707031
vn -0.007324 0.707031 -0.707031
vn -0.007324 0.707031 -0.707031
vn -0.007324 0.707031 -0.707031
vn -0.007324 0.707031 -0.707031
vn -0.007324 0.707031 -0.707031
vn 0.018799 0.707031 0.706787
vn 0.018799 0.707031 0.706787
vn 0.018799 0.707031 0.706787
vn 0.018799 0.707031 0.706787
vn 0.018799 0.707031 0.706787
vn 0.018799 0.707031 0.706787
vn -0.018799 0.707031 -0.706787
vn -0.018799 0.707031 -0.706787
vn -0.018799 0.707031 -0.706787
vn -0.018799 0.707031 -0.706787
vn -0.018799 0.707031 -0.706787
vn -0.018799 0.707031 -0.706787
vn 0.028564 0.706787 0.706543
vn 0.028564 0.706787 0.706543
vn 0.028564 0.706787 0.706543
vn 0.028564 0.706787 0.706543
vn 0.028564 0.706787 0.706543
vn 0.028564 0.706787 0.706543
vn -0.028564 0.707031 -0.706299
vn -0.028564 0.707031 -0.706299
vn -0.028564 0.707031 -0.706299
vn -0.028564 0.707031 -0.706299
vn -0.028564 0.707031 -0.706299
vn -0.028564 0.707031 -0.706299
vn 0.037354 0.707031 0.706055
vn 0.037354 0.707031 0.706055
vn 0.037354 0.707031 0.706055
vn 0.037354 0.707031 0.706055
vn 0.037354 0.707031 0.706055
vn 0.037354 0.707031 0.706055
vn -0.037354 0.707031 -0.706055
vn -0.037354 0.707031 -0.706055
vn -0.037354 0.707031 -0.706055
vn -0.037354 0.707031 -0.706055
vn -0.037354 0.707031 -0.706055
vn -0.037354 0.707031 -0.706055
vn 0.045166 0.706787 0.705566
vn 0.045166 0.706787 0.705566
vn 0.045166 0.706787 0.705566
vn 0.045166 0.706787 0.705566
vn 0.045166 0.706787 0.705566
vn 0.045166 0.706787 0.705566
vn -0.045166 0.707031 -0.705566
vn -0.045166 0.707031 -0.705566
vn -0.045166 0.707031 -0.705566
vn -0.045166 0.707031 -0.705566
vn -0.045166 0.707031 -0.705566
vn -0.045166 0.707031 -0.705566
vn 0.052246 0.707031 0.705078
vn 0.052246 0.707031 0.705078
vn 0.052246 0.707031 0.705078
vn 0.052246 0.707031 0.705078
vn 0.052246 0.707031 0.705078
vn 0.052246 0.707031 0.705078
vn -0.052002 0.707031 -0.705078
vn -0.052002 0.707031 -0.705078
vn -0.052002 0.707031 -0.705078
vn -0.052002 0.707031 -0.705078
vn -0.052002 0.707031 -0.705078
vn -0.052002 0.707031 -0.705078
vn 0.058594 0.707031 0.704590
vn 0.058594 0.707031 0.704590
vn 0.058594 0.707031 0.704590
vn 0.058594 0.707031 0.704590
vn 0.058594 0.707031 0.704590
vn 0.058594 0.707031 0.704590
vn -0.058594 0.707031 -0.704590
vn -0.058594 0.707031 -0.704590
vn -0.058594 0.707031 -0.704590
vn -0.058594 0.707031 -0.704590
vn -0.058594 0.707031 -0.704590
vn -0.058594 0.707031 -0.704590
vn 0.064453 0.706787 0.704102
vn 0.064453 0.706787 0.704102
vn 0.064453 0.706787 0.704102
vn 0.064453 0.706787 0.704102
vn 0.064453 0.706787 0.704102
vn 0.064453 0.706787 0.704102
vn -0.064453 0.707031 -0.703857
vn -0.064453 0.707031 -0.703857
vn -0.064453 0.707031 -0.703857
vn -0.064453 0.707031 -0.703857
vn -0.064453 0.707031 -0.703857
vn -0.064453 0.707031 -0.703857
vn 0.069580 0.707031 0.703613
vn 0.069580 0.707031 0.703613
vn 0.069580 0.707031 0.703613
vn 0.069580 0.707031 0.703613
vn 0.069580 0.707031 0.703613
vn 0.069580 0.707031 0.703613
vn -0.069336 0.707031 -0.703613
vn -0.069336 0.707031 -0.703613
vn -0.069336 0.707031 -0.703613
vn -0.069336 0.707031 -0.703613
vn -0.069336 0.707031 -0.703613
vn -0.069336 0.707031 -0.703613
vn 0.074463 0.707031 0.703125
vn 0.074463 0.707031 0.703125
vn 0.074463 0.707031 0.703125
vn 0.074463 0.707031 0.703125
vn 0.074463 0.707031 0.703125
vn 0.074463 0.707031 0.703125
vn -0.074463 0.707031 -0.702881
vn -0.074463 0.707031 -0.702881
vn -0.074463 0.707031 -0.702881
vn -0.074463 0.707031 -0.702881
vn -0.074463 0.707031 -0.702881
vn -0.074463 0.707031 -0.702881
vn 0.078613 0.707031 0.702637
vn 0.078613 0.707031 0.702637
vn 0.078613 0.707031 0.702637
vn 0.078613 0.707031 0.702637
vn 0.078613 0.707031 0.702637
vn 0.078613 0.707031 0.702637
vn -0.078613 0.707031 -0.702637
vn -0.078613 0.707031 -0.702637
vn -0.078613 0.707031 -0.702637
vn -0.078613 0.707031 -0.702637
vn -0.078613 0.707031 -0.702637
vn -0.078613 0.707031 -0.702637
vn 0.082520 0.707031 0.702148
vn 0.082520 0.707031 0.702148
vn 0.082520 0.707031 0.702148
vn 0.082520 0.707031 0.702148
vn 0.082520 0.707031 0.702148
vn 0.082520 0.707031 0.702148
vn -0.082520 0.707031 -0.702148
vn -0.082520 0.707031 -0.702148
vn -0.082520 0.707031 -0.702148
vn -0.082520 0.707031 -0.702148
vn -0.082520 0.707031 -0.702148
vn -0.082520 0.707031 -0.702148
vt 1.000000 0.000000
vt 0.000000 1.000000
vt 0.000000 0.000000
vt 1.000000 1.000000
vt 0.000000 1.000000
vt 1.000000 0.000000
vt 0.000000 0.000000
vt 1.000000 1.000000
vt 1.000000 0.000000
vt 0.000000 1.000000
vt 1.000000 1.000000
vt 0.000000 0.000000
vt 1.000000 0.000000
vt 0.000000 1.000000
vt 0.000000 0.000000
vt 1.000000 1.000000
vt 0.000000 1.000000
vt 1.000000 0.000000
vt 0.000000 0.000000
vt 1.000000 1.000000
vt 1.000000 0.000000
vt 0.000000 1.000000
vt 1.000000 1.000000
vt 0.000000 0.000000
vt 1.000000 0.000000
vt 0.000000 1.000000
vt 0.000000 0.000000
vt 1.000000 1.000000
vt 0.000000 1.000000
vt 1.000000 0.000000
vt 0.000000 0.000000
vt 1.000000 1.000000
vt 1.000000 0.000000
vt 0.000000 1.000000
vt 1.000000 1.000000
vt 0.000000 0.000000
vt 1.000000 0.000000
vt 0.000000 1.000000
vt 0.000000 0.000000
vt 1.000000 1.000000
vt 0.000000 1.000000
vt 1.000000 0.000000
vt 0.000000 0.000000
vt 1.000000 1.000000
vt 1.000000 0.000000
vt 0.000000 1.000000
vt 1.000000 1.000000
vt 0.000000 0.000000
vt 1.000000 0.000000
vt 0.000000 1.000000
vt 0.000000 0.000000
vt 1.000000 1.000000
vt 0.000000 1.000000
vt 1.000000 0.000000
vt 0.000000 0.000000
vt 1.000000 1.000000
vt 1.000000 0.000000
vt 0.000000 1.000000
vt 1.000000 1.000000
vt 0.000000 0.000000
vt 1.000000 0.000000
vt 0.000000 1.000000
vt 0.000000 0.000000
vt 1.000000 1.000000
vt 0.000000 1.000000
vt 1.000000 0.000000
vt 0.000000 0.000000
vt 1.000000 1.000000
vt 1.000000 0.000000
vt 0.000000 1.000000
vt 1.000000 1.000000
vt 0.000000 0.000000
vt 1.000000 0.000000
vt 0.000000 1.000000
vt 0.000000 0.000000
vt 1.000000 1.000000
vt 0.000000 1.000000
vt 1.000000 0.000000
vt 0.000000 0.000000
vt 1.000000 1.000000
vt 1.000000 0.000000
vt 0.000000 1.000000
vt 1.000000 1.000000
vt 0.000000 0.000000
vt 1.000000 0.000000
vt 0.000000 1.000000
vt 0.000000 0.000000
vt 1.000000 1.000000
vt 0.000000 1.000000
vt 1.000000 0.000000
vt 0.000000 0.000000
vt 1.000000 1.000000
vt 1.000000 0.000000
vt 0.000000 1.000000
vt 1.000000 1.000000
vt 0.000000 0.000000
vt 1.000000 0.000000
vt 0.000000 1.000000
vt 0.000000 0.000000
vt 1.000000 1.000000
vt 0.000000 1.000000
vt 1.000000 0.000000
vt 0.000000 0.000000
vt 1.000000 1.000000
vt 1.000000 0.000000
vt 0.000000 1.000000
vt 1.000000 1.000000
vt 0.000000 0.000000
vt 1.000000 0.000000
vt 0.000000 1.000000
vt 0.000000 0.000000
vt 1.000000 1.000000
vt 0.000000 1.000000
vt 1.000000 0.000000
vt 0.000000 0.000000
vt 1.000000 1.000000
vt 1.000000 0.000000
vt 0.000000 1.000000
vt 1.000000 1.000000
vt 0.000000 0.000000
vt 1.000000 0.000000
vt 0.000000 1.000000
vt 0.000000 0.000000
vt 1.000000 1.000000
vt 0.000000 1.000000
vt 1.000000 0.000000
vt 0.000000 0.000000
vt 1.000000 1.000000
vt 1.000000 0.000000
vt 0.000000 1.000000
vt 1.000000 1.000000
vt 0.000000 0.000000
vt 1.000000 0.000000
vt 0.000000 1.000000
vt 0.000000 0.000000
vt 1.000000 1.000000
vt 0.000000 1.000000
vt 1.000000 0.000000
vt 0.000000 0.000000
vt 1.000000 1.000000
vt 1.000000 0.000000
vt 0.000000 1.000000
vt 1.000000 1.000000
vt 0.000000 0.000000
vt 1.000000 0.000000
vt 0.000000 1.000000
vt 0.000000 0.000000
vt 1.000000 1.000000
vt 0.000000 1.000000
vt 1.000000 0.000000
vt 0.000000 0.000000
vt 1.000000 1.000000
vt 1.000000 0.000000
vt 0.000000 1.000000
vt 1.000000 1.000000
vt 0.000000 0.000000
vt 1.000000 0.000000
vt 0.000000 1.000000
vt 0.000000 0.000000
vt 1.000000 1.000000
vt 0.000000 1.000000
vt 1.000000 0.000000
vt 0.000000 0.000000
vt 1.000000 1.000000
vt 1.000000 0.000000
vt 0.000000 1.000000
vt 1.000000 1.000000
vt 0.000000 0.000000
vt 1.000000 0.000000
vt 0.000000 1.000000
vt 0.000000 0.000000
vt 1.000000 1.000000
vt 0.000000 1.000000
vt 1.000000 0.000000
vt 0.000000 0.000000
vt 1.000000 1.000000
vt 1.000000 0.000000
vt 0.000000 1.000000
vt 1.000000 1.000000
vt 0.000000 0.000000
vt 1.000000 0.000000
vt 0.000000 1.000000
vt 0.000000 0.000000
vt 1.000000 1.000000
vt 0.000000 1.000000
vt 1.000000 0.000000
vt 0.000000 0.000000
vt 1.000000 1.000000
vt 1.000000 0.000000
vt 0.000000 1.000000
vt 1.000000 1.000000
vt 0.000000 0.000000
vt 1.000000 0.000000
vt 0.000000 1.000000
vt 0.000000 0.000000
vt 1.000000 1.000000
vt 0.000000 1.000000
vt 1.000000 0.000000
vt 0.000000 0.000000
vt 1.000000 1.000000
vt 1.000000 0.000000
vt 0.000000 1.000000
vt 1.000000 1.000000
vt 0.000000 0.000000
vt 1.000000 0.000000
vt 0.000000 1.000000
vt 0.000000 0.000000
vt 1.000000 1.000000
vt 0.000000 1.000000
vt 1.000000 0.000000
vt 0.000000 0.000000
vt 1.000000 1.000000
vt 1.000000 0.000000
vt 0.000000 1.000000
vt 1.000000 1.000000
vt 0.000000 0.000000
vt 1.000000 0.000000
vt 0.000000 1.000000
vt 0.000000 0.000000
vt 1.000000 1.000000
vt 0.000000 1.000000
vt 1.000000 0.000000
vt 0.000000 0.000000
vt 1.000000 1.000000
vt 1.000000 0.000000
vt 0.000000 1.000000
vt 1.000000 1.000000
vt 0.000000 0.000000
vt 1.000000 0.000000
vt 0.000000 1.000000
vt 0.000000 0.000000
vt 1.000000 1.000000
vt 0.000000 1.000000
vt 1.000000 0.000000
vt 0.000000 0.000000
vt 1.000000 1.000000
vt 1.000000 0.000000
vt 0.000000 1.000000
vt 1.000000 1.000000
vt 0.000000 0.000000
vt 1.000000 0.000000
vt 0.000000 1.000000
vt 0.000000 0.000000
vt 1.000000 1.000000
vt 0.000000 1.000000
vt 1.000000 0.000000
vt 0.000000 0.000000
vt 1.000000 1.000000
vt 1.000000 0.000000
vt 0.000000 1.000000
vt 1.000000 1.000000
vt 0.000000 0.000000
vt 1.000000 0.000000
vt 0.000000 1.000000
vt 0.000000 0.000000
vt 1.000000 1.000000
vt 0.000000 1.000000
vt 1.000000 0.000000
vt 0.000000 0.000000
vt 1.000000 1.000000
vt 1.000000 0.000000
vt 0.000000 1.000000
vt 1.000000 1.000000
vt 0.000000 0.000000
vt 1.000000 0.000000
vt 0.000000 1.000000
vt 0.000000 0.000000
vt 1.000000 1.000000
vt 0.000000 1.000000
vt 1.000000 0.000000
vt 0.000000 0.000000
vt 1.000000 1.000000
vt 1.000000 0.000000
vt 0.000000 1.000000
vt 1.000000 1.000000
vt 0.000000 0.000000
vt 1.000000 0.000000
vt 0.000000 1.000000
vt 0.000000 0.000000
vt 1.000000 1.000000
vt 0.000000 1.000000
vt 1.000000 0.000000
vt 0.000000 0.000000
vt 1.000000 1.000000
vt 1.000000 0.000000
vt 0.000000 1.000000
vt 1.000000 1.000000
vt 0.000000 0.000000
vt 1.000000 0.000000
vt 0.000000 1.000000
vt 0.000000 0.000000
vt 1.000000 1.000000
vt 0.000000 1.000000
vt 1.000000 0.000000
vt 0.000000 0.000000
vt 1.000000 1.000000
vt 1.000000 0.000000
vt 0.000000 1.000000
vt 1.000000 1.000000
vt 0.000000 0.000000
vt 1.000000 0.000000
vt 0.000000 1.000000
vt 0.000000 0.000000
vt 1.000000 1.000000
vt 0.000000 1.000000
vt 1.000000 0.000000
vt 0.000000 0.000000
vt 1.000000 1.000000
vt 1.000000 0.000000
vt 0.000000 1.000000
vt 1.000000 1.000000
vt 0.000000 0.000000
vt 1.000000 0.000000
vt 0.000000 1.000000
vt 0.000000 0.000000
vt 1.000000 1.000000
vt 0.000000 1.000000
vt 1.000000 0.000000
vt 0.000000 0.000000
vt 1.000000 1.000000
vt 1.000000 0.000000
vt 0.000000 1.000000
vt 1.000000 1.000000
vt 0.000000 0.000000
vt 1.000000 0.000000
vt 0.000000 1.000000
vt 0.000000 0.000000
vt 1.000000 1.000000
vt 0.000000 1.000000
vt 1.000000 0.000000
vt 0.000000 0.000000
vt 1.000000 1.000000
vt 1.000000 0.000000
vt 0.000000 1.000000
vt 1.000000 1.000000
vt 0.000000 0.000000
vt 1.000000 0.000000
vt 0.000000 1.000000
vt 0.000000 0.000000
vt 1.000000 1.000000
vt 0.000000 1.000000
vt 1.000000 0.000000
vt 0.000000 0.000000
vt 1.000000 1.000000
vt 1.000000 0.000000
vt 0.000000 1.000000
vt 1.000000 1.000000
vt 0.000000 0.000000
vt 1.000000 0.000000
vt 0.000000 1.000000
vt 0.000000 0.000000
vt 1.000000 1.000000
vt 0.000000 1.000000
vt 1.000000 0.000000
vt 0.000000 0.000000
vt 1.000000 1.000000
vt 1.000000 0.000000
vt 0.000000 1.000000
vt 1.000000 1.000000
vt 0.000000 0.000000
vt 1.000000 0.000000
vt 0.000000 1.000000
vt 0.000000 0.000000
vt 1.000000 1.000000
vt 0.000000 1.000000
vt 1.000000 0.000000
vt 0.000000 0.000000
vt 1.000000 1.000000
vt 1.000000 0.000000
vt 0.000000 1.000000
vt 1.000000 1.000000
vt 0.000000 0.000000
vt 1.000000 0.000000
vt 0.000000 1.000000
vt 0.000000 0.000000
vt 1.000000 1.000000
vt 0.000000 1.000000
vt 1.000000 0.000000
vt 0.000000 0.000000
vt 1.000000 1.000000
vt 1.000000 0.000000
vt 0.000000 1.000000
vt 1.000000 1.000000
vt 0.000000 0.000000
vt 1.000000 0.000000
vt 0.000000 1.000000
vt 0.000000 0.000000
vt 1.000000 1.000000
vt 0.000000 1.000000
vt 1.000000 0.000000
vt 0.000000 0.000000
vt 1.000000 1.000000
vt 1.000000 0.000000
vt 0.000000 1.000000
vt 1.000000 1.000000
vt 0.000000 0.000000
vt 1.000000 0.000000
vt 0.000000 1.000000
vt 0.000000 0.000000
vt 1.000000 1.000000
vt 0.000000 1.000000
vt 1.000000 0.000000
vt 0.000000 0.000000
vt 1.000000 1.000000
vt 1.000000 0.000000
vt 0.000000 1.000000
vt 1.000000 1.000000
vt 0.000000 0.000000
vt 1.000000 0.000000
vt 0.000000 1.000000
vt 0.000000 0.000000
vt 1.000000 1.000000
vt 0.000000 1.000000
vt 1.000000 0.000000
vt 0.000000 0.000000
vt 1.000000 1.000000
vt 1.000000 0.000000
vt 0.000000 1.000000
vt 1.000000 1.000000
vt 0.000000 0.000000
vt 1.000000 0.000000
vt 0.000000 1.000000
vt 0.000000 0.000000
vt 1.000000 1.000000
vt 0.000000 1.000000
vt 1.000000 0.000000
vt 0.000000 0.000000
vt 1.000000 1.000000
vt 1.000000 0.000000
vt 0.000000 1.000000
vt 1.000000 1.000000
vt 0.000000 0.000000
vt 1.000000 0.000000
vt 0.000000 1.000000
vt 0.000000 0.000000
vt 1.000000 1.000000
vt 0.000000 1.000000
vt 1.000000 0.000000
vt 0.000000 0.000000
vt 1.000000 1.000000
vt 1.000000 0.000000
vt 0.000000 1.000000
vt 1.000000 1.000000
vt 0.000000 0.000000
vt 1.000000 0.000000
vt 0.000000 1.000000
vt 0.000000 0.000000
vt 1.000000 1.000000
vt 0.000000 1.000000
vt 1.000000 0.000000
vt 0.000000 0.000000
vt 1.000000 1.000000
vt 1.000000 0.000000
vt 0.000000 1.000000
vt 1.000000 1.000000
vt 0.000000 0.000000
vt 1.000000 0.000000
vt 0.000000 1.000000
vt 0.000000 0.000000
vt 1.000000 1.000000
vt 0.000000 1.000000
vt 1.000000 0.000000
vt 0.000000 0.000000
vt 1.000000 1.000000
vt 1.000000 0.000000
vt 0.000000 1.000000
vt 1.000000 1.000000
vt 0.000000 0.000000
vt 1.000000 0.000000
vt 0.000000 1.000000
vt 0.000000 0.000000
vt 1.000000 1.000000
vt 0.000000 1.000000
vt 1.000000 0.000000
vt 0.000000 0.000000
vt 1.000000 1.000000
vt 1.000000 0.000000
vt 0.000000 1.000000
vt 1.000000 1.000000
vt 0.000000 0.000000
vt 1.000000 0.000000
vt 0.000000 1.000000
vt 0.000000 0.000000
vt 1.000000 1.000000
vt 0.000000 1.000000
vt 1.000000 0.000000
vt 0.000000 0.000000
vt 1.000000 1.000000
vt 1.000000 0.000000
vt 0.000000 1.000000
vt 1.000000 1.000000
vt 0.000000 0.000000
vt 1.000000 0.000000
vt 0.000000 1.000000
vt 0.000000 0.000000
vt 1.000000 1.000000
vt 0.000000 1.000000
vt 1.000000 0.000000
vt 0.000000 0.000000
vt 1.000000 1.000000
vt 1.000000 0.000000
vt 0.000000 1.000000
vt 1.000000 1.000000
vt 0.000000 0.000000
vt 1.000000 0.000000
vt 0.000000 1.000000
vt 0.000000 0.000000
vt 1.000000 1.000000
vt 0.000000 1.000000
vt 1.000000 0.000000
vt 0.000000 0.000000
vt 1.000000 1.000000
vt 1.000000 0.000000
vt 0.000000 1.000000
vt 1.000000 1.000000
vt 0.000000 0.000000
vt 1.000000 0.000000
vt 0.000000 1.000000
vt 0.000000 0.000000
vt 1.000000 1.000000
vt 0.000000 1.000000
vt 1.000000 0.000000
vt 0.000000 0.000000
vt 1.000000 1.000000
vt 1.000000 0.000000
vt 0.000000 1.000000
vt 1.000000 1.000000
vt 0.000000 0.000000
vt 1.000000 0.000000
vt 0.000000 1.000000
vt 0.000000 0.000000
vt 1.000000 1.000000
vt 0.000000 1.000000
vt 1.000000 0.000000
vt 0.000000 0.000000
vt 1.000000 1.000000
vt 1.000000 0.000000
vt 0.000000 1.000000
vt 1.000000 1.000000
vt 0.000000 0.000000
vt 1.000000 0.000000
vt 0.000000 1.000000
vt 0.000000 0.000000
vt 1.000000 1.000000
vt 0.000000 1.000000
vt 1.000000 0.000000
vt 0.000000 0.000000
vt 1.000000 1.000000
vt 1.000000 0.000000
vt 0.000000 1.000000
vt 1.000000 1.000000
vt 0.000000 0.000000
vt 1.000000 0.000000
vt 0.000000 1.000000
vt 0.000000 0.000000
vt 1.000000 1.000000
vt 0.000000 1.000000
vt 1.000000 0.000000
vt 0.000000 0.000000
vt 1.000000 1.000000
vt 1.000000 0.000000
vt 0.000000 1.000000
vt 1.000000 1.000000
vt 0.000000 0.000000
vt 1.000000 0.000000
vt 0.000000 1.000000
vt 0.000000 0.000000
vt 1.000000 1.000000
vt 0.000000 1.000000
vt 1.000000 0.000000
vt 0.000000 0.000000
vt 1.000000 1.000000
vt 1.000000 0.000000
vt 0.000000 1.000000
vt 1.000000 1.000000
vt 0.000000 0.000000
vt 1.000000 0.000000
vt 0.000000 1.000000
vt 0.000000 0.000000
vt 1.000000 1.000000
vt 0.000000 1.000000
vt 1.000000 0.000000
vt 0.000000 0.000000
vt 1.000000 1.000000
vt 1.000000 0.000000
vt 0.000000 1.000000
vt 1.000000 1.000000
vt 0.000000 0.000000
vt 1.000000 0.000000
vt 0.000000 1.000000
vt 0.000000 0.000000
vt 1.000000 1.000000
vt 0.000000 1.000000
vt 1.000000 0.000000
vt 0.000000 0.000000
vt 1.000000 1.000000
vt 1.000000 0.000000
vt 0.000000 1.000000
vt 1.000000 1.000000
vt 0.000000 0.000000
vt 1.000000 0.000000
vt 0.000000 1.000000
vt 0.000000 0.000000
vt 1.000000 1.000000
vt 0.000000 1.000000
vt 1.000000 0.000000
vt 0.000000 0.000000
vt 1.000000 1.000000
vt 1.000000 0.000000
vt 0.000000 1.000000
vt 1.000000 1.000000
vt 0.000000 0.000000
vt 1.000000 0.000000
vt 0.000000 1.000000
vt 0.000000 0.000000
vt 1.000000 1.000000
vt 0.000000 1.000000
vt 1.000000 0.000000
vt 0.000000 0.000000
vt 1.000000 1.000000
vt 1.000000 0.000000
vt 0.000000 1.000000
vt 1.000000 1.000000
vt 0.000000 0.000000
vt 1.000000 0.000000
vt 0.000000 1.000000
vt 0.000000 0.000000
vt 1.000000 1.000000
vt 0.000000 1.000000
vt 1.000000 0.000000
vt 0.000000 0.000000
vt 1.000000 1.000000
vt 1.000000 0.000000
vt 0.000000 1.000000
vt 1.000000 1.000000
vt 0.000000 0.000000
vt 1.000000 0.000000
vt 0.000000 1.000000
vt 0.000000 0.000000
vt 1.000000 1.000000
vt 0.000000 1.000000
vt 1.000000 0.000000
vt 0.000000 0.000000
vt 1.000000 1.000000
vt 1.000000 0.000000
vt 0.000000 1.000000
vt 1.000000 1.000000
vt 0.000000 0.000000
vt 1.000000 0.000000
vt 0.000000 1.000000
vt 0.000000 0.000000
vt 1.000000 1.000000
vt 0.000000 1.000000
vt 1.000000 0.000000
vt 0.000000 0.000000
vt 1.000000 1.000000
vt 1.000000 0.000000
vt 0.000000 1.000000
vt 1.000000 1.000000
vt 0.000000 0.000000
vt 1.000000 0.000000
vt 0.000000 1.000000
vt 0.000000 0.000000
vt 1.000000 1.000000
vt 0.000000 1.000000
vt 1.000000 0.000000
vt 0.000000 0.000000
vt 1.000000 1.000000
vt 1.000000 0.000000
vt 0.000000 1.000000
vt 1.000000 1.000000
vt 0.000000 0.000000
vt 1.000000 0.000000
vt 0.000000 1.000000
vt 0.000000 0.000000
vt 1.000000 1.000000
vt 0.000000 1.000000
vt 1.000000 0.000000
vt 0.000000 0.000000
vt 1.000000 1.000000
vt 1.000000 0.000000
vt 0.000000 1.000000
vt 1.000000 1.000000
vt 0.000000 0.000000
vt 1.000000 0.000000
vt 0.000000 1.000000
vt 0.000000 0.000000
vt 1.000000 1.000000
vt 0.000000 1.000000
vt 1.000000 0.000000
vt 0.000000 0.000000
vt 1.000000 1.000000
vt 1.000000 0.000000
vt 0.000000 1.000000
vt 1.000000 1.000000
vt 0.000000 0.000000
vt 1.000000 0.000000
vt 0.000000 1.000000
vt 0.000000 0.000000
vt 1.000000 1.000000
vt 0.000000 1.000000
vt 1.000000 0.000000
vt 0.000000 0.000000
vt 1.000000 1.000000
vt 1.000000 0.000000
vt 0.000000 1.000000
vt 1.000000 1.000000
vt 0.000000 0.000000
vt 1.000000 0.000000
vt 0.000000 1.000000
vt 0.000000 0.000000
vt 1.000000 1.000000
vt 0.000000 1.000000
vt 1.000000 0.000000
vt 0.000000 0.000000
vt 1.000000 1.000000
vt 1.000000 0.000000
vt 0.000000 1.000000
vt 1.000000 1.000000
vt 0.000000 0.000000
vt 1.000000 0.000000
vt 0.000000 1.000000
vt 0.000000 0.000000
vt 1.000000 1.000000
vt 0.000000 1.000000
vt 1.000000 0.000000
vt 0.000000 0.000000
vt 1.000000 1.000000
vt 1.000000 0.000000
vt 0.000000 1.000000
vt 1.000000 1.000000
vt 0.000000 0.000000
vt 1.000000 0.000000
vt 0.000000 1.000000
vt 0.000000 0.000000
vt 1.000000 1.000000
vt 0.000000 1.000000
vt 1.000000 0.000000
vt 0.000000 0.000000
vt 1.000000 1.000000
vt 1.000000 0.000000
vt 0.000000 1.000000
vt 1.000000 1.000000
vt 0.000000 0.000000
vt 1.000000 0.000000
vt 0.000000 1.000000
vt 0.000000 0.000000
vt 1.000000 1.000000
vt 0.000000 1.000000
vt 1.000000 0.000000
vt 0.000000 0.000000
vt 1.000000 1.000000
vt 1.000000 0.000000
vt 0.000000 1.000000
vt 1.000000 1.000000
vt 0.000000 0.000000
vt 1.000000 0.000000
vt 0.000000 1.000000
vt 0.000000 0.000000
vt 1.000000 1.000000
vt 0.000000 1.000000
vt 1.000000 0.000000
vt 0.000000 0.000000
vt 1.000000 1.000000
vt 1.000000 0.000000
vt 0.000000 1.000000
vt 1.000000 1.000000
vt 0.000000 0.000000
vt 1.000000 0.000000
vt 0.000000 1.000000
vt 0.000000 0.000000
vt 1.000000 1.000000
vt 0.000000 1.000000
vt 1.000000 0.000000
vt 0.000000 0.000000
vt 1.000000 1.000000
vt 1.000000 0.000000
vt 0.000000 1.000000
vt 1.000000 1.000000
vt 0.000000 0.000000
vt 1.000000 0.000000
vt 0.000000 1.000000
vt 0.000000 0.000000
vt 1.000000 1.000000
vt 0.000000 1.000000
vt 1.000000 0.000000
vt 0.000000 0.000000
vt 1.000000 1.000000
vt 1.000000 0.000000
vt 0.000000 1.000000
vt 1.000000 1.000000
vt 0.000000 0.000000
vt 1.000000 0.000000
vt 0.000000 1.000000
vt 0.000000 0.000000
vt 1.000000 1.000000
vt 0.000000 1.000000
vt 1.000000 0.000000
vt 0.000000 0.000000
vt 1.000000 1.000000
vt 1.000000 0.000000
vt 0.000000 1.000000
vt 1.000000 1.000000
vt 0.000000 0.000000
vt 1.000000 0.000000
vt 0.000000 1.000000
vt 0.000000 0.000000
vt 1.000000 1.000000
vt 0.000000 1.000000
vt 1.000000 0.000000
vt 0.000000 0.000000
vt 1.000000 1.000000
vt 1.000000 0.000000
vt 0.000000 1.000000
vt 1.000000 1.000000
vt 0.000000 0.000000
vt 1.000000 0.000000
vt 0.000000 1.000000
vt 0.000000 0.000000
vt 1.000000 1.000000
vt 0.000000 1.000000
vt 1.000000 0.000000
vt 0.000000 0.000000
vt 1.000000 1.000000
vt 1.000000 0.000000
vt 0.000000 1.000000
vt 1.000000 1.000000
vt 0.000000 0.000000
vt 1.000000 0.000000
vt 0.000000 1.000000
vt 0.000000 0.000000
vt 1.000000 1.000000
vt 0.000000 1.000000
vt 1.000000 0.000000
vt 0.000000 0.000000
vt 1.000000 1.000000
vt 1.000000 0.000000
vt 0.000000 1.000000
vt 1.000000 1.000000
vt 0.000000 0.000000
vt 1.000000 0.000000
vt 0.000000 1.000000
vt 0.000000 0.000000
vt 1.000000 1.000000
vt 0.000000 1.000000
vt 1.000000 0.000000
vt 0.000000 0.000000
vt 1.000000 1.000000
vt 1.000000 0.000000
vt 0.000000 1.000000
vt 1.000000 1.000000
vt 0.000000 0.000000
vt 1.000000 0.000000
vt 0.000000 1.000000
vt 0.000000 0.000000
vt 1.000000 1.000000
vt 0.000000 1.000000
vt 1.000000 0.000000
vt 0.000000 0.000000
vt 1.000000 1.000000
vt 1.000000 0.000000
vt 0.000000 1.000000
vt 1.000000 1.000000
vt 0.000000 0.000000
vt 1.000000 0.000000
vt 0.000000 1.000000
vt 0.000000 0.000000
vt 1.000000 1.000000
vt 0.000000 1.000000
vt 1.000000 0.000000
vt 0.000000 0.000000
vt 1.000000 1.000000
vt 1.000000 0.000000
vt 0.000000 1.000000
vt 1.000000 1.000000
vt 0.000000 0.000000
vt 1.000000 0.000000
vt 0.000000 1.000000
vt 0.000000 0.000000
vt 1.000000 1.000000
vt 0.000000 1.000000
vt 1.000000 0.000000
vt 0.000000 0.000000
vt 1.000000 1.000000
vt 1.000000 0.000000
vt 0.000000 1.000000
vt 1.000000 1.000000
vt 0.000000 0.000000
vt 1.000000 0.000000
vt 0.000000 1.000000
vt 0.000000 0.000000
vt 1.000000 1.000000
vt 0.000000 1.000000
vt 1.000000 0.000000
vt 0.000000 0.000000
vt 1.000000 1.000000
vt 1.000000 0.000000
vt 0.000000 1.000000
vt 1.000000 1.000000
vt 0.000000 0.000000
vt 1.000000 0.000000
vt 0.000000 1.000000
vt 0.000000 0.000000
vt 1.000000 1.000000
vt 0.000000 1.000000
vt 1.000000 0.000000
vt 0.000000 0.000000
vt 1.000000 1.000000
vt 1.000000 0.000000
vt 0.000000 1.000000
vt 1.000000 1.000000
vt 0.000000 0.000000
vt 1.000000 0.000000
vt 0.000000 1.000000
vt 0.000000 0.000000
vt 1.000000 1.000000
vt 0.000000 1.000000
vt 1.000000 0.000000
vt 0.000000 0.000000
vt 1.000000 1.000000
vt 1.000000 0.000000
vt 0.000000 1.000000
vt 1.000000 1.000000
vt 0.000000 0.000000
vt 1.000000 0.000000
vt 0.000000 1.000000
vt 0.000000 0.000000
vt 1.000000 1.000000
vt 0.000000 1.000000
vt 1.000000 0.000000
vt 0.000000 0.000000
vt 1.000000 1.000000
vt 1.000000 0.000000
vt 0.000000 1.000000
vt 1.000000 1.000000
vt 0.000000 0.000000
vt 1.000000 0.000000
vt 0.000000 1.000000
vt 0.000000 0.000000
vt 1.000000 1.000000
vt 0.000000 1.000000
vt 1.000000 0.000000
vt 0.000000 0.000000
vt 1.000000 1.000000
vt 1.000000 0.000000
vt 0.000000 1.000000
vt 1.000000 1.000000
vt 0.000000 0.000000
vt 1.000000 0.000000
vt 0.000000 1.000000
vt 0.000000 0.000000
vt 1.000000 1.000000
vt 0.000000 1.000000
vt 1.000000 0.000000
vt 0.000000 0.000000
vt 1.000000 1.000000
vt 1.000000 0.000000
vt 0.000000 1.000000
vt 1.000000 1.000000
vt 0.000000 0.000000
vt 1.000000 0.000000
vt 0.000000 1.000000
vt 0.000000 0.000000
vt 1.000000 1.000000
vt 0.000000 1.000000
vt 1.000000 0.000000
vt 0.000000 0.000000
vt 1.000000 1.000000
vt 1.000000 0.000000
vt 0.000000 1.000000
vt 1.000000 1.000000
vt 0.000000 0.000000
vt 1.000000 0.000000
vt 0.000000 1.000000
vt 0.000000 0.000000
vt 1.000000 1.000000
vt 0.000000 1.000000
vt 1.000000 0.000000
vt 0.000000 0.000000
vt 1.000000 1.000000
vt 1.000000 0.000000
vt 0.000000 1.000000
vt 1.000000 1.000000
vt 0.000000 0.000000
vt 1.000000 0.000000
vt 0.000000 1.000000
vt 0.000000 0.000000
vt 1.000000 1.000000
vt 0.000000 1.000000
vt 1.000000 0.000000
vt 0.000000 0.000000
vt 1.000000 1.000000
vt 1.000000 0.000000
vt 0.000000 1.000000
vt 1.000000 1.000000
vt 0.000000 0.000000
vt 1.000000 0.000000
vt 0.000000 1.000000
vt 0.000000 0.000000
vt 1.000000 1.000000
vt 0.000000 1.000000
vt 1.000000 0.000000
vt 0.000000 0.000000
vt 1.000000 1.000000
vt 1.000000 0.000000
vt 0.000000 1.000000
vt 1.000000 1.000000
vt 0.000000 0.000000
vt 1.000000 0.000000
vt 0.000000 1.000000
vt 0.000000 0.000000
vt 1.000000 1.000000
vt 0.000000 1.000000
vt 1.000000 0.000000
vt 0.000000 0.000000
vt 1.000000 1.000000
vt 1.000000 0.000000
vt 0.000000 1.000000
vt 1.000000 1.000000
vt 0.000000 0.000000
vt 1.000000 0.000000
vt 0.000000 1.000000
vt 0.000000 0.000000
vt 1.000000 1.000000
vt 0.000000 1.000000
vt 1.000000 0.000000
vt 0.000000 0.000000
vt 1.000000 1.000000
vt 1.000000 0.000000
vt 0.000000 1.000000
vt 1.000000 1.000000
vt 0.000000 0.000000
vt 1.000000 0.000000
vt 0.000000 1.000000
vt 0.000000 0.000000
vt 1.000000 1.000000
vt 0.000000 1.000000
vt 1.000000 0.000000
vt 0.000000 0.000000
vt 1.000000 1.000000
vt 1.000000 0.000000
vt 0.000000 1.000000
vt 1.000000 1.000000
vt 0.000000 0.000000
vt 1.000000 0.000000
vt 0.000000 1.000000
vt 0.000000 0.000000
vt 1.000000 1.000000
vt 0.000000 1.000000
vt 1.000000 0.000000
vt 1.000000 0.000000
vt 0.000000 1.000000
vt 0.000000 0.000000
vt 1.000000 1.000000
vt 0.000000 1.000000
vt 1.000000 0.000000
vt 1.000000 0.000000
vt 0.000000 1.000000
vt 0.000000 0.000000
vt 1.000000 1.000000
vt 0.000000 1.000000
vt 1.000000 0.000000
vt 1.000000 0.000000
vt 0.000000 1.000000
vt 0.000000 0.000000
vt 1.000000 1.000000
vt 0.000000 1.000000
vt 1.000000 0.000000
vt 1.000000 0.000000
vt 0.000000 1.000000
vt 0.000000 0.000000
vt 1.000000 1.000000
vt 0.000000 1.000000
vt 1.000000 0.000000
vt 1.000000 0.000000
vt 0.000000 1.000000
vt 0.000000 0.000000
vt 1.000000 1.000000
vt 0.000000 1.000000
vt 1.000000 0.000000
vt 1.000000 0.000000
vt 0.000000 1.000000
vt 0.000000 0.000000
vt 1.000000 1.000000
vt 0.000000 1.000000
vt 1.000000 0.000000
vt 1.000000 0.000000
vt 0.000000 1.000000
vt 0.000000 0.000000
vt 1.000000 1.000000
vt 0.000000 1.000000
vt 1.000000 0.000000
vt 1.000000 0.000000
vt 0.000000 1.000000
vt 0.000000 0.000000
vt 1.000000 1.000000
vt 0.000000 1.000000
vt 1.000000 0.000000
vt 0.000000 0.000000
vt 1.000000 1.000000
vt 1.000000 0.000000
vt 0.000000 1.000000
vt 1.000000 1.000000
vt 0.000000 0.000000
vt 1.000000 0.000000
vt 0.000000 1.000000
vt 0.000000 0.000000
vt 1.000000 1.000000
vt 0.000000 1.000000
vt 1.000000 0.000000
vt 0.000000 0.000000
vt 1.000000 1.000000
vt 1.000000 0.000000
vt 0.000000 1.000000
vt 1.000000 1.000000
vt 0.000000 0.000000
vt 1.000000 0.000000
vt 0.000000 1.000000
vt 0.000000 0.000000
vt 1.000000 1.000000
vt 0.000000 1.000000
vt 1.000000 0.000000
vt 0.000000 0.000000
vt 1.000000 1.000000
vt 1.000000 0.000000
vt 0.000000 1.000000
vt 1.000000 1.000000
vt 0.000000 0.000000
vt 1.000000 0.000000
vt 0.000000 1.000000
vt 0.000000 0.000000
vt 1.000000 1.000000
vt 0.000000 1.000000
vt 1.000000 0.000000
vt 0.000000 0.000000
vt 1.000000 1.000000
vt 1.000000 0.000000
vt 0.000000 1.000000
vt 1.000000 1.000000
vt 0.000000 0.000000
vt 1.000000 0.000000
vt 0.000000 1.000000
vt 0.000000 0.000000
vt 1.000000 1.000000
vt 0.000000 1.000000
vt 1.000000 0.000000
vt 0.000000 0.000000
vt 1.000000 1.000000
vt 1.000000 0.000000
vt 0.000000 1.000000
vt 1.000000 1.000000
vt 0.000000 0.000000
vt 1.000000 0.000000
vt 0.000000 1.000000
vt 0.000000 0.000000
vt 1.000000 1.000000
vt 0.000000 1.000000
vt 1.000000 0.000000
vt 0.000000 0.000000
vt 1.000000 1.000000
vt 1.000000 0.000000
vt 0.000000 1.000000
vt 1.000000 1.000000
vt 0.000000 0.000000
vt 1.000000 0.000000
vt 0.000000 1.000000
vt 0.000000 0.000000
vt 1.000000 1.000000
vt 0.000000 1.000000
vt 1.000000 0.000000
vt 0.000000 0.000000
vt 1.000000 1.000000
vt 1.000000 0.000000
vt 0.000000 1.000000
vt 1.000000 1.000000
vt 0.000000 0.000000
vt 1.000000 0.000000
vt 0.000000 1.000000
vt 0.000000 0.000000
vt 1.000000 1.000000
vt 0.000000 1.000000
vt 1.000000 0.000000
vt 0.000000 0.000000
vt 1.000000 1.000000
vt 1.000000 0.000000
vt 0.000000 1.000000
vt 1.000000 1.000000
vt 0.000000 0.000000
vt 1.000000 0.000000
vt 0.000000 1.000000
vt 0.000000 0.000000
vt 1.000000 1.000000
vt 0.000000 1.000000
vt 1.000000 0.000000
vt 0.000000 0.000000
vt 1.000000 1.000000
vt 1.000000 0.000000
vt 0.000000 1.000000
vt 1.000000 1.000000
vt 0.000000 0.000000
vt 1.000000 0.000000
vt 0.000000 1.000000
vt 0.000000 0.000000
vt 1.000000 1.000000
vt 0.000000 1.000000
vt 1.000000 0.000000
vt 0.000000 0.000000
vt 1.000000 1.000000
vt 1.000000 0.000000
vt 0.000000 1.000000
vt 1.000000 1.000000
vt 0.000000 0.000000
vt 1.000000 0.000000
vt 0.000000 1.000000
vt 0.000000 0.000000
vt 1.000000 1.000000
vt 0.000000 1.000000
vt 1.000000 0.000000
vt 0.000000 0.000000
vt 1.000000 1.000000
vt 1.000000 0.000000
vt 0.000000 1.000000
vt 1.000000 1.000000
vt 0.000000 0.000000
vt 1.000000 0.000000
vt 0.000000 1.000000
vt 0.000000 0.000000
vt 1.000000 1.000000
vt 0.000000 1.000000
vt 1.000000 0.000000
vt 0.000000 0.000000
vt 1.000000 1.000000
vt 1.000000 0.000000
vt 0.000000 1.000000
vt 1.000000 1.000000
vt 0.000000 0.000000
vt 1.000000 0.000000
vt 0.000000 1.000000
vt 0.000000 0.000000
vt 1.000000 1.000000
vt 0.000000 1.000000
vt 1.000000 0.000000
vt 0.000000 0.000000
vt 1.000000 1.000000
vt 1.000000 0.000000
vt 0.000000 1.000000
vt 1.000000 1.000000
vt 0.000000 0.000000
vt 1.000000 0.000000
vt 0.000000 1.000000
vt 0.000000 0.000000
vt 1.000000 1.000000
vt 0.000000 1.000000
vt 1.000000 0.000000
vt 0.000000 0.000000
vt 1.000000 1.000000
vt 1.000000 0.000000
vt 0.000000 1.000000
vt 1.000000 1.000000
vt 0.000000 0.000000
vt 1.000000 0.000000
vt 0.000000 1.000000
vt 0.000000 0.000000
vt 1.000000 1.000000
vt 0.000000 1.000000
vt 1.000000 0.000000
vt 0.000000 0.000000
vt 1.000000 1.000000
vt 1.000000 0.000000
vt 0.000000 1.000000
vt 1.000000 1.000000
vt 0.000000 0.000000
vt 1.000000 0.000000
vt 0.000000 1.000000
vt 0.000000 0.000000
vt 1.000000 1.000000
vt 0.000000 1.000000
vt 1.000000 0.000000
vt 0.000000 0.000000
vt 1.000000 1.000000
vt 1.000000 0.000000
vt 0.000000 1.000000
vt 1.000000 1.000000
vt 0.000000 0.000000
vt 1.000000 0.000000
vt 0.000000 1.000000
vt 0.000000 0.000000
vt 1.000000 1.000000
vt 0.000000 1.000000
vt 1.000000 0.000000
vt 0.000000 0.000000
vt 1.000000 1.000000
vt 1.000000 0.000000
vt 0.000000 1.000000
vt 1.000000 1.000000
vt 0.000000 0.000000
vt 1.000000 0.000000
vt 0.000000 1.000000
vt 0.000000 0.000000
vt 1.000000 1.000000
vt 0.000000 1.000000
vt 1.000000 0.000000
vt 0.000000 0.000000
vt 1.000000 1.000000
vt 1.000000 0.000000
vt 0.000000 1.000000
vt 1.000000 1.000000
vt 0.000000 0.000000
vt 1.000000 0.000000
vt 0.000000 1.000000
vt 0.000000 0.000000
vt 1.000000 1.000000
vt 0.000000 1.000000
vt 1.000000 0.000000
vt 0.000000 0.000000
vt 1.000000 1.000000
vt 1.000000 0.000000
vt 0.000000 1.000000
vt 1.000000 1.000000
vt 0.000000 0.000000
vt 1.000000 0.000000
vt 0.000000 1.000000
vt 0.000000 0.000000
vt 1.000000 1.000000
vt 0.000000 1.000000
vt 1.000000 0.000000
vt 0.000000 0.000000
vt 1.000000 1.000000
vt 1.000000 0.000000
vt 0.000000 1.000000
vt 1.000000 1.000000
vt 0.000000 0.000000
vt 1.000000 0.000000
vt 0.000000 1.000000
vt 0.000000 0.000000
vt 1.000000 1.000000
vt 0.000000 1.000000
vt 1.000000 0.000000
vt 0.000000 0.000000
vt 1.000000 1.000000
vt 1.000000 0.000000
vt 0.000000 1.000000
vt 1.000000 1.000000
vt 0.000000 0.000000
vt 1.000000 0.000000
vt 0.000000 1.000000
vt 0.000000 0.000000
vt 1.000000 1.000000
vt 0.000000 1.000000
vt 1.000000 0.000000
vt 0.000000 0.000000
vt 1.000000 1.000000
vt 1.000000 0.000000
vt 0.000000 1.000000
vt 1.000000 1.000000
vt 0.000000 0.000000
vt 1.000000 0.000000
vt 0.000000 1.000000
vt 0.000000 0.000000
vt 1.000000 1.000000
vt 0.000000 1.000000
vt 1.000000 0.000000
vt 0.000000 0.000000
vt 1.000000 1.000000
vt 1.000000 0.000000
vt 0.000000 1.000000
vt 1.000000 1.000000
vt 0.000000 0.000000
vt 1.000000 0.000000
vt 0.000000 1.000000
vt 0.000000 0.000000
vt 1.000000 1.000000
vt 0.000000 1.000000
vt 1.000000 0.000000
vt 0.000000 0.000000
vt 1.000000 1.000000
vt 1.000000 0.000000
vt 0.000000 1.000000
vt 1.000000 1.000000
vt 0.000000 0.000000
vt 1.000000 0.000000
vt 0.000000 1.000000
vt 0.000000 0.000000
vt 1.000000 1.000000
vt 0.000000 1.000000
vt 1.000000 0.000000
vt 0.000000 0.000000
vt 1.000000 1.000000
vt 1.000000 0.000000
vt 0.000000 1.000000
vt 1.000000 1.000000
vt 0.000000 0.000000
vt 1.000000 0.000000
vt 0.000000 1.000000
vt 0.000000 0.000000
vt 1.000000 1.000000
vt 0.000000 1.000000
vt 1.000000 0.000000
vt 0.000000 0.000000
vt 1.000000 1.000000
vt 1.000000 0.000000
vt 0.000000 1.000000
vt 1.000000 1.000000
vt 0.000000 0.000000
vt 1.000000 0.000000
vt 0.000000 1.000000
vt 0.000000 0.000000
vt 1.000000 1.000000
vt 0.000000 1.000000
vt 1.000000 0.000000
vt 0.000000 0.000000
vt 1.000000 1.000000
vt 1.000000 0.000000
vt 0.000000 1.000000
vt 1.000000 1.000000
vt 0.000000 0.000000
vt 1.000000 0.000000
vt 0.000000 1.000000
vt 0.000000 0.000000
vt 1.000000 1.000000
vt 0.000000 1.000000
vt 1.000000 0.000000
vt 0.000000 0.000000
vt 1.000000 1.000000
vt 1.000000 0.000000
vt 0.000000 1.000000
vt 1.000000 1.000000
vt 0.000000 0.000000
vt 1.000000 0.000000
vt 0.000000 1.000000
vt 0.000000 0.000000
vt 1.000000 1.000000
vt 0.000000 1.000000
vt 1.000000 0.000000
vt 0.000000 0.000000
vt 1.000000 1.000000
vt 1.000000 0.000000
vt 0.000000 1.000000
vt 1.000000 1.000000
vt 0.000000 0.000000
vt 1.000000 0.000000
vt 0.000000 1.000000
vt 0.000000 0.000000
vt 1.000000 1.000000
vt 0.000000 1.000000
vt 1.000000 0.000000
vt 0.000000 0.000000
vt 1.000000 1.000000
vt 1.000000 0.000000
vt 0.000000 1.000000
vt 1.000000 1.000000
vt 0.000000 0.000000
vt 1.000000 0.000000
vt 0.000000 1.000000
vt 0.000000 0.000000
vt 1.000000 1.000000
vt 0.000000 1.000000
vt 1.000000 0.000000
vt 0.000000 0.000000
vt 1.000000 1.000000
vt 1.000000 0.000000
vt 0.000000 1.000000
vt 1.000000 1.000000
vt 0.000000 0.000000
vt 1.000000 0.000000
vt 0.000000 1.000000
vt 0.000000 0.000000
vt 1.000000 1.000000
vt 0.000000 1.000000
vt 1.000000 0.000000
vt 0.000000 0.000000
vt 1.000000 1.000000
vt 1.000000 0.000000
vt 0.000000 1.000000
vt 1.000000 1.000000
vt 0.000000 0.000000
vt 1.000000 0.000000
vt 0.000000 1.000000
vt 0.000000 0.000000
vt 1.000000 1.000000
vt 0.000000 1.000000
vt 1.000000 0.000000
vt 0.000000 0.000000
vt 1.000000 1.000000
vt 1.000000 0.000000
vt 0.000000 1.000000
vt 1.000000 1.000000
vt 0.000000 0.000000
vt 1.000000 0.000000
vt 0.000000 1.000000
vt 0.000000 0.000000
vt 1.000000 1.000000
vt 0.000000 1.000000
vt 1.000000 0.000000
vt 0.000000 0.000000
vt 1.000000 1.000000
vt 1.000000 0.000000
vt 0.000000 1.000000
vt 1.000000 1.000000
vt 0.000000 0.000000
vt 1.000000 0.000000
vt 0.000000 1.000000
vt 0.000000 0.000000
vt 1.000000 1.000000
vt 0.000000 1.000000
vt 1.000000 0.000000
vt 0.000000 0.000000
vt 1.000000 1.000000
vt 1.000000 0.000000
vt 0.000000 1.000000
vt 1.000000 1.000000
vt 0.000000 0.000000
vt 1.000000 0.000000
vt 0.000000 1.000000
vt 0.000000 0.000000
vt 1.000000 1.000000
vt 0.000000 1.000000
vt 1.000000 0.000000
vt 0.000000 0.000000
vt 1.000000 1.000000
vt 1.000000 0.000000
vt 0.000000 1.000000
vt 1.000000 1.000000
vt 0.000000 0.000000
vt 1.000000 0.000000
vt 0.000000 1.000000
vt 0.000000 0.000000
vt 1.000000 1.000000
vt 0.000000 1.000000
vt 1.000000 0.000000
vt 0.000000 0.000000
vt 1.000000 1.000000
vt 1.000000 0.000000
vt 0.000000 1.000000
vt 1.000000 1.000000
vt 0.000000 0.000000
vt 1.000000 0.000000
vt 0.000000 1.000000
vt 0.000000 0.000000
vt 1.000000 1.000000
vt 0.000000 1.000000
vt 1.000000 0.000000
vt 0.000000 0.000000
vt 1.000000 1.000000
vt 1.000000 0.000000
vt 0.000000 1.000000
vt 1.000000 1.000000
vt 0.000000 0.000000
vt 1.000000 0.000000
vt 0.000000 1.000000
vt 0.000000 0.000000
vt 1.000000 1.000000
vt 0.000000 1.000000
vt 1.000000 0.000000
vt 0.000000 0.000000
vt 1.000000 1.000000
vt 1.000000 0.000000
vt 0.000000 1.000000
vt 1.000000 1.000000
vt 0.000000 0.000000
vt 1.000000 0.000000
vt 0.000000 1.000000
vt 0.000000 0.000000
vt 1.000000 1.000000
vt 0.000000 1.000000
vt 1.000000 0.000000
vt 0.000000 0.000000
vt 1.000000 1.000000
vt 1.000000 0.000000
vt 0.000000 1.000000
vt 1.000000 1.000000
vt 0.000000 0.000000
vt 1.000000 0.000000
vt 0.000000 1.000000
vt 0.000000 0.000000
vt 1.000000 1.000000
vt 0.000000 1.000000
vt 1.000000 0.000000
vt 0.000000 0.000000
vt 1.000000 1.000000
vt 1.000000 0.000000
vt 0.000000 1.000000
vt 1.000000 1.000000
vt 0.000000 0.000000
vt 1.000000 0.000000
vt 0.000000 1.000000
vt 0.000000 0.000000
vt 1.000000 1.000000
vt 0.000000 1.000000
vt 1.000000 0.000000
vt 0.000000 0.000000
vt 1.000000 1.000000
vt 1.000000 0.000000
vt 0.000000 1.000000
vt 1.000000 1.000000
vt 0.000000 0.000000
vt 1.000000 0.000000
vt 0.000000 1.000000
vt 0.000000 0.000000
vt 1.000000 1.000000
vt 0.000000 1.000000
vt 1.000000 0.000000
vt 0.000000 0.000000
vt 1.000000 1.000000
vt 1.000000 0.000000
vt 0.000000 1.000000
vt 1.000000 1.000000
vt 0.000000 0.000000
vt 1.000000 0.000000
vt 0.000000 1.000000
vt 0.000000 0.000000
vt 1.000000 1.000000
vt 0.000000 1.000000
vt 1.000000 0.000000
vt 0.000000 0.000000
vt 1.000000 1.000000
vt 1.000000 0.000000
vt 0.000000 1.000000
vt 1.000000 1.000000
vt 0.000000 0.000000
vt 1.000000 0.000000
vt 0.000000 1.000000
vt 0.000000 0.000000
vt 1.000000 1.000000
vt 0.000000 1.000000
vt 1.000000 0.000000
vt 0.000000 0.000000
vt 1.000000 1.000000
vt 1.000000 0.000000
vt 0.000000 1.000000
vt 1.000000 1.000000
vt 0.000000 0.000000
vt 1.000000 0.000000
vt 0.000000 1.000000
vt 0.000000 0.000000
vt 1.000000 1.000000
vt 0.000000 1.000000
vt 1.000000 0.000000
vt 0.000000 0.000000
vt 1.000000 1.000000
vt 1.000000 0.000000
vt 0.000000 1.000000
vt 1.000000 1.000000
vt 0.000000 0.000000
vt 1.000000 0.000000
vt 0.000000 1.000000
vt 0.000000 0.000000
vt 1.000000 1.000000
vt 0.000000 1.000000
vt 1.000000 0.000000
vt 0.000000 0.000000
vt 1.000000 1.000000
vt 1.000000 0.000000
vt 0.000000 1.000000
vt 1.000000 1.000000
vt 0.000000 0.000000
vt 1.000000 0.000000
vt 0.000000 1.000000
vt 0.000000 0.000000
vt 1.000000 1.000000
vt 0.000000 1.000000
vt 1.000000 0.000000
vt 0.000000 0.000000
vt 1.000000 1.000000
vt 1.000000 0.000000
vt 0.000000 1.000000
vt 1.000000 1.000000
vt 0.000000 0.000000
vt 1.000000 0.000000
vt 0.000000 1.000000
vt 0.000000 0.000000
vt 1.000000 1.000000
vt 0.000000 1.000000
vt 1.000000 0.000000
vt 0.000000 0.000000
vt 1.000000 1.000000
vt 1.000000 0.000000
vt 0.000000 1.000000
vt 1.000000 1.000000
vt 0.000000 0.000000
vt 1.000000 0.000000
vt 0.000000 1.000000
vt 0.000000 0.000000
vt 1.000000 1.000000
vt 0.000000 1.000000
vt 1.000000 0.000000
vt 0.000000 0.000000
vt 1.000000 1.000000
vt 1.000000 0.000000
vt 0.000000 1.000000
vt 1.000000 1.000000
vt 0.000000 0.000000
vt 1.000000 0.000000
vt 0.000000 1.000000
vt 0.000000 0.000000
vt 1.000000 1.000000
vt 0.000000 1.000000
vt 1.000000 0.000000
vt 0.000000 0.000000
vt 1.000000 1.000000
vt 1.000000 0.000000
vt 0.000000 1.000000
vt 1.000000 1.000000
vt 0.000000 0.000000
vt 1.000000 0.000000
vt 0.000000 1.000000
vt 0.000000 0.000000
vt 1.000000 1.000000
vt 0.000000 1.000000
vt 1.000000 0.000000
vt 0.000000 0.000000
vt 1.000000 1.000000
vt 1.000000 0.000000
vt 0.000000 1.000000
vt 1.000000 1.000000
vt 0.000000 0.000000
vt 1.000000 0.000000
vt 0.000000 1.000000
vt 0.000000 0.000000
vt 1.000000 1.000000
vt 0.000000 1.000000
vt 1.000000 0.000000
vt 0.000000 0.000000
vt 1.000000 1.000000
vt 1.000000 0.000000
vt 0.000000 1.000000
vt 1.000000 1.000000
vt 0.000000 0.000000
vt 1.000000 0.000000
vt 0.000000 1.000000
vt 0.000000 0.000000
vt 1.000000 1.000000
vt 0.000000 1.000000
vt 1.000000 0.000000
vt 0.000000 0.000000
vt 1.000000 1.000000
vt 1.000000 0.000000
vt 0.000000 1.000000
vt 1.000000 1.000000
vt 0.000000 0.000000
vt 1.000000 0.000000
vt 0.000000 1.000000
vt 0.000000 0.000000
vt 1.000000 1.000000
vt 0.000000 1.000000
vt 1.000000 0.000000
vt 0.000000 0.000000
vt 1.000000 1.000000
vt 1.000000 0.000000
vt 0.000000 1.000000
vt 1.000000 1.000000
vt 0.000000 0.000000
vt 1.000000 0.000000
vt 0.000000 1.000000
vt 0.000000 0.000000
vt 1.000000 1.000000
vt 0.000000 1.000000
vt 1.000000 0.000000
vt 0.000000 0.000000
vt 1.000000 1.000000
vt 1.000000 0.000000
vt 0.000000 1.000000
vt 1.000000 1.000000
vt 0.000000 0.000000
vt 1.000000 0.000000
vt 0.000000 1.000000
vt 0.000000 0.000000
vt 1.000000 1.000000
vt 0.000000 1.000000
vt 1.000000 0.000000
vt 0.000000 0.000000
vt 1.000000 1.000000
vt 1.000000 0.000000
vt 0.000000 1.000000
vt 1.000000 1.000000
vt 0.000000 0.000000
vt 1.000000 0.000000
vt 0.000000 1.000000
vt 0.000000 0.000000
vt 1.000000 1.000000
vt 0.000000 1.000000
vt 1.000000 0.000000
vt 0.000000 0.000000
vt 1.000000 1.000000
vt 1.000000 0.000000
vt 0.000000 1.000000
vt 1.000000 1.000000
vt 0.000000 0.000000
vt 1.000000 0.000000
vt 0.000000 1.000000
vt 0.000000 0.000000
vt 1.000000 1.000000
vt 0.000000 1.000000
vt 1.000000 0.000000
vt 0.000000 0.000000
vt 1.000000 1.000000
vt 1.000000 0.000000
vt 0.000000 1.000000
vt 1.000000 1.000000
vt 0.000000 0.000000
vt 1.000000 0.000000
vt 0.000000 1.000000
vt 0.000000 0.000000
vt 1.000000 1.000000
vt 0.000000 1.000000
vt 1.000000 0.000000
vt 0.000000 0.000000
vt 1.000000 1.000000
vt 1.000000 0.000000
vt 0.000000 1.000000
vt 1.000000 1.000000
vt 0.000000 0.000000
vt 1.000000 0.000000
vt 0.000000 1.000000
vt 0.000000 0.000000
vt 1.000000 1.000000
vt 0.000000 1.000000
vt 1.000000 0.000000
vt 0.000000 0.000000
vt 1.000000 1.000000
vt 1.000000 0.000000
vt 0.000000 1.000000
vt 1.000000 1.000000
vt 0.000000 0.000000
vt 1.000000 0.000000
vt 0.000000 1.000000
vt 0.000000 0.000000
vt 1.000000 1.000000
vt 0.000000 1.000000
vt 1.000000 0.000000
vt 0.000000 0.000000
vt 1.000000 1.000000
vt 1.000000 0.000000
vt 0.000000 1.000000
vt 1.000000 1.000000
vt 0.000000 0.000000
vt 1.000000 0.000000
vt 0.000000 1.000000
vt 0.000000 0.000000
vt 1.000000 1.000000
vt 0.000000 1.000000
vt 1.000000 0.000000
vt 0.000000 0.000000
vt 1.000000 1.000000
vt 1.000000 0.000000
vt 0.000000 1.000000
vt 1.000000 1.000000
vt 0.000000 0.000000
vt 1.000000 0.000000
vt 0.000000 1.000000
vt 0.000000 0.000000
vt 1.000000 1.000000
vt 0.000000 1.000000
vt 1.000000 0.000000
vt 0.000000 0.000000
vt 1.000000 1.000000
vt 1.000000 0.000000
vt 0.000000 1.000000
vt 1.000000 1.000000
vt 0.000000 0.000000
vt 1.000000 0.000000
vt 0.000000 1.000000
vt 0.000000 0.000000
vt 1.000000 1.000000
vt 0.000000 1.000000
vt 1.000000 0.000000
vt 0.000000 0.000000
vt 1.000000 1.000000
vt 1.000000 0.000000
vt 0.000000 1.000000
vt 1.000000 1.000000
vt 0.000000 0.000000
vt 1.000000 0.000000
vt 0.000000 1.000000
vt 0.000000 0.000000
vt 1.000000 1.000000
vt 0.000000 1.000000
vt 1.000000 0.000000
vt 0.000000 0.000000
vt 1.000000 1.000000
vt 1.000000 0.000000
vt 0.000000 1.000000
vt 1.000000 1.000000
vt 0.000000 0.000000
vt 1.000000 0.000000
vt 0.000000 1.000000
vt 0.000000 0.000000
vt 1.000000 1.000000
vt 0.000000 1.000000
vt 1.000000 0.000000
vt 0.000000 0.000000
vt 1.000000 1.000000
vt 1.000000 0.000000
vt 0.000000 1.000000
vt 1.000000 1.000000
vt 0.000000 0.000000
vt 1.000000 0.000000
vt 0.000000 1.000000
vt 0.000000 0.000000
vt 1.000000 1.000000
vt 0.000000 1.000000
vt 1.000000 0.000000
vt 0.000000 0.000000
vt 1.000000 1.000000
vt 1.000000 0.000000
vt 0.000000 1.000000
vt 1.000000 1.000000
vt 0.000000 0.000000
vt 1.000000 0.000000
vt 0.000000 1.000000
vt 0.000000 0.000000
vt 1.000000 1.000000
vt 0.000000 1.000000
vt 1.000000 0.000000
vt 0.000000 0.000000
vt 1.000000 1.000000
vt 1.000000 0.000000
vt 0.000000 1.000000
vt 1.000000 1.000000
vt 0.000000 0.000000
vt 1.000000 0.000000
vt 0.000000 1.000000
vt 0.000000 0.000000
vt 1.000000 1.000000
vt 0.000000 1.000000
vt 1.000000 0.000000
vt 0.000000 0.000000
vt 1.000000 1.000000
vt 1.000000 0.000000
vt 0.000000 1.000000
vt 1.000000 1.000000
vt 0.000000 0.000000
vt 1.000000 0.000000
vt 0.000000 1.000000
vt 0.000000 0.000000
vt 1.000000 1.000000
vt 0.000000 1.000000
vt 1.000000 0.000000
vt 0.000000 0.000000
vt 1.000000 1.000000
vt 1.000000 0.000000
vt 0.000000 1.000000
vt 1.000000 1.000000
vt 0.000000 0.000000
vt 1.000000 0.000000
vt 0.000000 1.000000
vt 0.000000 0.000000
vt 1.000000 1.000000
vt 0.000000 1.000000
vt 1.000000 0.000000
vt 0.000000 0.000000
vt 1.000000 1.000000
vt 1.000000 0.000000
vt 0.000000 1.000000
vt 1.000000 1.000000
vt 0.000000 0.000000
vt 1.000000 0.000000
vt 0.000000 1.000000
vt 0.000000 0.000000
vt 1.000000 1.000000
vt 0.000000 1.000000
vt 1.000000 0.000000
vt 0.000000 0.000000
vt 1.000000 1.000000
vt 1.000000 0.000000
vt 0.000000 1.000000
vt 1.000000 1.000000
vt 0.000000 0.000000
vt 1.000000 0.000000
vt 0.000000 1.000000
vt 0.000000 0.000000
vt 1.000000 1.000000
vt 0.000000 1.000000
vt 1.000000 0.000000
vt 0.000000 0.000000
vt 1.000000 1.000000
vt 1.000000 0.000000
vt 0.000000 1.000000
vt 1.000000 1.000000
vt 0.000000 0.000000
vt 1.000000 0.000000
vt 0.000000 1.000000
vt 0.000000 0.000000
vt 1.000000 1.000000
vt 0.000000 1.000000
vt 1.000000 0.000000
vt 0.000000 0.000000
vt 1.000000 1.000000
vt 1.000000 0.000000
vt 0.000000 1.000000
vt 1.000000 1.000000
vt 0.000000 0.000000
vt 1.000000 0.000000
vt 0.000000 1.000000
vt 0.000000 0.000000
vt 1.000000 1.000000
vt 0.000000 1.000000
vt 1.000000 0.000000
vt 0.000000 0.000000
vt 1.000000 1.000000
vt 1.000000 0.000000
vt 0.000000 1.000000
vt 1.000000 1.000000
vt 0.000000 0.000000
vt 1.000000 0.000000
vt 0.000000 1.000000
vt 0.000000 0.000000
vt 1.000000 1.000000
vt 0.000000 1.000000
vt 1.000000 0.000000
vt 0.000000 0.000000
vt 1.000000 1.000000
vt 1.000000 0.000000
vt 0.000000 1.000000
vt 1.000000 1.000000
vt 0.000000 0.000000
vt 1.000000 0.000000
vt 0.000000 1.000000
vt 0.000000 0.000000
vt 1.000000 1.000000
vt 0.000000 1.000000
vt 1.000000 0.000000
vt 0.000000 0.000000
vt 1.000000 1.000000
vt 1.000000 0.000000
vt 0.000000 1.000000
vt 1.000000 1.000000
vt 0.000000 0.000000
vt 1.000000 0.000000
vt 0.000000 1.000000
vt 0.000000 0.000000
vt 1.000000 1.000000
vt 0.000000 1.000000
vt 1.000000 0.000000
vt 0.000000 0.000000
vt 1.000000 1.000000
vt 1.000000 0.000000
vt 0.000000 1.000000
vt 1.000000 1.000000
vt 0.000000 0.000000
vt 1.000000 0.000000
vt 0.000000 1.000000
vt 0.000000 0.000000
vt 1.000000 1.000000
vt 0.000000 1.000000
vt 1.000000 0.000000
vt 0.000000 0.000000
vt 1.000000 1.000000
vt 1.000000 0.000000
vt 0.000000 1.000000
vt 1.000000 1.000000
vt 0.000000 0.000000
vt 1.000000 0.000000
vt 0.000000 1.000000
vt 0.000000 0.000000
vt 1.000000 1.000000
vt 0.000000 1.000000
vt 1.000000 0.000000
vt 0.000000 0.000000
vt 1.000000 1.000000
vt 1.000000 0.000000
vt 0.000000 1.000000
vt 1.000000 1.000000
vt 0.000000 0.000000
vt 1.000000 0.000000
vt 0.000000 1.000000
vt 0.000000 0.000000
vt 1.000000 1.000000
vt 0.000000 1.000000
vt 1.000000 0.000000
vt 0.000000 0.000000
vt 1.000000 1.000000
vt 1.000000 0.000000
vt 0.000000 1.000000
vt 1.000000 1.000000
vt 0.000000 0.000000
vt 1.000000 0.000000
vt 0.000000 1.000000
vt 0.000000 0.000000
vt 1.000000 1.000000
vt 0.000000 1.000000
vt 1.000000 0.000000
vt 0.000000 0.000000
vt 1.000000 1.000000
vt 1.000000 0.000000
vt 0.000000 1.000000
vt 1.000000 1.000000
vt 0.000000 0.000000
vt 1.000000 0.000000
vt 0.000000 1.000000
vt 0.000000 0.000000
vt 1.000000 1.000000
vt 0.000000 1.000000
vt 1.000000 0.000000
vt 0.000000 0.000000
vt 1.000000 1.000000
vt 1.000000 0.000000
vt 0.000000 1.000000
vt 1.000000 1.000000
vt 0.000000 0.000000
f 1/1/1 2/2/2 3/3/3
f 4/4/4 5/5/5 6/6/6
f 7/7/7 8/8/8 9/9/9
f 10/10/10 11/11/11 12/12/12
f 13/13/13 14/14/14 15/15/15
f 16/16/16 17/17/17 18/18/18
f 19/19/19 20/20/20 21/21/21
f 22/22/22 23/23/23 24/24/24
f 25/25/25 26/26/26 27/27/27
f 28/28/28 29/29/29 30/30/30
f 31/31/31 32/32/32 33/33/33
f 34/34/34 35/35/35 36/36/36
f 37/37/37 38/38/38 39/39/39
f 40/40/40 41/41/41 42/42/42
f 43/43/43 44/44/44 45/45/45
f 46/46/46 47/47/47 48/48/48
f 49/49/49 50/50/50 51/51/51
f 52/52/52 53/53/53 54/54/54
f 55/55/55 56/56/56 57/57/57
f 58/58/58 59/59/59 60/60/60
f 61/61/61 62/62/62 63/63/63
f 64/64/64 65/65/65 66/66/66
f 67/67/67 68/68/68 69/69/69
f 70/70/70 71/71/71 72/72/72
f 73/73/73 74/74/74 75/75/75
f 76/76/76 77/77/77 78/78/78
f 79/79/79 80/80/80 81/81/81
f 82/82/82 83/83/83 84/84/84
f 85/85/85 86/86/86 87/87/87
f 88/88/88 89/89/89 90/90/90
f 91/91/91 92/92/92 93/93/93
f 94/94/94 95/95/95 96/96/96
f 97/97/97 98/98/98 99/99/99
f 100/100/100 101/101/101 102/102/102
f 103/103/103 104/104/104 105/105/105
f 106/106/106 107/107/107 108/108/108
f 109/109/109 110/110/110 111/111/111
f 112/112/112 113/113/113 114/114/114
f 115/115/115 116/116/116 117/117/117
f 118/118/118 119/119/119 120/120/120
f 121/121/121 122/122/122 123/123/123
f 124/124/124 125/125/125 126/126/126
f 127/127/127 128/128/128 129/129/129
f 130/130/130 131/131/131 132/132/132
f 133/133/133 134/134/134 135/135/135
f 136/136/136 137/137/137 138/138/138
f 139/139/139 140/140/140 141/141/141
f 142/142/142 143/143/143 144/144/144
f 145/145/145 146/146/146 147/147/147
f 148/148/148 149/149/149 150/150/150
f 151/151/151 152/152/152 153/153/153
f 154/154/154 155/155/155 156/156/156
f 157/157/157 158/158/158 159/159/159
f 160/160/160 161/161/161 162/162/162
f 163/163/163 164/164/164 165/165/165
f 166/166/166 167/167/167 168/168/168
f 169/169/169 170/170/170 171/171/171
f 172/172/172 173/173/173 174/174/174
f 175/175/175 176/176/176 177/177/177
f 178/178/178 179/179/179 180/180/180
f 181/181/181 182/182/182 183/183/183
f 184/184/184 185/185/185 186/186/186
f 187/187/187 188/188/188 189/189/189
f 190/190/190 191/191/191 192/192/192
f 193/193/193 194/194/194 195/195/195
f 196/196/196 197/197/197 198/198/198
f 199/199/199 200/200/200 201/201/201
f 202/202/202 203/203/203 204/204/204
f 205/205/205 206/206/206 207/207/207
f 208/208/208 209/209/209 210/210/210
f 211/211/211 212/212/212 213/213/213
f 214/214/214 215/215/215 216/216/216
f 217/217/217 218/218/218 219/219/219
f 220/220/220 221/221/221 222/222/222
f 223/223/223 224/224/224 225/225/225
f 226/226/226 227/227/227 228/228/228
f 229/229/229 230/230/230 231/231/231
f 232/232/232 233/233/233 234/234/234
f 235/235/235 236/236/236 237/237/237
f 238/238/238 239/239/239 240/240/240
f 241/241/241 242/242/242 243/243/243
f 244/244/244 245/245/245 246/246/246
f 247/247/247 248/248/248 249/249/249
f 250/250/250 251/251/251 252/252/252
f 253/253/253 254/254/254 255/255/255
f 256/256/256 257/257/257 258/258/258
f 259/259/259 260/260/260 261/261/261
f 262/262/262 263/263/263 264/264/264
f 265/265/265 266/266/266 267/267/267
f 268/268/268 269/269/269 270/270/270
f 271/271/271 272/272/272 273/273/273
f 274/274/274 275/275/275 276/276/276
f 277/277/277 278/278/278 279/279/279
f 280/280/280 281/281/281 282/282/282
f 283/283/283 284/284/284 285/285/285
f 286/286/286 287/287/287 288/288/288
f 289/289/289 290/290/290 291/291/291
f 292/292/292 293/293/293 294/294/294
f 295/295/295 296/296/296 297/297/297
f 298/298/298 299/299/299 300/300/300
f 301/301/301 302/302/302 303/303/303
f 304/304/304 305/305/305 306/306/306
f 307/307/307 308/308/308 309/309/309
f 310/310/310 311/311/311 312/312/312
f 313/313/313 314/314/314 315/315/315
f 316/316/316 317/317/317 318/318/318
f 319/319/319 320/320/320 321/321/321
f 322/322/322 323/323/323 324/324/324
f 325/325/325 326/326/326 327/327/327
f 328/328/328 329/329/329 330/330/330
f 331/331/331 332/332/332 333/333/333
f 334/334/334 335/335/335 336/336/336
f 337/337/337 338/338/338 339/339/339
f 340/340/340 341/341/341 342/342/342
f 343/343/343 344/344/344 345/345/345
f 346/346/346 347/347/347 348/348/348
f 349/349/349 350/350/350 351/351/351
f 352/352/352 353/353/353 354/354/354
f 355/355/355 356/356/356 357/357/357
f 358/358/358 359/359/359 360/360/360
f 361/361/361 362/362/362 363/363/363
f 364/364/364 365/365/365 366/366/366
f 367/367/367 368/368/368 369/369/369
f 370/370/370 371/371/371 372/372/372
f 373/373/373 374/374/374 375/375/375
f 376/376/376 377/377/377 378/378/378
f 379/379/379 380/380/380 381/381/381
f 382/382/382 383/383/383 384/384/384
f 385/385/385 386/386/386 387/387/387
f 388/388/388 389/389/389 390/390/390
f 391/391/391 392/392/392 393/393/393
f 394/394/394 395/395/395 396/396/396
f 397/397/397 398/398/398 399/399/399
f 400/400/400 401/401/401 402/402/402
f 403/403/403 404/404/404 405/405/405
f 406/406/406 407/407/407 408/408/408
f 409/409/409 410/410/410 411/411/411
f 412/412/412 413/413/413 414/414/414
f 415/415/415 416/416/416 417/417/417
f 418/418/418 419/419/419 420/420/420
f 421/421/421 422/422/422 423/423/423
f 424/424/424 425/425/425 426/426/426
f 427/427/427 428/428/428 429/429/429
f 430/430/430 431/431/431 432/432/432
f 433/433/433 434/434/434 435/435/435
f 436/436/436 437/437/437 438/438/438
f 439/439/439 440/440/440 441/441/441
f 442/442/442 443/443/443 444/444/444
f 445/445/445 446/446/446 447/447/447
f 448/448/448 449/449/449 450/450/450
f 451/451/451 452/452/452 453/453/453
f 454/454/454 455/455/455 456/456/456
f 457/457/457 458/458/458 459/459/459
f 460/460/460 461/461/461 462/462/462
f 463/463/463 464/464/464 465/465/465
f 466/466/466 467/467/467 468/468/468
f 469/469/469 470/470/470 471/471/471
f 472/472/472 473/473/473 474/474/474
f 475/475/475 476/476/476 477/477/477
f 478/478/478 479/479/479 480/480/480
f 481/481/481 482/482/482 483/483/483
f 484/484/484 485/485/485 486/486/486
f 487/487/487 488/488/488 489/489/489
f 490/490/490 491/491/491 492/492/492
f 493/493/493 494/494/494 495/495/495
f 496/496/496 497/497/497 498/498/498
f 499/499/499 500/500/500 501/501/501
f 502/502/502 503/503/503 504/504/504
f 505/505/505 506/506/506 507/507/507
f 508/508/508 509/509/509 510/510/510
f 511/511/511 512/512/512 513/513/513
f 514/514/514 515/515/515 516/516/516
f 517/517/517 518/518/518 519/519/519
f 520/520/520 521/521/521 522/522/522
f 523/523/523 524/524/524 525/525/525
f 526/526/526 527/527/527 528/528/528
f 529/529/529 530/530/530 531/531/531
f 532/532/532 533/533/533 534/534/534
f 535/535/535 536/536/536 537/537/537
f 538/538/538 539/539/539 540/540/540
f 541/541/541 542/542/542 543/543/543
f 544/544/544 545/545/545 546/546/546
f 547/547/547 548/548/548 549/549/549
f 550/550/550 551/551/551 552/552/552
f 553/553/553 554/554/554 555/555/555
f 556/556/556 557/557/557 558/558/558
f 559/559/559 560/560/560 561/561/561
f 562/562/562 563/563/563 564/564/564
f 565/565/565 566/566/566 567/567/567
f 568/568/568 569/569/569 570/570/570
f 571/571/571 572/572/572 573/573/573
f 574/574/574 575/575/575 576/576/576
f 577/577/577 578/578/578 579/579/579
f 580/580/580 581/581/581 582/582/582
f 583/583/583 584/584/584 585/585/585
f 586/586/586 587/587/587 588/588/588
f 589/589/589 590/590/590 591/591/591
f 592/592/592 593/593/593 594/594/594
f 595/595/595 596/596/596 597/597/597
f 598/598/598 599/599/599 600/600/600
f 601/601/601 602/602/602 603/603/603
f 604/604/604 605/605/605 606/606/606
f 607/607/607 608/608/608 609/609/609
f 610/610/610 611/611/611 612/612/612
f 613/613/613 614/614/614 615/615/615
f 616/616/616 617/617/617 618/618/618
f 619/619/619 620/620/620 621/621/621
f 622/622/622 623/623/623 624/624/624
f 625/625/625 626/626/626 627/627/627
f 628/628/628 629/629/629 630/630/630
f 631/631/631 632/632/632 633/633/633
f 634/634/634 635/635/635 636/636/636
f 637/637/637 638/638/638 639/639/639
f 640/640/640 641/641/641 642/642/642
f 643/643/643 644/644/644 645/645/645
f 646/646/646 647/647/647 648/648/648
f 649/649/649 650/650/650 651/651/651
f 652/652/652 653/653/653 654/654/654
f 655/655/655 656/656/656 657/657/657
f 658/658/658 659/659/659 660/660/660
f 661/661/661 662/662/662 663/663/663
f 664/664/664 665/665/665 666/666/666
f 667/667/667 668/668/668 669/669/669
f 670/670/670 671/671/671 672/672/672
f 673/673/673 674/674/674 675/675/675
f 676/676/676 677/677/677 678/678/678
f 679/679/679 680/680/680 681/681/681
f 682/682/682 683/683/683 684/684/684
f 685/685/685 686/686/686 687/687/687
f 688/688/688 689/689/689 690/690/690
f 691/691/691 692/692/692 693/693/693
f 694/694/694 695/695/695 696/696/696
f 697/697/697 698/698/698 699/699/699
f 700/700/700 701/701/701 702/702/702
f 703/703/703 704/704/704 705/705/705
f 706/706/706 707/707/707 708/708/708
f 709/709/709 710/710/710 711/711/711
f 712/712/712 713/713/713 714/714/714
f 715/715/715 716/716/716 717/717/717
f 718/718/718 719/719/719 720/720/720
f 721/721/721 722/722/722 723/723/723
f 724/724/724 725/725/725 726/726/726
f 727/727/727 728/728/728 729/729/729
f 730/730/730 731/731/731 732/732/732
f 733/733/733 734/734/734 735/735/735
f 736/736/736 737/737/737 738/738/738
f 739/739/739 740/740/740 741/741/741
f 742/742/742 743/743/743 744/744/744
f 745/745/745 746/746/746 747/747/747
f 748/748/748 749/749/749 750/750/750
f 751/751/751 752/752/752 753/753/753
f 754/754/754 755/755/755 756/756/756
f 757/757/757 758/758/758 759/759/759
f 760/760/760 761/761/761 762/762/762
f 763/763/763 764/764/764 765/765/765
f 766/766/766 767/767/767 768/768/768
f 769/769/769 770/770/770 771/771/771
f 772/772/772 773/773/773 774/774/774
f 775/775/775 776/776/776 777/777/777
f 778/778/778 779/779/779 780/780/780
f 781/781/781 782/782/782 783/783/783
f 784/784/784 785/785/785 786/786/786
f 787/787/787 788/788/788 789/789/789
f 790/790/790 791/791/791 792/792/792
f 793/793/793 794/794/794 795/795/795
f 796/796/796 797/797/797 798/798/798
f 799/799/799 800/800/800 801/801/801
f 802/802/802 803/803/803 804/804/804
f 805/805/805 806/806/806 807/807/807
f 808/808/808 809/809/809 810/810/810
f 811/811/811 812/812/812 813/813/813
f 814/814/814 815/815/815 816/816/816
f 817/817/817 818/818/818 819/819/819
f 820/820/820 821/821/821 822/822/822
f 823/823/823 824/824/824 825/825/825
f 826/826/826 827/827/827 828/828/828
f 829/829/829 830/830/830 831/831/831
f 832/832/832 833/833/833 834/834/834
f 835/835/835 836/836/836 837/837/837
f 838/838/838 839/839/839 840/840/840
f 841/841/841 842/842/842 843/843/843
f 844/844/844 845/845/845 846/846/846
f 847/847/847 848/848/848 849/849/849
f 850/850/850 851/851/851 852/852/852
f 853/853/853 854/854/854 855/855/855
f 856/856/856 857/857/857 858/858/858
f 859/859/859 860/860/860 861/861/861
f 862/862/862 863/863/863 864/864/864
f 865/865/865 866/866/866 867/867/867
f 868/868/868 869/869/869 870/870/870
f 871/871/871 872/872/872 873/873/873
f 874/874/874 875/875/875 876/876/876
f 877/877/877 878/878/878 879/879/879
f 880/880/880 881/881/881 882/882/882
f 883/883/883 884/884/884 885/885/885
f 886/886/886 887/887/887 888/888/888
f 889/889/889 890/890/890 891/891/891
f 892/892/892 893/893/893 894/894/894
f 895/895/895 896/896/896 897/897/897
f 898/898/898 899/899/899 900/900/900
f 901/901/901 902/902/902 903/903/903
f 904/904/904 905/905/905 906/906/906
f 907/907/907 908/908/908 909/909/909
f 910/910/910 911/911/911 912/912/912
f 913/913/913 914/914/914 915/915/915
f 916/916/916 917/917/917 918/918/918
f 919/919/919 920/920/920 921/921/921
f 922/922/922 923/923/923 924/924/924
f 925/925/925 926/926/926 927/927/927
f 928/928/928 929/929/929 930/930/930
f 931/931/931 932/932/932 933/933/933
f 934/934/934 935/935/935 936/936/936
f 937/937/937 938/938/938 939/939/939
f 940/940/940 941/941/941 942/942/942
f 943/943/943 944/944/944 945/945/945
f 946/946/946 947/947/947 948/948/948
f 949/949/949 950/950/950 951/951/951
f 952/952/952 953/953/953 954/954/954
f 955/955/955 956/956/956 957/957/957
f 958/958/958 959/959/959 960/960/960
f 961/961/961 962/962/962 963/963/963
f 964/964/964 965/965/965 966/966/966
f 967/967/967 968/968/968 969/969/969
f 970/970/970 971/971/971 972/972/972
f 973/973/973 974/974/974 975/975/975
f 976/976/976 977/977/977 978/978/978
f 979/979/979 980/980/980 981/981/981
f 982/982/982 983/983/983 984/984/984
f 985/985/985 986/986/986 987/987/987
f 988/988/988 989/989/989 990/990/990
f 991/991/991 992/992/992 993/993/993
f 994/994/994 995/995/995 996/996/996
f 997/997/997 998/998/998 999/999/999
f 1000/1000/1000 1001/1001/1001 1002/1002/1002
f 1003/1003/1003 1004/1004/1004 1005/1005/1005
f 1006/1006/1006 1007/1007/1007 1008/1008/1008
f 1009/1009/1009 1010/1010/1010 1011/1011/1011
f 1012/1012/1012 1013/1013/1013 1014/1014/1014
f 1015/1015/1015 1016/1016/1016 1017/1017/1017
f 1018/1018/1018 1019/1019/1019 1020/1020/1020
f 1021/1021/1021 1022/1022/1022 1023/1023/1023
f 1024/1024/1024 1025/1025/1025 1026/1026/1026
f 1027/1027/1027 1028/1028/1028 1029/1029/1029
f 1030/1030/1030 1031/1031/1031 1032/1032/1032
f 1033/1033/1033 1034/1034/1034 1035/1035/1035
f 1036/1036/1036 1037/1037/1037 1038/1038/1038
f 1039/1039/1039 1040/1040/1040 1041/1041/1041
f 1042/1042/1042 1043/1043/1043 1044/1044/1044
f 1045/1045/1045 1046/1046/1046 1047/1047/1047
f 1048/1048/1048 1049/1049/1049 1050/1050/1050
f 1051/1051/1051 1052/1052/1052 1053/1053/1053
f 1054/1054/1054 1055/1055/1055 1056/1056/1056
f 1057/1057/1057 1058/1058/1058 1059/1059/1059
f 1060/1060/1060 1061/1061/1061 1062/1062/1062
f 1063/1063/1063 1064/1064/1064 1065/1065/1065
f 1066/1066/1066 1067/1067/1067 1068/1068/1068
f 1069/1069/1069 1070/1070/1070 1071/1071/1071
f 1072/1072/1072 1073/1073/1073 1074/1074/1074
f 1075/1075/1075 1076/1076/1076 1077/1077/1077
f 1078/1078/1078 1079/1079/1079 1080/1080/1080
f 1081/1081/1081 1082/1082/1082 1083/1083/1083
f 1084/1084/1084 1085/1085/1085 1086/1086/1086
f 1087/1087/1087 1088/1088/1088 1089/1089/1089
f 1090/1090/1090 1091/1091/1091 1092/1092/1092
f 1093/1093/1093 1094/1094/1094 1095/1095/1095
f 1096/1096/1096 1097/1097/1097 1098/1098/1098
f 1099/1099/1099 1100/1100/1100 1101/1101/1101
f 1102/1102/1102 1103/1103/1103 1104/1104/1104
f 1105/1105/1105 1106/1106/1106 1107/1107/1107
f 1108/1108/1108 1109/1109/1109 1110/1110/1110
f 1111/1111/1111 1112/1112/1112 1113/1113/1113
f 1114/1114/1114 1115/1115/1115 1116/1116/1116
f 1117/1117/1117 1118/1118/1118 1119/1119/1119
f 1120/1120/1120 1121/1121/1121 1122/1122/1122
f 1123/1123/1123 1124/1124/1124 1125/1125/1125
f 1126/1126/1126 1127/1127/1127 1128/1128/1128
f 1129/1129/1129 1130/1130/1130 1131/1131/1131
f 1132/1132/1132 1133/1133/1133 1134/1134/1134
f 1135/1135/1135 1136/1136/1136 1137/1137/1137
f 1138/1138/1138 1139/1139/1139 1140/1140/1140
f 1141/1141/1141 1142/1142/1142 1143/1143/1143
f 1144/1144/1144 1145/1145/1145 1146/1146/1146
f 1147/1147/1147 1148/1148/1148 1149/1149/1149
f 1150/1150/1150 1151/1151/1151 1152/1152/1152
f 1153/1153/1153 1154/1154/1154 1155/1155/1155
f 1156/1156/1156 1157/1157/1157 1158/1158/1158
f 1159/1159/1159 1160/1160/1160 1161/1161/1161
f 1162/1162/1162 1163/1163/1163 1164/1164/1164
f 1165/1165/1165 1166/1166/1166 1167/1167/1167
f 1168/1168/1168 1169/1169/1169 1170/1170/1170
f 1171/1171/1171 1172/1172/1172 1173/1173/1173
f 1174/1174/1174 1175/1175/1175 1176/1176/1176
f 1177/1177/1177 1178/1178/1178 1179/1179/1179
f 1180/1180/1180 1181/1181/1181 1182/1182/1182
f 1183/1183/1183 1184/1184/1184 1185/1185/1185
f 1186/1186/1186 1187/1187/1187 1188/1188/1188
f 1189/1189/1189 1190/1190/1190 1191/1191/1191
f 1192/1192/1192 1193/1193/1193 1194/1194/1194
f 1195/1195/1195 1196/1196/1196 1197/1197/1197
f 1198/1198/1198 1199/1199/1199 1200/1200/1200
f 1201/1201/1201 1202/1202/1202 1203/1203/1203
f 1204/1204/1204 1205/1205/1205 1206/1206/1206
f 1207/1207/1207 1208/1208/1208 1209/1209/1209
f 1210/1210/1210 1211/1211/1211 1212/1212/1212
f 1213/1213/1213 1214/1214/1214 1215/1215/1215
f 1216/1216/1216 1217/1217/1217 1218/1218/1218
f 1219/1219/1219 1220/1220/1220 1221/1221/1221
f 1222/1222/1222 1223/1223/1223 1224/1224/1224
f 1225/1225/1225 1226/1226/1226 1227/1227/1227
f 1228/1228/1228 1229/1229/1229 1230/1230/1230
f 1231/1231/1231 1232/1232/1232 1233/1233/1233
f 1234/1234/1234 1235/1235/1235 1236/1236/1236
f 1237/1237/1237 1238/1238/1238 1239/1239/1239
f 1240/1240/1240 1241/1241/1241 1242/1242/1242
f 1243/1243/1243 1244/1244/1244 1245/1245/1245
f 1246/1246/1246 1247/1247/1247 1248/1248/1248
f 1249/1249/1249 1250/1250/1250 1251/1251/1251
f 1252/1252/1252 1253/1253/1253 1254/1254/1254
f 1255/1255/1255 1256/1256/1256 1257/1257/1257
f 1258/1258/1258 1259/1259/1259 1260/1260/1260
f 1261/1261/1261 1262/1262/1262 1263/1263/1263
f 1264/1264/1264 1265/1265/1265 1266/1266/1266
f 1267/1267/1267 1268/1268/1268 1269/1269/1269
f 1270/1270/1270 1271/1271/1271 1272/1272/1272
f 1273/1273/1273 1274/1274/1274 1275/1275/1275
f 1276/1276/1276 1277/1277/1277 1278/1278/1278
f 1279/1279/1279 1280/1280/1280 1281/1281/1281
f 1282/1282/1282 1283/1283/1283 1284/1284/1284
f 1285/1285/1285 1286/1286/1286 1287/1287/1287
f 1288/1288/1288 1289/1289/1289 1290/1290/1290
f 1291/1291/1291 1292/1292/1292 1293/1293/1293
f 1294/1294/1294 1295/1295/1295 1296/1296/1296
f 1297/1297/1297 1298/1298/1298 1299/1299/1299
f 1300/1300/1300 1301/1301/1301 1302/1302/1302
f 1303/1303/1303 1304/1304/1304 1305/1305/1305
f 1306/1306/1306 1307/1307/1307 1308/1308/1308
f 1309/1309/1309 1310/1310/1310 1311/1311/1311
f 1312/1312/1312 1313/1313/1313 1314/1314/1314
f 1315/1315/1315 1316/1316/1316 1317/1317/1317
f 1318/1318/1318 1319/1319/1319 1320/1320/1320
f 1321/1321/1321 1322/1322/1322 1323/1323/1323
f 1324/1324/1324 1325/1325/1325 1326/1326/1326
f 1327/1327/1327 1328/1328/1328 1329/1329/1329
f 1330/1330/1330 1331/1331/1331 1332/1332/1332
f 1333/1333/1333 1334/1334/1334 1335/1335/1335
f 1336/1336/1336 1337/1337/1337 1338/1338/1338
f 1339/1339/1339 1340/1340/1340 1341/1341/1341
f 1342/1342/1342 1343/1343/1343 1344/1344/1344
f 1345/1345/1345 1346/1346/1346 1347/1347/1347
f 1348/1348/1348 1349/1349/1349 1350/1350/1350
f 1351/1351/1351 1352/1352/1352 1353/1353/1353
f 1354/1354/1354 1355/1355/1355 1356/1356/1356
f 1357/1357/1357 1358/1358/1358 1359/1359/1359
f 1360/1360/1360 1361/1361/1361 1362/1362/1362
f 1363/1363/1363 1364/1364/1364 1365/1365/1365
f 1366/1366/1366 1367/1367/1367 1368/1368/1368
f 1369/1369/1369 1370/1370/1370 1371/1371/1371
f 1372/1372/1372 1373/1373/1373 1374/1374/1374
f 1375/1375/1375 1376/1376/1376 1377/1377/1377
f 1378/1378/1378 1379/1379/1379 1380/1380/1380
f 1381/1381/1381 1382/1382/1382 1383/1383/1383
f 1384/1384/1384 1385/1385/1385 1386/1386/1386
f 1387/1387/1387 1388/1388/1388 1389/1389/1389
f 1390/1390/1390 1391/1391/1391 1392/1392/1392
f 1393/1393/1393 1394/1394/1394 1395/1395/1395
f 1396/1396/1396 1397/1397/1397 1398/1398/1398
f 1399/1399/1399 1400/1400/1400 1401/1401/1401
f 1402/1402/1402 1403/1403/1403 1404/1404/1404
f 1405/1405/1405 1406/1406/1406 1407/1407/1407
f 1408/1408/1408 1409/1409/1409 1410/1410/1410
f 1411/1411/1411 1412/1412/1412 1413/1413/1413
f 1414/1414/1414 1415/1415/1415 1416/1416/1416
f 1417/1417/1417 1418/1418/1418 1419/1419/1419
f 1420/1420/1420 1421/1421/1421 1422/1422/1422
f 1423/1423/1423 1424/1424/1424 1425/1425/1425
f 1426/1426/1426 1427/1427/1427 1428/1428/1428
f 1429/1429/1429 1430/1430/1430 1431/1431/1431
f 1432/1432/1432 1433/1433/1433 1434/1434/1434
f 1435/1435/1435 1436/1436/1436 1437/1437/1437
f 1438/1438/1438 1439/1439/1439 1440/1440/1440
f 1441/1441/1441 1442/1442/1442 1443/1443/1443
f 1444/1444/1444 1445/1445/1445 1446/1446/1446
f 1447/1447/1447 1448/1448/1448 1449/1449/1449
f 1450/1450/1450 1451/1451/1451 1452/1452/1452
f 1453/1453/1453 1454/1454/1454 1455/1455/1455
f 1456/1456/1456 1457/1457/1457 1458/1458/1458
f 1459/1459/1459 1460/1460/1460 1461/1461/1461
f 1462/1462/1462 1463/1463/1463 1464/1464/1464
f 1465/1465/1465 1466/1466/1466 1467/1467/1467
f 1468/1468/1468 1469/1469/1469 1470/1470/1470
f 1471/1471/1471 1472/1472/1472 1473/1473/1473
f 1474/1474/1474 1475/1475/1475 1476/1476/1476
f 1477/1477/1477 1478/1478/1478 1479/1479/1479
f 1480/1480/1480 1481/1481/1481 1482/1482/1482
f 1483/1483/1483 1484/1484/1484 1485/1485/1485
f 1486/1486/1486 1487/1487/1487 1488/1488/1488
f 1489/1489/1489 1490/1490/1490 1491/1491/1491
f 1492/1492/1492 1493/1493/1493 1494/1494/1494
f 1495/1495/1495 1496/1496/1496 1497/1497/1497
f 1498/1498/1498 1499/1499/1499 1500/1500/1500
f 1501/1501/1501 1502/1502/1502 1503/1503/1503
f 1504/1504/1504 1505/1505/1505 1506/1506/1506
f 1507/1507/1507 1508/1508/1508 1509/1509/1509
f 1510/1510/1510 1511/1511/1511 1512/1512/1512
f 1513/1513/1513 1514/1514/1514 1515/1515/1515
f 1516/1516/1516 1517/1517/1517 1518/1518/1518
f 1519/1519/1519 1520/1520/1520 1521/1521/1521
f 1522/1522/1522 1523/1523/1523 1524/1524/1524
f 1525/1525/1525 1526/1526/1526 1527/1527/1527
f 1528/1528/1528 1529/1529/1529 1530/1530/1530
f 1531/1531/1531 1532/1532/1532 1533/1533/1533
f 1534/1534/1534 1535/1535/1535 1536/1536/1536
f 1537/1537/1537 1538/1538/1538 1539/1539/1539
f 1540/1540/1540 1541/1541/1541 1542/1542/1542
f 1543/1543/1543 1544/1544/1544 1545/1545/1545
f 1546/1546/1546 1547/1547/1547 1548/1548/1548
f 1549/1549/1549 1550/1550/1550 1551/1551/1551
f 1552/1552/1552 1553/1553/1553 1554/1554/1554
f 1555/1555/1555 1556/1556/1556 1557/1557/1557
f 1558/1558/1558 1559/1559/1559 1560/1560/1560
f 1561/1561/1561 1562/1562/1562 1563/1563/1563
f 1564/1564/1564 1565/1565/1565 1566/1566/1566
f 1567/1567/1567 1568/1568/1568 1569/1569/1569
f 1570/1570/1570 1571/1571/1571 1572/1572/1572
f 1573/1573/1573 1574/1574/1574 1575/1575/1575
f 1576/1576/1576 1577/1577/1577 1578/1578/1578
f 1579/1579/1579 1580/1580/1580 1581/1581/1581
f 1582/1582/1582 1583/1583/1583 1584/1584/1584
f 1585/1585/1585 1586/1586/1586 1587/1587/1587
f 1588/1588/1588 1589/1589/1589 1590/1590/1590
f 1591/1591/1591 1592/1592/1592 1593/1593/1593
f 1594/1594/1594 1595/1595/1595 1596/1596/1596
f 1597/1597/1597 1598/1598/1598 1599/1599/1599
f 1600/1600/1600 1601/1601/1601 1602/1602/1602
f 1603/1603/1603 1604/1604/1604 1605/1605/1605
f 1606/1606/1606 1607/1607/1607 1608/1608/1608
f 1609/1609/1609 1610/1610/1610 1611/1611/1611
f 1612/1612/1612 1613/1613/1613 1614/1614/1614
f 1615/1615/1615 1616/1616/1616 1617/1617/1617
f 1618/1618/1618 1619/1619/1619 1620/1620/1620
f 1621/1621/1621 1622/1622/1622 1623/1623/1623
f 1624/1624/1624 1625/1625/1625 1626/1626/1626
f 1627/1627/1627 1628/1628/1628 1629/1629/1629
f 1630/1630/1630 1631/1631/1631 1632/1632/1632
f 1633/1633/1633 1634/1634/1634 1635/1635/1635
f 1636/1636/1636 1637/1637/1637 1638/1638/1638
f 1639/1639/1639 1640/1640/1640 1641/1641/1641
f 1642/1642/1642 1643/1643/1643 1644/1644/1644
f 1645/1645/1645 1646/1646/1646 1647/1647/1647
f 1648/1648/1648 1649/1649/1649 1650/1650/1650
f 1651/1651/1651 1652/1652/1652 1653/1653/1653
f 1654/1654/1654 1655/1655/1655 1656/1656/1656
f 1657/1657/1657 1658/1658/1658 1659/1659/1659
f 1660/1660/1660 1661/1661/1661 1662/1662/1662
f 1663/1663/1663 1664/1664/1664 1665/1665/1665
f 1666/1666/1666 1667/1667/1667 1668/1668/1668
f 1669/1669/1669 1670/1670/1670 1671/1671/1671
f 1672/1672/1672 1673/1673/1673 1674/1674/1674
f 1675/1675/1675 1676/1676/1676 1677/1677/1677
f 1678/1678/1678 1679/1679/1679 1680/1680/1680
f 1681/1681/1681 1682/1682/1682 1683/1683/1683
f 1684/1684/1684 1685/1685/1685 1686/1686/1686
f 1687/1687/1687 1688/1688/1688 1689/1689/1689
f 1690/1690/1690 1691/1691/1691 1692/1692/1692
f 1693/1693/1693 1694/1694/1694 1695/1695/1695
f 1696/1696/1696 1697/1697/1697 1698/1698/1698
f 1699/1699/1699 1700/1700/1700 1701/1701/1701
f 1702/1702/1702 1703/1703/1703 1704/1704/1704
f 1705/1705/1705 1706/1706/1706 1707/1707/1707
f 1708/1708/1708 1709/1709/1709 1710/1710/1710
f 1711/1711/1711 1712/1712/1712 1713/1713/1713
f 1714/1714/1714 1715/1715/1715 1716/1716/1716
f 1717/1717/1717 1718/1718/1718 1719/1719/1719
f 1720/1720/1720 1721/1721/1721 1722/1722/1722
f 1723/1723/1723 1724/1724/1724 1725/1725/1725
f 1726/1726/1726 1727/1727/1727 1728/1728/1728
f 1729/1729/1729 1730/1730/1730 1731/1731/1731
f 1732/1732/1732 1733/1733/1733 1734/1734/1734
f 1735/1735/1735 1736/1736/1736 1737/1737/1737
f 1738/1738/1738 1739/1739/1739 1740/1740/1740
f 1741/1741/1741 1742/1742/1742 1743/1743/1743
f 1744/1744/1744 1745/1745/1745 1746/1746/1746
f 1747/1747/1747 1748/1748/1748 1749/1749/1749
f 1750/1750/1750 1751/1751/1751 1752/1752/1752
f 1753/1753/1753 1754/1754/1754 1755/1755/1755
f 1756/1756/1756 1757/1757/1757 1758/1758/1758
f 1759/1759/1759 1760/1760/1760 1761/1761/1761
f 1762/1762/1762 1763/1763/1763 1764/1764/1764
f 1765/1765/1765 1766/1766/1766 1767/1767/1767
f 1768/1768/1768 1769/1769/1769 1770/1770/1770
f 1771/1771/1771 1772/1772/1772 1773/1773/1773
f 1774/1774/1774 1775/1775/1775 1776/1776/1776
f 1777/1777/1777 1778/1778/1778 1779/1779/1779
f 1780/1780/1780 1781/1781/1781 1782/1782/1782
f 1783/1783/1783 1784/1784/1784 1785/1785/1785
f 1786/1786/1786 1787/1787/1787 1788/1788/1788
f 1789/1789/1789 1790/1790/1790 1791/1791/1791
f 1792/1792/1792 1793/1793/1793 1794/1794/1794
f 1795/1795/1795 1796/1796/1796 1797/1797/1797
f 1798/1798/1798 1799/1799/1799 1800/1800/1800
f 1801/1801/1801 1802/1802/1802 1803/1803/1803
f 1804/1804/1804 1805/1805/1805 1806/1806/1806
f 1807/1807/1807 1808/1808/1808 1809/1809/1809
f 1810/1810/1810 1811/1811/1811 1812/1812/1812
f 1813/1813/1813 1814/1814/1814 1815/1815/1815
f 1816/1816/1816 1817/1817/1817 1818/1818/1818
f 1819/1819/1819 1820/1820/1820 1821/1821/1821
f 1822/1822/1822 1823/1823/1823 1824/1824/1824
f 1825/1825/1825 1826/1826/1826 1827/1827/1827
f 1828/1828/1828 1829/1829/1829 1830/1830/1830
f 1831/1831/1831 1832/1832/1832 1833/1833/1833
f 1834/1834/1834 1835/1835/1835 1836/1836/1836
f 1837/1837/1837 1838/1838/1838 1839/1839/1839
f 1840/1840/1840 1841/1841/1841 1842/1842/1842
f 1843/1843/1843 1844/1844/1844 1845/1845/1845
f 1846/1846/1846 1847/1847/1847 1848/1848/1848
f 1849/1849/1849 1850/1850/1850 1851/1851/1851
f 1852/1852/1852 1853/1853/1853 1854/1854/1854
f 1855/1855/1855 1856/1856/1856 1857/1857/1857
f 1858/1858/1858 1859/1859/1859 1860/1860/1860
f 1861/1861/1861 1862/1862/1862 1863/1863/1863
f 1864/1864/1864 1865/1865/1865 1866/1866/1866
f 1867/1867/1867 1868/1868/1868 1869/1869/1869
f 1870/1870/1870 1871/1871/1871 1872/1872/1872
f 1873/1873/1873 1874/1874/1874 1875/1875/1875
f 1876/1876/1876 1877/1877/1877 1878/1878/1878
f 1879/1879/1879 1880/1880/1880 1881/1881/1881
f 1882/1882/1882 1883/1883/1883 1884/1884/1884
f 1885/1885/1885 1886/1886/1886 1887/1887/1887
f 1888/1888/1888 1889/1889/1889 1890/1890/1890
f 1891/1891/1891 1892/1892/1892 1893/1893/1893
f 1894/1894/1894 1895/1895/1895 1896/1896/1896
f 1897/1897/1897 1898/1898/1898 1899/1899/1899
f 1900/1900/1900 1901/1901/1901 1902/1902/1902
f 1903/1903/1903 1904/1904/1904 1905/1905/1905
f 1906/1906/1906 1907/1907/1907 1908/1908/1908
f 1909/1909/1909 1910/1910/1910 1911/1911/1911
f 1912/1912/1912 1913/1913/1913 1914/1914/1914
f 1915/1915/1915 1916/1916/1916 1917/1917/1917
f 1918/1918/1918 1919/1919/1919 1920/1920/1920
f 1921/1921/1921 1922/1922/1922 1923/1923/1923
f 1924/1924/1924 1925/1925/1925 1926/1926/1926
f 1927/1927/1927 1928/1928/1928 1929/1929/1929
f 1930/1930/1930 1931/1931/1931 1932/1932/1932
f 1933/1933/1933 1934/1934/1934 1935/1935/1935
f 1936/1936/1936 1937/1937/1937 1938/1938/1938
f 1939/1939/1939 1940/1940/1940 1941/1941/1941
f 1942/1942/1942 1943/1943/1943 1944/1944/1944
f 1945/1945/1945 1946/1946/1946 1947/1947/1947
f 1948/1948/1948 1949/1949/1949 1950/1950/1950
f 1951/1951/1951 1952/1952/1952 1953/1953/1953
f 1954/1954/1954 1955/1955/1955 1956/1956/1956
f 1957/1957/1957 1958/1958/1958 1959/1959/1959
f 1960/1960/1960 1961/1961/1961 1962/1962/1962
f 1963/1963/1963 1964/1964/1964 1965/1965/1965
f 1966/1966/1966 1967/1967/1967 1968/1968/1968
f 1969/1969/1969 1970/1970/1970 1971/1971/1971
f 1972/1972/1972 1973/1973/1973 1974/1974/1974
f 1975/1975/1975 1976/1976/1976 1977/1977/1977
f 1978/1978/1978 1979/1979/1979 1980/1980/1980
f 1981/1981/1981 1982/1982/1982 1983/1983/1983
f 1984/1984/1984 1985/1985/1985 1986/1986/1986
f 1987/1987/1987 1988/1988/1988 1989/1989/1989
f 1990/1990/1990 1991/1991/1991 1992/1992/1992
f 1993/1993/1993 1994/1994/1994 1995/1995/1995
f 1996/1996/1996 1997/1997/1997 1998/1998/1998
f 1999/1999/1999 2000/2000/2000 2001/2001/2001
f 2002/2002/2002 2003/2003/2003 2004/2004/2004
f 2005/2005/2005 2006/2006/2006 2007/2007/2007
f 2008/2008/2008 2009/2009/2009 2010/2010/2010
f 2011/2011/2011 2012/2012/2012 2013/2013/2013
f 2014/2014/2014 2015/2015/2015 2016/2016/2016
f 2017/2017/2017 2018/2018/2018 2019/2019/2019
f 2020/2020/2020 2021/2021/2021 2022/2022/2022
f 2023/2023/2023 2024/2024/2024 2025/2025/2025
f 2026/2026/2026 2027/2027/2027 2028/2028/2028
f 2029/2029/2029 2030/2030/2030 2031/2031/2031
f 2032/2032/2032 2033/2033/2033 2034/2034/2034
f 2035/2035/2035 2036/2036/2036 2037/2037/2037
f 2038/2038/2038 2039/2039/2039 2040/2040/2040
f 2041/2041/2041 2042/2042/2042 2043/2043/2043
f 2044/2044/2044 2045/2045/2045 2046/2046/2046
f 2047/2047/2047 2048/2048/2048 2049/2049/2049
f 2050/2050/2050 2051/2051/2051 2052/2052/2052
f 2053/2053/2053 2054/2054/2054 2055/2055/2055
f 2056/2056/2056 2057/2057/2057 2058/2058/2058
f 2059/2059/2059 2060/2060/2060 2061/2061/2061
f 2062/2062/2062 2063/2063/2063 2064/2064/2064
f 2065/2065/2065 2066/2066/2066 2067/2067/2067
f 2068/2068/2068 2069/2069/2069 2070/2070/2070
f 2071/2071/2071 2072/2072/2072 2073/2073/2073
f 2074/2074/2074 2075/2075/2075 2076/2076/2076
f 2077/2077/2077 2078/2078/2078 2079/2079/2079
f 2080/2080/2080 2081/2081/2081 2082/2082/2082
f 2083/2083/2083 2084/2084/2084 2085/2085/2085
f 2086/2086/2086 2087/2087/2087 2088/2088/2088
f 2089/2089/2089 2090/2090/2090 2091/2091/2091
f 2092/2092/2092 2093/2093/2093 2094/2094/2094
f 2095/2095/2095 2096/2096/2096 2097/2097/2097
f 2098/2098/2098 2099/2099/2099 2100/2100/2100
g face_texture_1
usemtl tex_1
v -347.812207 2.657277 -404.835681
v -358.028169 4.441315 -425.765258
v -363.568075 2.657277 -409.492958
v -342.553991 4.441315 -420.244131
v -358.028169 4.441315 -425.765258
v -347.812207 2.657277 -404.835681
v -332.056338 2.657277 -400.178404
v -342.553991 4.441315 -420.244131
v -347.812207 2.657277 -404.835681
v -327.079812 4.441315 -414.723005
v -342.553991 4.441315 -420.244131
v -332.056338 2.657277 -400.178404
v -352.169014 1.295775 -389.107981
v -363.568075 2.657277 -409.492958
v -368.215962 1.295775 -392.629108
v -347.812207 2.657277 -404.835681
v -363.568075 2.657277 -409.492958
v -352.169014 1.295775 -389.107981
v -336.122066 1.295775 -385.586854
v -347.812207 2.657277 -404.835681
v -352.169014 1.295775 -389.107981
v -332.056338 2.657277 -400.178404
v -347.812207 2.657277 -404.835681
v -336.122066 1.295775 -385.586854
v -355.295775 0.394366 -373.061033
v -368.215962 1.295775 -392.629108
v -371.615023 0.394366 -375.014085
v -352.169014 1.295775 -389.107981
v -368.215962 1.295775 -392.629108
v -355.295775 0.394366 -373.061033
v -338.985915 0.394366 -371.107981
v -352.169014 1.295775 -389.107981
v -355.295775 0.394366 -373.061033
v -336.122066 1.295775 -385.586854
v -352.169014 1.295775 -389.107981
v -338.985915 0.394366 -371.107981
v -356.751174 0.009390 -356.760563
v -371.615023 0.394366 -375.014085
v -373.183099 0.009390 -356.863850
v -355.295775 0.394366 -373.061033
v -371.615023 0.394366 -375.014085
v -356.751174 0.009390 -356.760563
v -340.319249 0.009390 -356.666667
v -355.295775 0.394366 -373.061033
v -356.751174 0.009390 -356.760563
v -338.985915 0.394366 -371.107981
v -355.295775 0.394366 -373.061033
v -340.319249 0.009390 -356.666667
v -356.807512 0.000000 -340.384977
v -373.183099 0.009390 -356.863850
v -373.239437 0.000000 -340.384977
v -356.751174 0.009390 -356.760563
v -373.183099 0.009390 -356.863850
v -356.807512 0.000000 -340.384977
v -340.375587 0.000000 -340.384977
v -356.751174 0.009390 -356.760563
v -356.807512 0.000000 -340.384977
v -340.319249 0.009390 -356.666667
v -356.751174 0.009390 -356.760563
v -340.375587 0.000000 -340.384977
v -356.807512 0.000000 -12.694836
v -373.239437 0.000000 -29.079812
v -373.239437 0.000000 -12.694836
v -356.807512 0.000000 -29.079812
v -373.239437 0.000000 -29.079812
v -356.807512 0.000000 -12.694836
v -340.375587 0.000000 -12.694836
v -356.807512 0.000000 -29.079812
v -356.807512 0.000000 -12.694836
v -340.375587 0.000000 -29.079812
v -356.807512 0.000000 -29.079812
v -340.375587 0.000000 -12.694836
v -356.807512 0.000000 3.680751
v -373.239437 0.000000 -12.694836
v -373.239437 0.000000 3.680751
v -356.807512 0.000000 -12.694836
v -373.239437 0.000000 -12.694836
v -356.807512 0.000000 3.680751
v -340.375587 0.000000 3.680751
v -356.807512 0.000000 -12.694836
v -356.807512 0.000000 3.680751
v -340.375587 0.000000 -12.694836
v -356.807512 0.000000 -12.694836
v -340.375587 0.000000 3.680751
v -356.807512 0.000000 20.065728
v -373.239437 0.000000 3.680751
v -373.239437 0.000000 20.065728
v -356.807512 0.000000 3.680751
v -373.239437 0.000000 3.680751
v -356.807512 0.000000 20.065728
v -340.375587 0.000000 20.065728
v -356.807512 0.000000 3.680751
v -356.807512 0.000000 20.065728
v -340.375587 0.000000 3.680751
v -356.807512 0.000000 3.680751
v -340.375587 0.000000 20.065728
v -356.807512 0.000000 36.450704
v -373.239437 0.000000 20.065728
v -373.239437 0.000000 36.450704
v -356.807512 0.000000 20.065728
v -373.239437 0.000000 20.065728
v -356.807512 0.000000 36.450704
v -340.375587 0.000000 36.450704
v -356.807512 0.000000 20.065728
v -356.807512 0.000000 36.450704
v -340.375587 0.000000 20.065728
v -356.807512 0.000000 20.065728
v -340.375587 0.000000 36.450704
v -356.807512 0.000000 52.826291
v -373.239437 0.000000 36.450704
v -373.239437 0.000000 52.826291
v -356.807512 0.000000 36.450704
v -373.239437 0.000000 36.450704
v -356.807512 0.000000 52.826291
v -340.375587 0.000000 52.826291
v -356.807512 0.000000 36.450704
v -356.807512 0.000000 52.826291
v -340.375587 0.000000 36.450704
v -356.807512 0.000000 36.450704
v -340.375587 0.000000 52.826291
v -356.807512 0.000000 69.211268
v -373.239437 0.000000 52.826291
v -373.239437 0.000000 69.211268
v -356.807512 0.000000 52.826291
v -373.239437 0.000000 52.826291
v -356.807512 0.000000 69.211268
v -340.375587 0.000000 69.211268
v -356.807512 0.000000 52.826291
v -356.807512 0.000000 69.211268
v -340.375587 0.000000 52.826291
v -356.807512 0.000000 52.826291
v -340.375587 0.000000 69.211268
v -356.807512 0.000000 85.596244
v -373.239437 0.000000 69.211268
v -373.239437 0.000000 85.596244
v -356.807512 0.000000 69.211268
v -373.239437 0.000000 69.211268
v -356.807512 0.000000 85.596244
v -340.375587 0.000000 85.596244
v -356.807512 0.000000 69.211268
v -356.807512 0.000000 85.596244
v -340.375587 0.000000 69.211268
v -356.807512 0.000000 69.211268
v -340.375587 0.000000 85.596244
v -356.807512 0.000000 101.981221
v -373.239437 0.000000 85.596244
v -373.239437 0.000000 101.981221
v -356.807512 0.000000 85.596244
v -373.239437 0.000000 85.596244
v -356.807512 0.000000 101.981221
v -340.375587 0.000000 101.981221
v -356.807512 0.000000 85.596244
v -356.807512 0.000000 101.981221
v -340.375587 0.000000 85.596244
v -356.807512 0.000000 85.596244
v -340.375587 0.000000 101.981221
v -356.807512 0.000000 118.366197
v -373.239437 0.000000 101.981221
v -373.239437 0.000000 118.366197
v -356.807512 0.000000 101.981221
v -373.239437 0.000000 101.981221
v -356.807512 0.000000 118.366197
v -340.375587 0.000000 118.366197
v -356.807512 0.000000 101.981221
v -356.807512 0.000000 118.366197
v -340.375587 0.000000 101.981221
v -356.807512 0.000000 101.981221
v -340.375587 0.000000 118.366197
v -356.807512 0.000000 134.751174
v -373.239437 0.000000 118.366197
v -373.239437 0.000000 134.751174
v -356.807512 0.000000 118.366197
v -373.239437 0.000000 118.366197
v -356.807512 0.000000 134.751174
v -340.375587 0.000000 134.751174
v -356.807512 0.000000 118.366197
v -356.807512 0.000000 134.751174
v -340.375587 0.000000 118.366197
v -356.807512 0.000000 118.366197
v -340.375587 0.000000 134.751174
v -356.807512 0.000000 151.136150
v -373.239437 0.000000 134.751174
v -373.239437 0.000000 151.136150
v -356.807512 0.000000 134.751174
v -373.239437 0.000000 134.751174
v -356.807512 0.000000 151.136150
v -340.375587 0.000000 151.136150
v -356.807512 0.000000 134.751174
v -356.807512 0.000000 151.136150
v -340.375587 0.000000 134.751174
v -356.807512 0.000000 134.751174
v -340.375587 0.000000 151.136150
v -355.446009 0.000000 200.178404
v -373.211268 0.000000 184.328638
v -371.361502 0.000000 204.253521
v -356.779343 0.000000 183.896714
v -373.211268 0.000000 184.328638
v -355.446009 0.000000 200.178404
v -350.760563 0.000000 215.859155
v -371.361502 0.000000 204.253521
v -365.877934 0.000000 222.309859
v -355.446009 0.000000 200.178404
v -371.361502 0.000000 204.253521
v -350.760563 0.000000 215.859155
v -335.643192 0.000000 209.408451
v -355.446009 0.000000 200.178404
v -350.760563 0.000000 215.859155
v -339.530516 0.000000 196.103286
v -355.446009 0.000000 200.178404
v -335.643192 0.000000 209.408451
v -343.953052 0.000000 230.751174
v -365.877934 0.000000 222.309859
v -358.347418 0.000000 238.666667
v -350.760563 0.000000 215.859155
v -365.877934 0.000000 222.309859
v -343.953052 0.000000 230.751174
v -329.549296 0.000000 222.835681
v -350.760563 0.000000 215.859155
v -343.953052 0.000000 230.751174
v -335.643192 0.000000 209.408451
v -350.760563 0.000000 215.859155
v -329.549296 0.000000 222.835681
v -335.812207 0.000000 244.967136
v -358.347418 0.000000 238.666667
v -349.643192 0.000000 253.840376
v -343.953052 0.000000 230.751174
v -358.347418 0.000000 238.666667
v -335.812207 0.000000 244.967136
v -321.981221 0.000000 236.084507
v -343.953052 0.000000 230.751174
v -335.812207 0.000000 244.967136
v -329.549296 0.000000 222.835681
v -343.953052 0.000000 230.751174
v -321.981221 0.000000 236.084507
v -326.788732 0.000000 258.638498
v -349.643192 0.000000 253.840376
v -340.169014 0.000000 268.187793
v -335.812207 0.000000 244.967136
v -349.643192 0.000000 253.840376
v -326.788732 0.000000 258.638498
v -313.417840 0.000000 249.089202
v -335.812207 0.000000 244.967136
v -326.788732 0.000000 258.638498
v -321.981221 0.000000 236.084507
v -335.812207 0.000000 244.967136
v -313.417840 0.000000 249.089202
v -317.154930 0.000000 271.887324
v -340.169014 0.000000 268.187793
v -330.178404 0.000000 281.906103
v -326.788732 0.000000 258.638498
v -340.169014 0.000000 268.187793
v -317.154930 0.000000 271.887324
v -304.131455 0.000000 261.859155
v -326.788732 0.000000 258.638498
v -317.154930 0.000000 271.887324
v -313.417840 0.000000 249.089202
v -326.788732 0.000000 258.638498
v -304.131455 0.000000 261.859155
v -273.643192 0.000000 299.126761
v -296.666667 0.000000 297.455399
v -286.037559 0.000000 309.924883
v -284.131455 0.000000 286.835681
v -296.666667 0.000000 297.455399
v -273.643192 0.000000 299.126761
v -275.239437 0.000000 322.253521
v -298.422535 0.000000 320.713615
v -287.539906 0.000000 333.145540
v -286.037559 0.000000 309.924883
v -298.422535 0.000000 320.713615
v -275.239437 0.000000 322.253521
v -262.938967 0.000000 311.352113
v -286.037559 0.000000 309.924883
v -275.239437 0.000000 322.253521
v -273.643192 0.000000 299.126761
v -286.037559 0.000000 309.924883
v -262.938967 0.000000 311.352113
v -264.366197 0.000000 334.507042
v -287.539906 0.000000 333.145540
v -276.647887 0.000000 345.427230
v -275.239437 0.000000 322.253521
v -287.539906 0.000000 333.145540
v -264.366197 0.000000 334.507042
v -252.093897 0.000000 323.586854
v -275.239437 0.000000 322.253521
v -264.366197 0.000000 334.507042
v -262.938967 0.000000 311.352113
v -275.239437 0.000000 322.253521
v -252.093897 0.000000 323.586854
v -253.492958 0.000000 346.760563
v -276.647887 0.000000 345.427230
v -265.830986 0.000000 357.605634
v -264.366197 0.000000 334.507042
v -276.647887 0.000000 345.427230
v -253.492958 0.000000 346.760563
v -241.145540 0.000000 335.906103
v -264.366197 0.000000 334.507042
v -253.492958 0.000000 346.760563
v -252.093897 0.000000 323.586854
v -264.366197 0.000000 334.507042
v -241.145540 0.000000 335.906103
v -242.704225 0.000000 359.098592
v -265.830986 0.000000 357.605634
v -255.239437 0.000000 369.727700
v -253.492958 0.000000 346.760563
v -265.830986 0.000000 357.605634
v -242.704225 0.000000 359.098592
v -230.178404 0.000000 348.460094
v -253.492958 0.000000 346.760563
v -242.704225 0.000000 359.098592
v -241.145540 0.000000 335.906103
v -253.492958 0.000000 346.760563
v -230.178404 0.000000 348.460094
v -232.234742 0.075117 371.680751
v -255.239437 0.000000 369.727700
v -245.417840 0.075117 381.492958
v -242.704225 0.000000 359.098592
v -255.239437 0.000000 369.727700
v -232.234742 0.075117 371.680751
v -219.051643 0.084507 361.877934
v -242.704225 0.000000 359.098592
v -232.234742 0.075117 371.680751
v -230.178404 0.000000 348.460094
v -242.704225 0.000000 359.098592
v -219.051643 0.084507 361.877934
v -222.760563 1.511737 384.948357
v -245.417840 0.075117 381.492958
v -236.657277 1.502347 393.708920
v -232.234742 0.075117 371.680751
v -245.417840 0.075117 381.492958
v -222.760563 1.511737 384.948357
v -208.854460 1.511737 376.197183
v -232.234742 0.075117 371.680751
v -222.760563 1.511737 384.948357
v -219.051643 0.084507 361.877934
v -232.234742 0.075117 371.680751
v -208.854460 1.511737 376.197183
v -214.366197 4.535211 398.685446
v -236.657277 1.502347 393.708920
v -228.732394 4.535211 406.657277
v -222.760563 1.511737 384.948357
v -236.657277 1.502347 393.708920
v -214.366197 4.535211 398.685446
v -200.000000 4.544601 390.713615
v -222.760563 1.511737 384.948357
v -214.366197 4.535211 398.685446
v -208.854460 1.511737 376.197183
v -222.760563 1.511737 384.948357
v -200.000000 4.544601 390.713615
v -206.826291 8.816901 412.582160
v -228.732394 4.535211 406.657277
v -221.474178 8.816901 420.018779
v -214.366197 4.535211 398.685446
v -228.732394 4.535211 406.657277
v -206.826291 8.816901 412.582160
v -192.169014 8.816901 405.136150
v -214.366197 4.535211 398.685446
v -206.826291 8.816901 412.582160
v -200.000000 4.544601 390.713615
v -214.366197 4.535211 398.685446
v -192.169014 8.816901 405.136150
v -199.877934 14.084507 426.450704
v -221.474178 8.816901 420.018779
v -214.685446 14.075117 433.577465
v -206.826291 8.816901 412.582160
v -221.474178 8.816901 420.018779
v -199.877934 14.084507 426.450704
v -185.070423 14.093897 419.314554
v -206.826291 8.816901 412.582160
v -199.877934 14.084507 426.450704
v -192.169014 8.816901 405.136150
v -206.826291 8.816901 412.582160
v -185.070423 14.093897 419.314554
v -193.305164 20.150235 440.178404
v -214.685446 14.075117 433.577465
v -208.159624 20.150235 447.192488
v -199.877934 14.084507 426.450704
v -214.685446 14.075117 433.577465
v -193.305164 20.150235 440.178404
v -178.450704 20.150235 433.154930
v -199.877934 14.084507 426.450704
v -193.305164 20.150235 440.178404
v -185.070423 14.093897 419.314554
v -199.877934 14.084507 426.450704
v -178.450704 20.150235 433.154930
v -186.910798 26.882629 453.671362
v -208.159624 20.150235 447.192488
v -201.718310 26.882629 460.798122
v -193.305164 20.150235 440.178404
v -208.159624 20.150235 447.192488
v -186.910798 26.882629 453.671362
v -172.103286 26.892019 446.544601
v -193.305164 20.150235 440.178404
v -186.910798 26.882629 453.671362
v -178.450704 20.150235 433.154930
v -193.305164 20.150235 440.178404
v -172.103286 26.892019 446.544601
v -180.497653 34.187793 466.854460
v -201.718310 26.882629 460.798122
v -195.136150 34.187793 474.319249
v -186.910798 26.882629 453.671362
v -201.718310 26.882629 460.798122
v -180.497653 34.187793 466.854460
v -165.859155 34.187793 459.389671
v -186.910798 26.882629 453.671362
v -180.497653 34.187793 466.854460
v -172.103286 26.892019 446.544601
v -186.910798 26.882629 453.671362
v -165.859155 34.187793 459.389671
v -173.849765 41.990610 479.633803
v -195.136150 34.187793 474.319249
v -188.159624 41.981221 487.708920
v -180.497653 34.187793 466.854460
v -195.136150 34.187793 474.319249
v -173.849765 41.990610 479.633803
v -159.530516 41.990610 471.568075
v -180.497653 34.187793 466.854460
v -173.849765 41.990610 479.633803
v -165.859155 34.187793 459.389671
v -180.497653 34.187793 466.854460
v -159.530516 41.990610 471.568075
v -166.723005 50.225352 491.877934
v -188.159624 41.981221 487.708920
v -180.450704 50.215962 500.901408
v -173.849765 41.990610 479.633803
v -188.159624 41.981221 487.708920
v -166.723005 50.225352 491.877934
v -152.985915 50.225352 482.845070
v -173.849765 41.990610 479.633803
v -166.723005 50.225352 491.877934
v -159.530516 41.990610 471.568075
v -173.849765 41.990610 479.633803
v -152.985915 50.225352 482.845070
v -138.995305 76.488263 522.347418
v -160.610329 67.661972 526.037559
v -147.521127 76.488263 536.394366
v -149.737089 67.661972 513.718310
v -160.610329 67.661972 526.037559
v -138.995305 76.488263 522.347418
v -126.572770 84.460094 529.417840
v -147.521127 76.488263 536.394366
v -133.305164 84.460094 544.403756
v -138.995305 76.488263 522.347418
v -147.521127 76.488263 536.394366
v -126.572770 84.460094 529.417840
v -119.830986 84.460094 514.431925
v -138.995305 76.488263 522.347418
v -126.572770 84.460094 529.417840
v -130.460094 76.488263 508.300469
v -138.995305 76.488263 522.347418
v -119.830986 84.460094 514.431925
v -112.769953 91.107981 535.192488
v -133.305164 84.460094 544.403756
v -117.784038 91.107981 550.835681
v -126.572770 84.460094 529.417840
v -133.305164 84.460094 544.403756
v -112.769953 91.107981 535.192488
v -107.755869 91.107981 519.539906
v -126.572770 84.460094 529.417840
v -112.769953 91.107981 535.192488
v -119.830986 84.460094 514.431925
v -126.572770 84.460094 529.417840
v -107.755869 91.107981 519.539906
v -97.877934 96.309859 539.577465
v -117.784038 91.107981 550.835681
v -101.295775 96.309859 555.652582
v -112.769953 91.107981 535.192488
v -117.784038 91.107981 550.835681
v -97.877934 96.309859 539.577465
v -94.469484 96.309859 523.502347
v -112.769953 91.107981 535.192488
v -97.877934 96.309859 539.577465
v -107.755869 91.107981 519.539906
v -112.769953 91.107981 535.192488
v -94.469484 96.309859 523.502347
v -82.215962 100.028169 542.563380
v -101.295775 96.309859 555.652582
v -84.187793 100.028169 558.873239
v -97.877934 96.309859 539.577465
v -101.295775 96.309859 555.652582
v -82.215962 100.028169 542.563380
v -80.244131 100.028169 526.253521
v -97.877934 96.309859 539.577465
v -82.215962 100.028169 542.563380
v -94.469484 96.309859 523.502347
v -97.877934 96.309859 539.577465
v -80.244131 100.028169 526.253521
v -66.093897 102.309859 544.215962
v -84.187793 100.028169 558.873239
v -66.788732 102.309859 560.638498
v -82.215962 100.028169 542.563380
v -84.187793 100.028169 558.873239
v -66.093897 102.309859 544.215962
v -65.389671 102.309859 527.802817
v -82.215962 100.028169 542.563380
v -66.093897 102.309859 544.215962
v -80.244131 100.028169 526.253521
v -82.215962 100.028169 542.563380
v -65.389671 102.309859 527.802817
v -0.441315 99.126761 529.211268
v -17.098592 101.014085 545.220657
v -0.826291 99.126761 545.633803
v -16.666667 101.014085 528.788732
v -17.098592 101.014085 545.220657
v -0.441315 99.126761 529.211268
v 15.417840 97.061033 546.009390
v -1.211268 99.126761 562.065728
v 15.089202 97.061033 562.431925
v -0.826291 99.126761 545.633803
v -1.211268 99.126761 562.065728
v 15.417840 97.061033 546.009390
v 15.737089 97.061033 529.577465
v -0.826291 99.126761 545.633803
v 15.417840 97.061033 546.009390
v -0.441315 99.126761 529.211268
v -0.826291 99.126761 545.633803
v 15.737089 97.061033 529.577465
v 31.643192 94.845070 546.319249
v 15.089202 97.061033 562.431925
v 31.389671 94.845070 562.741784
v 15.417840 97.061033 546.009390
v 15.089202 97.061033 562.431925
v 31.643192 94.845070 546.319249
v 31.896714 94.845070 529.887324
v 15.417840 97.061033 546.009390
v 31.643192 94.845070 546.319249
v 15.737089 97.061033 529.577465
v 15.417840 97.061033 546.009390
v 31.896714 94.845070 529.887324
v 47.849765 92.450704 546.544601
v 31.389671 94.845070 562.741784
v 47.699531 92.450704 562.976526
v 31.643192 94.845070 546.319249
v 31.389671 94.845070 562.741784
v 47.849765 92.450704 546.544601
v 48.009390 92.450704 530.112676
v 31.643192 94.845070 546.319249
v 47.849765 92.450704 546.544601
v 31.896714 94.845070 529.887324
v 31.643192 94.845070 546.319249
v 48.009390 92.450704 530.112676
v 64.028169 89.849765 546.666667
v 47.699531 92.450704 562.976526
v 64.009390 89.849765 563.098592
v 47.849765 92.450704 546.544601
v 47.699531 92.450704 562.976526
v 64.028169 89.849765 546.666667
v 64.046948 89.849765 530.234742
v 47.849765 92.450704 546.544601
v 64.028169 89.849765 546.666667
v 48.009390 92.450704 530.112676
v 47.849765 92.450704 546.544601
v 64.046948 89.849765 530.234742
v 80.159624 86.985915 546.657277
v 64.009390 89.849765 563.098592
v 80.328638 86.976526 563.079812
v 64.028169 89.849765 546.666667
v 64.009390 89.849765 563.098592
v 80.159624 86.985915 546.657277
v 79.990610 86.985915 530.225352
v 64.028169 89.849765 546.666667
v 80.159624 86.985915 546.657277
v 64.046948 89.849765 530.234742
v 64.028169 89.849765 546.666667
v 79.990610 86.985915 530.225352
v 96.225352 83.755869 546.431925
v 80.328638 86.976526 563.079812
v 96.704225 83.755869 562.854460
v 80.159624 86.985915 546.657277
v 80.328638 86.976526 563.079812
v 96.225352 83.755869 546.431925
v 95.746479 83.755869 530.009390
v 80.159624 86.985915 546.657277
v 96.225352 83.755869 546.431925
v 79.990610 86.985915 530.225352
v 80.159624 86.985915 546.657277
v 95.746479 83.755869 530.009390
v 112.131455 79.934272 545.859155
v 96.704225 83.755869 562.854460
v 113.276995 79.934272 562.253521
v 96.225352 83.755869 546.431925
v 96.704225 83.755869 562.854460
v 112.131455 79.934272 545.859155
v 110.995305 79.934272 529.464789
v 96.225352 83.755869 546.431925
v 112.131455 79.934272 545.859155
v 95.746479 83.755869 530.009390
v 96.225352 83.755869 546.431925
v 110.995305 79.934272 529.464789
v 127.596244 74.751174 544.478873
v 113.276995 79.934272 562.253521
v 129.868545 74.751174 560.751174
v 112.131455 79.934272 545.859155
v 113.276995 79.934272 562.253521
v 127.596244 74.751174 544.478873
v 125.333333 74.751174 528.197183
v 112.131455 79.934272 545.859155
v 127.596244 74.751174 544.478873
v 110.995305 79.934272 529.464789
v 112.131455 79.934272 545.859155
v 125.333333 74.751174 528.197183
v 142.657277 68.638498 542.375587
v 129.868545 74.751174 560.751174
v 145.042254 68.638498 558.638498
v 127.596244 74.751174 544.478873
v 129.868545 74.751174 560.751174
v 142.657277 68.638498 542.375587
v 140.262911 68.638498 526.122066
v 127.596244 74.751174 544.478873
v 142.657277 68.638498 542.375587
v 125.333333 74.751174 528.197183
v 127.596244 74.751174 544.478873
v 140.262911 68.638498 526.122066
v 157.774648 62.779343 540.065728
v 145.042254 68.638498 558.638498
v 160.666667 62.779343 556.244131
v 142.657277 68.638498 542.375587
v 145.042254 68.638498 558.638498
v 157.774648 62.779343 540.065728
v 154.882629 62.779343 523.896714
v 142.657277 68.638498 542.375587
v 157.774648 62.779343 540.065728
v 140.262911 68.638498 526.122066
v 142.657277 68.638498 542.375587
v 154.882629 62.779343 523.896714
v 172.798122 56.892019 537.220657
v 160.666667 62.779343 556.244131
v 176.572770 56.892019 553.211268
v 157.774648 62.779343 540.065728
v 160.666667 62.779343 556.244131
v 172.798122 56.892019 537.220657
v 169.023474 56.892019 521.230047
v 157.774648 62.779343 540.065728
v 172.798122 56.892019 537.220657
v 154.882629 62.779343 523.896714
v 157.774648 62.779343 540.065728
v 169.023474 56.892019 521.230047
v 187.521127 50.751174 533.492958
v 176.572770 56.892019 553.211268
v 192.647887 50.751174 549.098592
v 172.798122 56.892019 537.220657
v 176.572770 56.892019 553.211268
v 187.521127 50.751174 533.492958
v 182.384977 50.751174 517.887324
v 172.798122 56.892019 537.220657
v 187.521127 50.751174 533.492958
v 169.023474 56.892019 521.230047
v 172.798122 56.892019 537.220657
v 182.384977 50.751174 517.887324
v 212.131455 28.507042 501.934272
v 214.478873 36.751174 521.539906
v 225.004695 28.497653 512.150235
v 204.319249 36.751174 508.629108
v 214.478873 36.751174 521.539906
v 212.131455 28.507042 501.934272
v 233.877934 20.657277 500.835681
v 237.877934 28.497653 522.356808
v 247.042254 20.657277 510.676056
v 225.004695 28.497653 512.150235
v 237.877934 28.497653 522.356808
v 233.877934 20.657277 500.835681
v 220.723005 20.657277 490.995305
v 225.004695 28.497653 512.150235
v 233.877934 20.657277 500.835681
v 212.131455 28.507042 501.934272
v 225.004695 28.497653 512.150235
v 220.723005 20.657277 490.995305
v 242.816901 14.291080 488.676056
v 247.042254 20.657277 510.676056
v 256.384977 14.291080 497.934272
v 233.877934 20.657277 500.835681
v 247.042254 20.657277 510.676056
v 242.816901 14.291080 488.676056
v 229.239437 14.300469 479.417840
v 233.877934 20.657277 500.835681
v 242.816901 14.291080 488.676056
v 220.723005 20.657277 490.995305
v 233.877934 20.657277 500.835681
v 229.239437 14.300469 479.417840
v 251.399061 9.004695 475.765258
v 256.384977 14.291080 497.934272
v 265.511737 9.004695 484.197183
v 242.816901 14.291080 488.676056
v 256.384977 14.291080 497.934272
v 251.399061 9.004695 475.765258
v 237.295775 9.004695 467.342723
v 242.816901 14.291080 488.676056
v 251.399061 9.004695 475.765258
v 229.239437 14.300469 479.417840
v 242.816901 14.291080 488.676056
v 237.295775 9.004695 467.342723
v 259.258216 4.553991 462.103286
v 265.511737 9.004695 484.197183
v 274.028169 4.553991 469.314554
v 251.399061 9.004695 475.765258
v 265.511737 9.004695 484.197183
v 259.258216 4.553991 462.103286
v 244.497653 4.553991 454.892019
v 251.399061 9.004695 475.765258
v 259.258216 4.553991 462.103286
v 237.295775 9.004695 467.342723
v 251.399061 9.004695 475.765258
v 244.497653 4.553991 454.892019
v 265.924883 0.788732 447.624413
v 274.028169 4.553991 469.314554
v 281.446009 0.788732 453.004695
v 259.258216 4.553991 462.103286
v 274.028169 4.553991 469.314554
v 265.924883 0.788732 447.624413
v 250.394366 0.798122 442.253521
v 259.258216 4.553991 462.103286
v 265.924883 0.788732 447.624413
v 244.497653 4.553991 454.892019
v 259.258216 4.553991 462.103286
v 250.394366 0.798122 442.253521
v 270.657277 -2.356808 432.281690
v 281.446009 0.788732 453.004695
v 286.901408 -2.356808 434.779343
v 265.924883 0.788732 447.624413
v 281.446009 0.788732 453.004695
v 270.657277 -2.356808 432.281690
v 254.413146 -2.356808 429.793427
v 265.924883 0.788732 447.624413
v 270.657277 -2.356808 432.281690
v 250.394366 0.798122 442.253521
v 265.924883 0.788732 447.624413
v 254.413146 -2.356808 429.793427
v 272.291080 -4.910798 416.215962
v 286.901408 -2.356808 434.779343
v 288.713615 -4.910798 415.737089
v 270.657277 -2.356808 432.281690
v 286.901408 -2.356808 434.779343
v 272.291080 -4.910798 416.215962
v 255.868545 -4.910798 416.704225
v 270.657277 -2.356808 432.281690
v 272.291080 -4.910798 416.215962
v 254.413146 -2.356808 429.793427
v 270.657277 -2.356808 432.281690
v 255.868545 -4.910798 416.704225
v 271.624413 -5.953052 399.887324
v 288.713615 -4.910798 415.737089
v 287.981221 -5.953052 398.629108
v 272.291080 -4.910798 416.215962
v 288.713615 -4.910798 415.737089
v 271.624413 -5.953052 399.887324
v 255.267606 -5.953052 401.154930
v 272.291080 -4.910798 416.215962
v 271.624413 -5.953052 399.887324
v 255.868545 -4.910798 416.704225
v 272.291080 -4.910798 416.215962
v 255.267606 -5.953052 401.154930
v 270.244131 -5.849765 383.568075
v 287.981221 -5.953052 398.629108
v 286.469484 -5.849765 381.793427
v 271.624413 -5.953052 399.887324
v 287.981221 -5.953052 398.629108
v 270.244131 -5.849765 383.568075
v 254.018779 -5.859155 385.342723
v 271.624413 -5.953052 399.887324
v 270.244131 -5.849765 383.568075
v 255.267606 -5.953052 401.154930
v 271.624413 -5.953052 399.887324
v 254.018779 -5.859155 385.342723
v 268.366197 -5.183099 367.305164
v 286.469484 -5.849765 381.793427
v 284.403756 -5.183099 365.107981
v 270.244131 -5.849765 383.568075
v 286.469484 -5.849765 381.793427
v 268.366197 -5.183099 367.305164
v 252.328638 -5.183099 369.502347
v 270.244131 -5.849765 383.568075
v 268.366197 -5.183099 367.305164
v 254.018779 -5.859155 385.342723
v 270.244131 -5.849765 383.568075
v 252.328638 -5.183099 369.502347
v 266.056338 -4.197183 351.117371
v 284.403756 -5.183099 365.107981
v 281.849765 -4.187793 348.507042
v 268.366197 -5.183099 367.305164
v 284.403756 -5.183099 365.107981
v 266.056338 -4.197183 351.117371
v 250.262911 -4.197183 353.718310
v 268.366197 -5.183099 367.305164
v 266.056338 -4.197183 351.117371
v 252.328638 -5.183099 369.502347
v 268.366197 -5.183099 367.305164
v 250.262911 -4.197183 353.718310
v 263.295775 -3.051643 335.004695
v 281.849765 -4.187793 348.507042
v 278.788732 -3.042254 331.953052
v 266.056338 -4.197183 351.117371
v 281.849765 -4.187793 348.507042
v 263.295775 -3.051643 335.004695
v 247.802817 -3.051643 338.056338
v 266.056338 -4.197183 351.117371
v 263.295775 -3.051643 335.004695
v 250.262911 -4.197183 353.718310
v 266.056338 -4.197183 351.117371
v 247.802817 -3.051643 338.056338
v 260.018779 -1.868545 318.995305
v 278.788732 -3.042254 331.953052
v 275.136150 -1.868545 315.408451
v 263.295775 -3.051643 335.004695
v 278.788732 -3.042254 331.953052
v 260.018779 -1.868545 318.995305
v 244.901408 -1.868545 322.582160
v 263.295775 -3.051643 335.004695
v 260.018779 -1.868545 318.995305
v 247.802817 -3.051643 338.056338
v 263.295775 -3.051643 335.004695
v 244.901408 -1.868545 322.582160
v 256.084507 -0.798122 303.126761
v 275.136150 -1.868545 315.408451
v 270.694836 -0.798122 298.779343
v 260.018779 -1.868545 318.995305
v 275.136150 -1.868545 315.408451
v 256.084507 -0.798122 303.126761
v 241.464789 -0.798122 307.483568
v 260.018779 -1.868545 318.995305
v 256.084507 -0.798122 303.126761
v 244.901408 -1.868545 322.582160
v 260.018779 -1.868545 318.995305
v 241.464789 -0.798122 307.483568
v 223.436620 0.000000 269.305164
v 243.990610 0.000000 272.845070
v 234.056338 0.000000 259.821596
v 232.159624 0.000000 281.389671
v 243.990610 0.000000 272.845070
v 223.436620 0.000000 269.305164
v 223.004695 0.000000 247.727700
v 244.685446 0.000000 250.338028
v 232.882629 0.000000 238.000000
v 234.056338 0.000000 259.821596
v 244.685446 0.000000 250.338028
v 223.004695 0.000000 247.727700
v 213.117371 0.000000 257.464789
v 234.056338 0.000000 259.821596
v 223.004695 0.000000 247.727700
v 223.436620 0.000000 269.305164
v 234.056338 0.000000 259.821596
v 213.117371 0.000000 257.464789
v 211.436620 0.000000 236.131455
v 232.882629 0.000000 238.000000
v 220.835681 0.000000 226.441315
v 223.004695 0.000000 247.727700
v 232.882629 0.000000 238.000000
v 211.436620 0.000000 236.131455
v 202.037559 0.000000 245.812207
v 223.004695 0.000000 247.727700
v 211.436620 0.000000 236.131455
v 213.117371 0.000000 257.464789
v 223.004695 0.000000 247.727700
v 202.037559 0.000000 245.812207
v 199.652582 0.000000 224.741784
v 220.835681 0.000000 226.441315
v 208.723005 0.000000 215.276995
v 211.436620 0.000000 236.131455
v 220.835681 0.000000 226.441315
v 199.652582 0.000000 224.741784
v 190.582160 0.000000 234.215962
v 211.436620 0.000000 236.131455
v 199.652582 0.000000 224.741784
v 202.037559 0.000000 245.812207
v 211.436620 0.000000 236.131455
v 190.582160 0.000000 234.215962
v 187.821596 0.000000 213.408451
v 208.723005 0.000000 215.276995
v 196.694836 0.000000 204.272300
v 199.652582 0.000000 224.741784
v 208.723005 0.000000 215.276995
v 187.821596 0.000000 213.408451
v 178.948357 0.000000 222.535211
v 199.652582 0.000000 224.741784
v 187.821596 0.000000 213.408451
v 190.582160 0.000000 234.215962
v 199.652582 0.000000 224.741784
v 178.948357 0.000000 222.535211
v 176.112676 0.000000 201.943662
v 196.694836 0.000000 204.272300
v 184.920188 0.000000 193.276995
v 187.821596 0.000000 213.408451
v 196.694836 0.000000 204.272300
v 176.112676 0.000000 201.943662
v 167.314554 0.000000 210.610329
v 187.821596 0.000000 213.408451
v 176.112676 0.000000 201.943662
v 178.948357 0.000000 222.535211
v 187.821596 0.000000 213.408451
v 167.314554 0.000000 210.610329
v 164.704225 0.000000 190.187793
v 184.920188 0.000000 193.276995
v 173.577465 0.000000 182.131455
v 176.112676 0.000000 201.943662
v 184.920188 0.000000 193.276995
v 164.704225 0.000000 190.187793
v 155.821596 0.000000 198.244131
v 176.112676 0.000000 201.943662
v 164.704225 0.000000 190.187793
v 167.314554 0.000000 210.610329
v 176.112676 0.000000 201.943662
v 155.821596 0.000000 198.244131
v 153.840376 0.000000 177.924883
v 173.577465 0.000000 182.131455
v 162.995305 0.000000 170.751174
v 164.704225 0.000000 190.187793
v 173.577465 0.000000 182.131455
v 153.840376 0.000000 177.924883
v 144.685446 0.000000 185.107981
v 164.704225 0.000000 190.187793
v 153.840376 0.000000 177.924883
v 155.821596 0.000000 198.244131
v 164.704225 0.000000 190.187793
v 144.685446 0.000000 185.107981
v 120.516432 0.093897 136.694836
v 136.206573 0.009390 150.441315
v 131.070423 0.093897 134.901408
v 125.906103 0.009390 154.281690
v 136.206573 0.009390 150.441315
v 120.516432 0.093897 136.694836
v 128.957746 0.225352 118.676056
v 141.615023 0.093897 133.117371
v 139.399061 0.225352 118.901408
v 131.070423 0.093897 134.901408
v 141.615023 0.093897 133.117371
v 128.957746 0.225352 118.676056
v 118.516432 0.225352 118.450704
v 131.070423 0.093897 134.901408
v 128.957746 0.225352 118.676056
v 120.516432 0.093897 136.694836
v 131.070423 0.093897 134.901408
v 118.516432 0.225352 118.450704
v 129.896714 0.356808 102.338028
v 139.399061 0.225352 118.901408
v 139.924883 0.356808 104.356808
v 128.957746 0.225352 118.676056
v 139.399061 0.225352 118.901408
v 129.896714 0.356808 102.338028
v 119.877934 0.356808 100.328638
v 128.957746 0.225352 118.676056
v 129.896714 0.356808 102.338028
v 118.516432 0.225352 118.450704
v 128.957746 0.225352 118.676056
v 119.877934 0.356808 100.328638
v 133.643192 0.431925 86.403756
v 139.924883 0.356808 104.356808
v 143.061033 0.431925 89.915493
v 129.896714 0.356808 102.338028
v 139.924883 0.356808 104.356808
v 133.643192 0.431925 86.403756
v 124.225352 0.431925 82.892019
v 129.896714 0.356808 102.338028
v 133.643192 0.431925 86.403756
v 119.877934 0.356808 100.328638
v 129.896714 0.356808 102.338028
v 124.225352 0.431925 82.892019
v 139.812207 0.375587 71.239437
v 143.061033 0.431925 89.915493
v 148.516432 0.375587 75.990610
v 133.643192 0.431925 86.403756
v 143.061033 0.431925 89.915493
v 139.812207 0.375587 71.239437
v 131.107981 0.375587 66.488263
v 133.643192 0.431925 86.403756
v 139.812207 0.375587 71.239437
v 124.225352 0.431925 82.892019
v 133.643192 0.431925 86.403756
v 131.107981 0.375587 66.488263
v 148.028169 0.103286 57.089202
v 148.516432 0.375587 75.990610
v 155.887324 0.103286 63.004695
v 139.812207 0.375587 71.239437
v 148.516432 0.375587 75.990610
v 148.028169 0.103286 57.089202
v 140.178404 0.103286 51.164319
v 139.812207 0.375587 71.239437
v 148.028169 0.103286 57.089202
v 131.107981 0.375587 66.488263
v 139.812207 0.375587 71.239437
v 140.178404 0.103286 51.164319
v 158.356808 -0.262911 44.384977
v 155.887324 0.103286 63.004695
v 165.230047 -0.262911 51.314554
v 148.028169 0.103286 57.089202
v 155.887324 0.103286 63.004695
v 158.356808 -0.262911 44.384977
v 151.483568 -0.262911 37.455399
v 148.028169 0.103286 57.089202
v 158.356808 -0.262911 44.384977
v 140.178404 0.103286 51.164319
v 148.028169 0.103286 57.089202
v 151.483568 -0.262911 37.455399
v 170.150235 -0.403756 33.023474
v 165.230047 -0.262911 51.314554
v 176.525822 -0.403756 40.309859
v 158.356808 -0.262911 44.384977
v 165.230047 -0.262911 51.314554
v 170.150235 -0.403756 33.023474
v 163.784038 -0.403756 25.727700
v 158.356808 -0.262911 44.384977
v 170.150235 -0.403756 33.023474
v 151.483568 -0.262911 37.455399
v 158.356808 -0.262911 44.384977
v 163.784038 -0.403756 25.727700
v 208.403756 -0.319249 2.178404
v 201.164319 -0.394366 19.652582
v 214.000000 -0.328638 9.765258
v 195.370892 -0.394366 12.103286
v 201.164319 -0.394366 19.652582
v 208.403756 -0.319249 2.178404
v 221.615023 -0.225352 -7.502347
v 214.000000 -0.328638 9.765258
v 227.042254 -0.225352 0.093897
v 208.403756 -0.319249 2.178404
v 214.000000 -0.328638 9.765258
v 221.615023 -0.225352 -7.502347
v 216.187793 -0.225352 -15.107981
v 208.403756 -0.319249 2.178404
v 221.615023 -0.225352 -7.502347
v 202.798122 -0.319249 -5.408451
v 208.403756 -0.319249 2.178404
v 216.187793 -0.225352 -15.107981
v 234.976526 -0.122066 -16.985915
v 227.042254 -0.225352 0.093897
v 240.253521 -0.122066 -9.380282
v 221.615023 -0.225352 -7.502347
v 227.042254 -0.225352 0.093897
v 234.976526 -0.122066 -16.985915
v 229.699531 -0.112676 -24.591549
v 221.615023 -0.225352 -7.502347
v 234.976526 -0.122066 -16.985915
v 216.187793 -0.225352 -15.107981
v 221.615023 -0.225352 -7.502347
v 229.699531 -0.112676 -24.591549
v 248.460094 -0.028169 -26.291080
v 240.253521 -0.122066 -9.380282
v 253.586854 -0.028169 -18.694836
v 234.976526 -0.122066 -16.985915
v 240.253521 -0.122066 -9.380282
v 248.460094 -0.028169 -26.291080
v 243.333333 -0.028169 -33.896714
v 234.976526 -0.122066 -16.985915
v 248.460094 -0.028169 -26.291080
v 229.699531 -0.112676 -24.591549
v 234.976526 -0.122066 -16.985915
v 243.333333 -0.028169 -33.896714
v 262.075117 0.000000 -35.399061
v 253.586854 -0.028169 -18.694836
v 267.023474 0.000000 -27.793427
v 248.460094 -0.028169 -26.291080
v 253.586854 -0.028169 -18.694836
v 262.075117 0.000000 -35.399061
v 257.126761 0.000000 -43.014085
v 248.460094 -0.028169 -26.291080
v 262.075117 0.000000 -35.399061
v 243.333333 -0.028169 -33.896714
v 248.460094 -0.028169 -26.291080
v 257.126761 0.000000 -43.014085
v 275.793427 0.000000 -44.356808
v 267.023474 0.000000 -27.793427
v 280.826291 0.000000 -36.901408
v 262.075117 0.000000 -35.399061
v 267.023474 0.000000 -27.793427
v 275.793427 0.000000 -44.356808
v 268.215962 0.000000 -51.802817
v 262.075117 0.000000 -35.399061
v 275.793427 0.000000 -44.356808
v 257.126761 0.000000 -43.014085
v 262.075117 0.000000 -35.399061
v 268.215962 0.000000 -51.802817
v 289.323944 0.000000 -53.605634
v 280.826291 0.000000 -36.901408
v 297.061033 0.000000 -46.431925
v 275.793427 0.000000 -44.356808
v 280.826291 0.000000 -36.901408
v 289.323944 0.000000 -53.605634
v 279.971831 0.000000 -60.779343
v 275.793427 0.000000 -44.356808
v 289.323944 0.000000 -53.605634
v 268.215962 0.000000 -51.802817
v 275.793427 0.000000 -44.356808
v 279.971831 0.000000 -60.779343
v 302.431925 0.000000 -63.427230
v 297.061033 0.000000 -46.431925
v 315.877934 0.000000 -56.647887
v 289.323944 0.000000 -53.605634
v 297.061033 0.000000 -46.431925
v 302.431925 0.000000 -63.427230
v 291.483568 0.000000 -70.206573
v 289.323944 0.000000 -53.605634
v 302.431925 0.000000 -63.427230
v 279.971831 0.000000 -60.779343
v 289.323944 0.000000 -53.605634
v 291.483568 0.000000 -70.206573
v 305.370892 0.000000 -80.253521
v 302.431925 0.000000 -63.427230
v 314.892019 0.000000 -74.056338
v 291.483568 0.000000 -70.206573
v 302.431925 0.000000 -63.427230
v 305.370892 0.000000 -80.253521
v 314.159624 0.000000 -91.061033
v 314.892019 0.000000 -74.056338
v 326.272300 0.000000 -85.830986
v 305.370892 0.000000 -80.253521
v 314.892019 0.000000 -74.056338
v 314.159624 0.000000 -91.061033
v 323.333333 0.000000 -114.638498
v 335.708920 0.000000 -99.201878
v 341.295775 0.000000 -114.535211
v 320.478873 0.000000 -102.638498
v 335.708920 0.000000 -99.201878
v 323.333333 0.000000 -114.638498
v 339.906103 0.000000 -130.751174
v 360.413146 0.000000 -114.441315
v 361.164319 0.000000 -133.145540
v 341.295775 0.000000 -114.535211
v 360.413146 0.000000 -114.441315
v 339.906103 0.000000 -130.751174
v 321.962441 0.000000 -128.356808
v 341.295775 0.000000 -114.535211
v 339.906103 0.000000 -130.751174
v 323.333333 0.000000 -114.638498
v 341.295775 0.000000 -114.535211
v 321.962441 0.000000 -128.356808
v 335.126761 0.000000 -146.422535
v 361.164319 0.000000 -133.145540
v 356.816901 0.000000 -148.985915
v 339.906103 0.000000 -130.751174
v 361.164319 0.000000 -133.145540
v 335.126761 0.000000 -146.422535
v 317.464789 0.000000 -143.849765
v 339.906103 0.000000 -130.751174
v 335.126761 0.000000 -146.422535
v 321.962441 0.000000 -128.356808
v 339.906103 0.000000 -130.751174
v 317.464789 0.000000 -143.849765
v 318.892019 0.000000 -192.807512
v 343.868545 0.000000 -180.187793
v 338.140845 0.000000 -195.596244
v 324.516432 0.000000 -177.417840
v 343.868545 0.000000 -180.187793
v 318.892019 0.000000 -192.807512
v 313.154930 0.000000 -208.159624
v 338.140845 0.000000 -195.596244
v 332.319249 0.000000 -210.938967
v 318.892019 0.000000 -192.807512
v 338.140845 0.000000 -195.596244
v 313.154930 0.000000 -208.159624
v 296.244131 0.000000 -205.370892
v 318.892019 0.000000 -192.807512
v 313.154930 0.000000 -208.159624
v 301.896714 0.000000 -190.018779
v 318.892019 0.000000 -192.807512
v 296.244131 0.000000 -205.370892
v 307.408451 0.000000 -223.492958
v 332.319249 0.000000 -210.938967
v 326.507042 0.000000 -226.225352
v 313.154930 0.000000 -208.159624
v 332.319249 0.000000 -210.938967
v 307.408451 0.000000 -223.492958
v 290.563380 0.000000 -220.769953
v 313.154930 0.000000 -208.159624
v 307.408451 0.000000 -223.492958
v 296.244131 0.000000 -205.370892
v 313.154930 0.000000 -208.159624
v 290.563380 0.000000 -220.769953
v 301.718310 0.000000 -238.863850
v 326.507042 0.000000 -226.225352
v 320.769953 0.000000 -241.502347
v 307.408451 0.000000 -223.492958
v 326.507042 0.000000 -226.225352
v 301.718310 0.000000 -238.863850
v 284.920188 0.000000 -236.225352
v 307.408451 0.000000 -223.492958
v 301.718310 0.000000 -238.863850
v 290.563380 0.000000 -220.769953
v 307.408451 0.000000 -223.492958
v 284.920188 0.000000 -236.225352
v 296.093897 0.000000 -254.253521
v 320.769953 0.000000 -241.502347
v 314.948357 0.000000 -257.183099
v 301.718310 0.000000 -238.863850
v 320.769953 0.000000 -241.502347
v 296.093897 0.000000 -254.253521
v 279.492958 0.000000 -251.314554
v 301.718310 0.000000 -238.863850
v 296.093897 0.000000 -254.253521
v 284.920188 0.000000 -236.225352
v 301.718310 0.000000 -238.863850
v 279.492958 0.000000 -251.314554
v 289.737089 0.000000 -269.352113
v 314.948357 0.000000 -257.183099
v 308.497653 0.000000 -272.338028
v 296.093897 0.000000 -254.253521
v 314.948357 0.000000 -257.183099
v 289.737089 0.000000 -269.352113
v 273.230047 0.000000 -266.366197
v 296.093897 0.000000 -254.253521
v 289.737089 0.000000 -269.352113
v 279.492958 0.000000 -251.314554
v 296.093897 0.000000 -254.253521
v 273.230047 0.000000 -266.366197
v 283.408451 0.000000 -284.460094
v 308.497653 0.000000 -272.338028
v 302.272300 0.000000 -287.004695
v 289.737089 0.000000 -269.352113
v 308.497653 0.000000 -272.338028
v 283.408451 0.000000 -284.460094
v 266.807512 0.000000 -281.924883
v 289.737089 0.000000 -269.352113
v 283.408451 0.000000 -284.460094
v 273.230047 0.000000 -266.366197
v 289.737089 0.000000 -269.352113
v 266.807512 0.000000 -281.924883
v 278.215962 0.000000 -299.990610
v 302.272300 0.000000 -287.004695
v 297.295775 0.000000 -301.502347
v 283.408451 0.000000 -284.460094
v 302.272300 0.000000 -287.004695
v 278.215962 0.000000 -299.990610
v 261.389671 0.000000 -298.488263
v 283.408451 0.000000 -284.460094
v 278.215962 0.000000 -299.990610
v 266.807512 0.000000 -281.924883
v 283.408451 0.000000 -284.460094
v 261.389671 0.000000 -298.488263
v 275.521127 0.000000 -316.140845
v 297.295775 0.000000 -301.502347
v 292.469484 0.000000 -315.887324
v 278.215962 0.000000 -299.990610
v 297.295775 0.000000 -301.502347
v 275.521127 0.000000 -316.140845
v 258.610329 0.000000 -316.384977
v 278.215962 0.000000 -299.990610
v 275.521127 0.000000 -316.140845
v 261.389671 0.000000 -298.488263
v 278.215962 0.000000 -299.990610
v 258.610329 0.000000 -316.384977
v 276.957746 0.000000 -332.422535
v 292.469484 0.000000 -315.887324
v 291.727700 0.000000 -330.000000
v 275.521127 0.000000 -316.140845
v 292.469484 0.000000 -315.887324
v 276.957746 0.000000 -332.422535
v 259.746479 0.000000 -335.652582
v 275.521127 0.000000 -316.140845
v 276.957746 0.000000 -332.422535
v 258.610329 0.000000 -316.384977
v 275.521127 0.000000 -316.140845
v 259.746479 0.000000 -335.652582
v 280.460094 0.000000 -347.934272
v 291.727700 0.000000 -330.000000
v 292.685446 0.000000 -343.361502
v 276.957746 0.000000 -332.422535
v 291.727700 0.000000 -330.000000
v 280.460094 0.000000 -347.934272
v 269.258216 0.000000 -354.159624
v 276.957746 0.000000 -332.422535
v 280.460094 0.000000 -347.934272
v 259.746479 0.000000 -335.652582
v 276.957746 0.000000 -332.422535
v 269.258216 0.000000 -354.159624
v 290.760563 0.000000 -361.727700
v 292.685446 0.000000 -343.361502
v 299.708920 0.000000 -352.619718
v 280.460094 0.000000 -347.934272
v 292.685446 0.000000 -343.361502
v 290.760563 0.000000 -361.727700
v 282.140845 0.000000 -369.586854
v 280.460094 0.000000 -347.934272
v 290.760563 0.000000 -361.727700
v 269.258216 0.000000 -354.159624
v 280.460094 0.000000 -347.934272
v 282.140845 0.000000 -369.586854
v 303.680751 0.000000 -372.704225
v 299.708920 0.000000 -352.619718
v 311.558685 0.000000 -362.694836
v 290.760563 0.000000 -361.727700
v 299.708920 0.000000 -352.619718
v 303.680751 0.000000 -372.704225
v 296.037559 0.000000 -383.361502
v 290.760563 0.000000 -361.727700
v 303.680751 0.000000 -372.704225
v 282.140845 0.000000 -369.586854
v 290.760563 0.000000 -361.727700
v 296.037559 0.000000 -383.361502
v -82.291080 79.690141 -1072.873239
v -89.558685 75.793427 -1094.582160
v -96.920188 79.690141 -1080.347418
v -74.976526 75.793427 -1087.014085
v -89.558685 75.793427 -1094.582160
v -82.291080 79.690141 -1072.873239
v -67.652582 79.690141 -1065.408451
v -74.976526 75.793427 -1087.014085
v -82.291080 79.690141 -1072.873239
v -60.384977 75.793427 -1079.446009
v -74.976526 75.793427 -1087.014085
v -67.652582 79.690141 -1065.408451
v -89.539906 83.323944 -1058.638498
v -96.920188 79.690141 -1080.347418
v -104.197183 83.323944 -1066.084507
v -82.291080 79.690141 -1072.873239
v -96.920188 79.690141 -1080.347418
v -89.539906 83.323944 -1058.638498
v -74.892019 83.323944 -1051.201878
v -82.291080 79.690141 -1072.873239
v -89.539906 83.323944 -1058.638498
v -67.652582 79.690141 -1065.408451
v -82.291080 79.690141 -1072.873239
v -74.892019 83.323944 -1051.201878
v -96.816901 86.544601 -1044.319249
v -104.197183 83.323944 -1066.084507
v -111.408451 86.544601 -1051.877934
v -89.539906 83.323944 -1058.638498
v -104.197183 83.323944 -1066.084507
v -96.816901 86.544601 -1044.319249
v -82.225352 86.544601 -1036.760563
v -89.539906 83.323944 -1058.638498
v -96.816901 86.544601 -1044.319249
v -74.892019 83.323944 -1051.201878
v -89.539906 83.323944 -1058.638498
v -82.225352 86.544601 -1036.760563
v -104.187793 89.004695 -1029.887324
v -111.408451 86.544601 -1051.877934
v -119.267606 89.023474 -1036.394366
v -96.816901 86.544601 -1044.319249
v -111.408451 86.544601 -1051.877934
v -104.187793 89.004695 -1029.887324
v -89.098592 88.985915 -1023.380282
v -96.816901 86.544601 -1044.319249
v -104.187793 89.004695 -1029.887324
v -82.225352 86.544601 -1036.760563
v -96.816901 86.544601 -1044.319249
v -89.098592 88.985915 -1023.380282
v -112.084507 88.638498 -1015.521127
v -119.267606 89.023474 -1036.394366
v -127.671362 88.638498 -1020.704225
v -104.187793 89.004695 -1029.887324
v -119.267606 89.023474 -1036.394366
v -112.084507 88.638498 -1015.521127
v -96.488263 88.638498 -1010.338028
v -104.187793 89.004695 -1029.887324
v -112.084507 88.638498 -1015.521127
v -89.098592 88.985915 -1023.380282
v -104.187793 89.004695 -1029.887324
v -96.488263 88.638498 -1010.338028
v -104.873239 72.159624 -969.267606
v -119.596244 78.798122 -985.295775
v -121.267606 72.159624 -970.403756
v -103.286385 78.798122 -983.342723
v -119.596244 78.798122 -985.295775
v -104.873239 72.159624 -969.267606
v -122.225352 65.061033 -955.671362
v -137.661972 72.159624 -971.549296
v -138.647887 65.061033 -956.262911
v -121.267606 72.159624 -970.403756
v -137.661972 72.159624 -971.549296
v -122.225352 65.061033 -955.671362
v -105.802817 65.061033 -955.079812
v -121.267606 72.159624 -970.403756
v -122.225352 65.061033 -955.671362
v -104.873239 72.159624 -969.267606
v -121.267606 72.159624 -970.403756
v -105.802817 65.061033 -955.079812
v -122.704225 57.718310 -941.032864
v -138.647887 65.061033 -956.262911
v -139.136150 57.718310 -941.248826
v -122.225352 65.061033 -955.671362
v -138.647887 65.061033 -956.262911
v -122.704225 57.718310 -941.032864
v -106.272300 57.718310 -940.826291
v -122.225352 65.061033 -955.671362
v -122.704225 57.718310 -941.032864
v -105.802817 65.061033 -955.079812
v -122.225352 65.061033 -955.671362
v -106.272300 57.718310 -940.826291
v -122.854460 50.253521 -926.450704
v -139.136150 57.718310 -941.248826
v -139.286385 50.253521 -926.403756
v -122.704225 57.718310 -941.032864
v -139.136150 57.718310 -941.248826
v -122.854460 50.253521 -926.450704
v -106.422535 50.253521 -926.497653
v -122.704225 57.718310 -941.032864
v -122.854460 50.253521 -926.450704
v -106.272300 57.718310 -940.826291
v -122.704225 57.718310 -941.032864
v -106.422535 50.253521 -926.497653
v -122.798122 42.779343 -911.868545
v -139.286385 50.253521 -926.403756
v -139.230047 42.779343 -911.661972
v -122.854460 50.253521 -926.450704
v -139.286385 50.253521 -926.403756
v -122.798122 42.779343 -911.868545
v -106.366197 42.779343 -912.075117
v -122.854460 50.253521 -926.450704
v -122.798122 42.779343 -911.868545
v -106.422535 50.253521 -926.497653
v -122.854460 50.253521 -926.450704
v -106.366197 42.779343 -912.075117
v -122.600939 35.370892 -897.248826
v -139.230047 42.779343 -911.661972
v -139.032864 35.370892 -896.967136
v -122.798122 42.779343 -911.868545
v -139.230047 42.779343 -911.661972
v -122.600939 35.370892 -897.248826
v -106.169014 35.370892 -897.539906
v -122.798122 42.779343 -911.868545
v -122.600939 35.370892 -897.248826
v -106.366197 42.779343 -912.075117
v -122.798122 42.779343 -911.868545
v -106.169014 35.370892 -897.539906
v -122.338028 28.112676 -882.572770
v -139.032864 35.370892 -896.967136
v -138.769953 28.103286 -882.281690
v -122.600939 35.370892 -897.248826
v -139.032864 35.370892 -896.967136
v -122.338028 28.112676 -882.572770
v -105.906103 28.112676 -882.863850
v -122.600939 35.370892 -897.248826
v -122.338028 28.112676 -882.572770
v -106.169014 35.370892 -897.539906
v -122.600939 35.370892 -897.248826
v -105.906103 28.112676 -882.863850
v -122.075117 21.061033 -867.784038
v -138.769953 28.103286 -882.281690
v -138.507042 21.061033 -867.558685
v -122.338028 28.112676 -882.572770
v -138.769953 28.103286 -882.281690
v -122.075117 21.061033 -867.784038
v -105.643192 21.061033 -868.000000
v -122.338028 28.112676 -882.572770
v -122.075117 21.061033 -867.784038
v -105.906103 28.112676 -882.863850
v -122.338028 28.112676 -882.572770
v -105.643192 21.061033 -868.000000
v -121.877934 14.328638 -852.845070
v -138.507042 21.061033 -867.558685
v -138.309859 14.328638 -852.769953
v -122.075117 21.061033 -867.784038
v -138.507042 21.061033 -867.558685
v -121.877934 14.328638 -852.845070
v -105.446009 14.328638 -852.929577
v -122.075117 21.061033 -867.784038
v -121.877934 14.328638 -852.845070
v -105.643192 21.061033 -868.000000
v -122.075117 21.061033 -867.784038
v -105.446009 14.328638 -852.929577
v -121.821596 8.009390 -837.727700
v -138.309859 14.328638 -852.769953
v -138.253521 8.009390 -837.877934
v -121.877934 14.328638 -852.845070
v -138.309859 14.328638 -852.769953
v -121.821596 8.009390 -837.727700
v -105.389671 8.009390 -837.577465
v -121.877934 14.328638 -852.845070
v -121.821596 8.009390 -837.727700
v -105.446009 14.328638 -852.929577
v -121.877934 14.328638 -852.845070
v -105.389671 8.009390 -837.577465
v -121.990610 2.253521 -822.384977
v -138.253521 8.009390 -837.877934
v -138.422535 2.253521 -822.882629
v -121.821596 8.009390 -837.727700
v -138.253521 8.009390 -837.877934
v -121.990610 2.253521 -822.384977
v -105.568075 2.253521 -821.887324
v -121.821596 8.009390 -837.727700
v -121.990610 2.253521 -822.384977
v -105.389671 8.009390 -837.577465
v -121.821596 8.009390 -837.727700
v -105.568075 2.253521 -821.887324
v -122.497653 -2.723005 -806.788732
v -138.422535 2.253521 -822.882629
v -138.901408 -2.723005 -807.765258
v -121.990610 2.253521 -822.384977
v -138.422535 2.253521 -822.882629
v -122.497653 -2.723005 -806.788732
v -106.093897 -2.723005 -805.802817
v -121.990610 2.253521 -822.384977
v -122.497653 -2.723005 -806.788732
v -105.568075 2.253521 -821.887324
v -121.990610 2.253521 -822.384977
v -106.093897 -2.723005 -805.802817
v -123.502347 -6.666667 -790.910798
v -138.901408 -2.723005 -807.765258
v -139.849765 -6.666667 -792.563380
v -122.497653 -2.723005 -806.788732
v -138.901408 -2.723005 -807.765258
v -123.502347 -6.666667 -790.910798
v -107.145540 -6.666667 -789.248826
v -122.497653 -2.723005 -806.788732
v -123.502347 -6.666667 -790.910798
v -106.093897 -2.723005 -805.802817
v -122.497653 -2.723005 -806.788732
v -107.145540 -6.666667 -789.248826
v -125.211268 -9.098592 -774.788732
v -139.849765 -6.666667 -792.563380
v -141.427230 -9.098592 -777.417840
v -123.502347 -6.666667 -790.910798
v -139.849765 -6.666667 -792.563380
v -125.211268 -9.098592 -774.788732
v -108.985915 -9.098592 -772.159624
v -123.502347 -6.666667 -790.910798
v -125.211268 -9.098592 -774.788732
v -107.145540 -6.666667 -789.248826
v -123.502347 -6.666667 -790.910798
v -108.985915 -9.098592 -772.159624
v -127.953052 -9.370892 -758.638498
v -141.427230 -9.098592 -777.417840
v -143.859155 -9.370892 -762.760563
v -125.211268 -9.098592 -774.788732
v -141.427230 -9.098592 -777.417840
v -127.953052 -9.370892 -758.638498
v -112.046948 -9.370892 -754.507042
v -125.211268 -9.098592 -774.788732
v -127.953052 -9.370892 -758.638498
v -108.985915 -9.098592 -772.159624
v -125.211268 -9.098592 -774.788732
v -112.046948 -9.370892 -754.507042
v -153.652582 -2.028169 -699.276995
v -159.323944 -5.004695 -721.474178
v -167.014085 -2.028169 -708.845070
v -145.239437 -5.004695 -713.023474
v -159.323944 -5.004695 -721.474178
v -153.652582 -2.028169 -699.276995
v -140.291080 -2.028169 -689.708920
v -145.239437 -5.004695 -713.023474
v -153.652582 -2.028169 -699.276995
v -131.145540 -5.004695 -704.572770
v -145.239437 -5.004695 -713.023474
v -140.291080 -2.028169 -689.708920
v -163.051643 1.633803 -686.366197
v -167.014085 -2.028169 -708.845070
v -175.718310 1.633803 -696.835681
v -153.652582 -2.028169 -699.276995
v -167.014085 -2.028169 -708.845070
v -163.051643 1.633803 -686.366197
v -150.394366 1.633803 -675.896714
v -153.652582 -2.028169 -699.276995
v -163.051643 1.633803 -686.366197
v -140.291080 -2.028169 -689.708920
v -153.652582 -2.028169 -699.276995
v -150.394366 1.633803 -675.896714
v -173.211268 5.953052 -674.253521
v -175.718310 1.633803 -696.835681
v -185.267606 5.953052 -685.408451
v -163.051643 1.633803 -686.366197
v -175.718310 1.633803 -696.835681
v -173.211268 5.953052 -674.253521
v -161.145540 5.953052 -663.098592
v -163.051643 1.633803 -686.366197
v -173.211268 5.953052 -674.253521
v -150.394366 1.633803 -675.896714
v -163.051643 1.633803 -686.366197
v -161.145540 5.953052 -663.098592
v -183.877934 10.892019 -662.845070
v -185.267606 5.953052 -685.408451
v -195.492958 10.892019 -674.460094
v -173.211268 5.953052 -674.253521
v -185.267606 5.953052 -685.408451
v -183.877934 10.892019 -662.845070
v -172.253521 10.882629 -651.220657
v -173.211268 5.953052 -674.253521
v -183.877934 10.892019 -662.845070
v -161.145540 5.953052 -663.098592
v -173.211268 5.953052 -674.253521
v -172.253521 10.882629 -651.220657
v -194.816901 16.431925 -651.981221
v -195.492958 10.892019 -674.460094
v -206.225352 16.431925 -663.802817
v -183.877934 10.892019 -662.845070
v -195.492958 10.892019 -674.460094
v -194.816901 16.431925 -651.981221
v -183.408451 16.431925 -640.159624
v -183.877934 10.892019 -662.845070
v -194.816901 16.431925 -651.981221
v -172.253521 10.882629 -651.220657
v -183.877934 10.892019 -662.845070
v -183.408451 16.431925 -640.159624
v -205.746479 22.619718 -641.464789
v -206.225352 16.431925 -663.802817
v -217.342723 22.619718 -653.107981
v -194.816901 16.431925 -651.981221
v -206.225352 16.431925 -663.802817
v -205.746479 22.619718 -641.464789
v -194.159624 22.619718 -629.812207
v -194.816901 16.431925 -651.981221
v -205.746479 22.619718 -641.464789
v -183.408451 16.431925 -640.159624
v -194.816901 16.431925 -651.981221
v -194.159624 22.619718 -629.812207
v 631.981221 0.000000 -947.708920
v 638.553991 0.000000 -928.056338
v 645.812207 0.000000 -938.835681
v 623.183099 0.000000 -933.859155
v 638.553991 0.000000 -928.056338
v 631.981221 0.000000 -947.708920
v 643.755869 0.000000 -959.136150
v 645.812207 0.000000 -938.835681
v 655.934272 0.000000 -948.103286
v 631.981221 0.000000 -947.708920
v 645.812207 0.000000 -938.835681
v 643.755869 0.000000 -959.136150
v 631.586854 0.000000 -970.178404
v 631.981221 0.000000 -947.708920
v 643.755869 0.000000 -959.136150
v 618.159624 0.000000 -956.582160
v 631.981221 0.000000 -947.708920
v 631.586854 0.000000 -970.178404
v 656.967136 0.000000 -968.863850
v 655.934272 0.000000 -948.103286
v 667.474178 0.000000 -956.234742
v 643.755869 0.000000 -959.136150
v 655.934272 0.000000 -948.103286
v 656.967136 0.000000 -968.863850
v 646.460094 0.000000 -981.492958
v 643.755869 0.000000 -959.136150
v 656.967136 0.000000 -968.863850
v 631.586854 0.000000 -970.178404
v 643.755869 0.000000 -959.136150
v 646.460094 0.000000 -981.492958
v 670.873239 0.000000 -977.539906
v 667.474178 0.000000 -956.234742
v 679.230047 0.000000 -963.389671
v 656.967136 0.000000 -968.863850
v 667.474178 0.000000 -956.234742
v 670.873239 0.000000 -977.539906
v 662.525822 0.000000 -991.690141
v 656.967136 0.000000 -968.863850
v 670.873239 0.000000 -977.539906
v 646.460094 0.000000 -981.492958
v 656.967136 0.000000 -968.863850
v 662.525822 0.000000 -991.690141
v 685.023474 0.000000 -985.812207
v 679.230047 0.000000 -963.389671
v 693.164319 0.000000 -971.539906
v 670.873239 0.000000 -977.539906
v 679.230047 0.000000 -963.389671
v 685.023474 0.000000 -985.812207
v 676.882629 0.000000 -1000.084507
v 670.873239 0.000000 -977.539906
v 685.023474 0.000000 -985.812207
v 662.525822 0.000000 -991.690141
v 670.873239 0.000000 -977.539906
v 676.882629 0.000000 -1000.084507
v 699.258216 0.000000 -993.924883
v 693.164319 0.000000 -971.539906
v 707.464789 0.000000 -979.680751
v 685.023474 0.000000 -985.812207
v 693.164319 0.000000 -971.539906
v 699.258216 0.000000 -993.924883
v 691.051643 0.000000 -1008.159624
v 685.023474 0.000000 -985.812207
v 699.258216 0.000000 -993.924883
v 676.882629 0.000000 -1000.084507
v 685.023474 0.000000 -985.812207
v 691.051643 0.000000 -1008.159624
v 713.436620 0.000000 -1002.131455
v 707.464789 0.000000 -979.680751
v 721.924883 0.000000 -988.065728
v 699.258216 0.000000 -993.924883
v 707.464789 0.000000 -979.680751
v 713.436620 0.000000 -1002.131455
v 704.938967 0.000000 -1016.197183
v 699.258216 0.000000 -993.924883
v 713.436620 0.000000 -1002.131455
v 691.051643 0.000000 -1008.159624
v 699.258216 0.000000 -993.924883
v 704.938967 0.000000 -1016.197183
v 727.417840 0.000000 -1010.666667
v 721.924883 0.000000 -988.065728
v 736.403756 0.000000 -996.901408
v 713.436620 0.000000 -1002.131455
v 721.924883 0.000000 -988.065728
v 727.417840 0.000000 -1010.666667
v 718.441315 0.000000 -1024.431925
v 713.436620 0.000000 -1002.131455
v 727.417840 0.000000 -1010.666667
v 704.938967 0.000000 -1016.197183
v 713.436620 0.000000 -1002.131455
v 718.441315 0.000000 -1024.431925
v 741.079812 0.000000 -1019.708920
v 736.403756 0.000000 -996.901408
v 750.723005 0.000000 -1006.403756
v 727.417840 0.000000 -1010.666667
v 736.403756 0.000000 -996.901408
v 741.079812 0.000000 -1019.708920
v 731.446009 0.000000 -1033.014085
v 727.417840 0.000000 -1010.666667
v 741.079812 0.000000 -1019.708920
v 718.441315 0.000000 -1024.431925
v 727.417840 0.000000 -1010.666667
v 731.446009 0.000000 -1033.014085
v 754.272300 0.000000 -1029.436620
v 750.723005 0.000000 -1006.403756
v 764.723005 0.000000 -1016.760563
v 741.079812 0.000000 -1019.708920
v 750.723005 0.000000 -1006.403756
v 754.272300 0.000000 -1029.436620
v 743.812207 0.000000 -1042.112676
v 741.079812 0.000000 -1019.708920
v 754.272300 0.000000 -1029.436620
v 731.446009 0.000000 -1033.014085
v 741.079812 0.000000 -1019.708920
v 743.812207 0.000000 -1042.112676
v 766.788732 0.000000 -1040.000000
v 764.723005 0.000000 -1016.760563
v 778.197183 0.000000 -1028.169014
v 754.272300 0.000000 -1029.436620
v 764.723005 0.000000 -1016.760563
v 766.788732 0.000000 -1040.000000
v 755.389671 0.000000 -1051.830986
v 754.272300 0.000000 -1029.436620
v 766.788732 0.000000 -1040.000000
v 743.812207 0.000000 -1042.112676
v 754.272300 0.000000 -1029.436620
v 755.389671 0.000000 -1051.830986
v 778.431925 0.000000 -1051.521127
v 778.197183 0.000000 -1028.169014
v 790.873239 0.000000 -1040.779343
v 766.788732 0.000000 -1040.000000
v 778.197183 0.000000 -1028.169014
v 778.431925 0.000000 -1051.521127
v 766.000000 0.000000 -1062.272300
v 766.788732 0.000000 -1040.000000
v 778.431925 0.000000 -1051.521127
v 755.389671 0.000000 -1051.830986
v 766.788732 0.000000 -1040.000000
v 766.000000 0.000000 -1062.272300
v 775.492958 0.000000 -1073.492958
v 778.431925 0.000000 -1051.521127
v 788.957746 0.000000 -1064.084507
v 766.000000 0.000000 -1062.272300
v 778.431925 0.000000 -1051.521127
v 775.492958 0.000000 -1073.492958
v 801.230047 0.000000 -1126.600939
v 812.253521 0.000000 -1107.183099
v 817.211268 0.000000 -1122.798122
v 796.657277 0.000000 -1112.366197
v 812.253521 0.000000 -1107.183099
v 801.230047 0.000000 -1126.600939
v 820.798122 0.000000 -1138.788732
v 833.201878 0.000000 -1118.995305
v 837.051643 0.000000 -1136.328638
v 817.211268 0.000000 -1122.798122
v 833.201878 0.000000 -1118.995305
v 820.798122 0.000000 -1138.788732
v 804.553991 0.000000 -1141.239437
v 817.211268 0.000000 -1122.798122
v 820.798122 0.000000 -1138.788732
v 801.230047 0.000000 -1126.600939
v 817.211268 0.000000 -1122.798122
v 804.553991 0.000000 -1141.239437
v 823.042254 0.000000 -1155.014085
v 837.051643 0.000000 -1136.328638
v 839.436620 0.000000 -1153.877934
v 820.798122 0.000000 -1138.788732
v 837.051643 0.000000 -1136.328638
v 823.042254 0.000000 -1155.014085
v 806.657277 0.000000 -1156.150235
v 820.798122 0.000000 -1138.788732
v 823.042254 0.000000 -1155.014085
v 804.553991 0.000000 -1141.239437
v 820.798122 0.000000 -1138.788732
v 806.657277 0.000000 -1156.150235
v 823.981221 0.000000 -1171.370892
v 839.436620 0.000000 -1153.877934
v 840.413146 0.000000 -1171.511737
v 823.042254 0.000000 -1155.014085
v 839.436620 0.000000 -1153.877934
v 823.981221 0.000000 -1171.370892
v 807.558685 0.000000 -1171.220657
v 823.042254 0.000000 -1155.014085
v 823.981221 0.000000 -1171.370892
v 806.657277 0.000000 -1156.150235
v 823.042254 0.000000 -1155.014085
v 807.558685 0.000000 -1171.220657
v 823.652582 0.000000 -1187.746479
v 840.413146 0.000000 -1171.511737
v 840.028169 0.000000 -1189.145540
v 823.981221 0.000000 -1171.370892
v 840.413146 0.000000 -1171.511737
v 823.652582 0.000000 -1187.746479
v 807.276995 0.000000 -1186.347418
v 823.981221 0.000000 -1171.370892
v 823.652582 0.000000 -1187.746479
v 807.558685 0.000000 -1171.220657
v 823.981221 0.000000 -1171.370892
v 807.276995 0.000000 -1186.347418
v 822.075117 0.000000 -1204.056338
v 840.028169 0.000000 -1189.145540
v 838.291080 0.000000 -1206.676056
v 823.652582 0.000000 -1187.746479
v 840.028169 0.000000 -1189.145540
v 822.075117 0.000000 -1204.056338
v 805.849765 0.000000 -1201.436620
v 823.652582 0.000000 -1187.746479
v 822.075117 0.000000 -1204.056338
v 807.276995 0.000000 -1186.347418
v 823.652582 0.000000 -1187.746479
v 805.849765 0.000000 -1201.436620
v 819.276995 0.000000 -1220.197183
v 838.291080 0.000000 -1206.676056
v 835.258216 0.000000 -1224.018779
v 822.075117 0.000000 -1204.056338
v 838.291080 0.000000 -1206.676056
v 819.276995 0.000000 -1220.197183
v 803.295775 0.000000 -1216.375587
v 822.075117 0.000000 -1204.056338
v 819.276995 0.000000 -1220.197183
v 805.849765 0.000000 -1201.436620
v 822.075117 0.000000 -1204.056338
v 803.295775 0.000000 -1216.375587
v 815.295775 0.000000 -1236.093897
v 835.258216 0.000000 -1224.018779
v 830.948357 0.000000 -1241.089202
v 819.276995 0.000000 -1220.197183
v 835.258216 0.000000 -1224.018779
v 815.295775 0.000000 -1236.093897
v 799.643192 0.000000 -1231.098592
v 819.276995 0.000000 -1220.197183
v 815.295775 0.000000 -1236.093897
v 803.295775 0.000000 -1216.375587
v 819.276995 0.000000 -1220.197183
v 799.643192 0.000000 -1231.098592
v 810.140845 0.000000 -1251.643192
v 830.948357 0.000000 -1241.089202
v 825.380282 0.000000 -1257.793427
v 815.295775 0.000000 -1236.093897
v 830.948357 0.000000 -1241.089202
v 810.140845 0.000000 -1251.643192
v 794.910798 0.000000 -1245.492958
v 815.295775 0.000000 -1236.093897
v 810.140845 0.000000 -1251.643192
v 799.643192 0.000000 -1231.098592
v 815.295775 0.000000 -1236.093897
v 794.910798 0.000000 -1245.492958
v 803.849765 0.000000 -1266.769953
v 825.380282 0.000000 -1257.793427
v 818.572770 0.000000 -1274.046948
v 810.140845 0.000000 -1251.643192
v 825.380282 0.000000 -1257.793427
v 803.849765 0.000000 -1266.769953
v 789.117371 0.000000 -1259.492958
v 810.140845 0.000000 -1251.643192
v 803.849765 0.000000 -1266.769953
v 794.910798 0.000000 -1245.492958
v 810.140845 0.000000 -1251.643192
v 789.117371 0.000000 -1259.492958
v 796.422535 0.000000 -1281.380282
v 818.572770 0.000000 -1274.046948
v 810.563380 0.000000 -1289.755869
v 803.849765 0.000000 -1266.769953
v 818.572770 0.000000 -1274.046948
v 796.422535 0.000000 -1281.380282
v 782.291080 0.000000 -1272.995305
v 803.849765 0.000000 -1266.769953
v 796.422535 0.000000 -1281.380282
v 789.117371 0.000000 -1259.492958
v 803.849765 0.000000 -1266.769953
v 782.291080 0.000000 -1272.995305
v 787.915493 0.000000 -1295.380282
v 810.563380 0.000000 -1289.755869
v 801.361502 0.000000 -1304.826291
v 796.422535 0.000000 -1281.380282
v 810.563380 0.000000 -1289.755869
v 787.915493 0.000000 -1295.380282
v 774.469484 0.000000 -1285.934272
v 796.422535 0.000000 -1281.380282
v 787.915493 0.000000 -1295.380282
v 782.291080 0.000000 -1272.995305
v 796.422535 0.000000 -1281.380282
v 774.469484 0.000000 -1285.934272
v 778.347418 0.000000 -1308.676056
v 801.361502 0.000000 -1304.826291
v 791.023474 0.000000 -1319.145540
v 787.915493 0.000000 -1295.380282
v 801.361502 0.000000 -1304.826291
v 778.347418 0.000000 -1308.676056
v 765.680751 0.000000 -1298.215962
v 787.915493 0.000000 -1295.380282
v 778.347418 0.000000 -1308.676056
v 774.469484 0.000000 -1285.934272
v 787.915493 0.000000 -1295.380282
v 765.680751 0.000000 -1298.215962
v 767.774648 0.000000 -1321.192488
v 791.023474 0.000000 -1319.145540
v 779.577465 0.000000 -1332.619718
v 778.347418 0.000000 -1308.676056
v 791.023474 0.000000 -1319.145540
v 767.774648 0.000000 -1321.192488
v 755.971831 0.000000 -1309.765258
v 778.347418 0.000000 -1308.676056
v 767.774648 0.000000 -1321.192488
v 765.680751 0.000000 -1298.215962
v 778.347418 0.000000 -1308.676056
v 755.971831 0.000000 -1309.765258
v 756.244131 0.000000 -1332.835681
v 779.577465 0.000000 -1332.619718
v 767.107981 0.000000 -1345.164319
v 767.774648 0.000000 -1321.192488
v 779.577465 0.000000 -1332.619718
v 756.244131 0.000000 -1332.835681
v 745.380282 0.000000 -1320.507042
v 767.774648 0.000000 -1321.192488
v 756.244131 0.000000 -1332.835681
v 755.971831 0.000000 -1309.765258
v 767.774648 0.000000 -1321.192488
v 745.380282 0.000000 -1320.507042
v 710.093897 0.000000 -1343.615023
v 730.215962 0.000000 -1352.600939
v 715.230047 0.000000 -1359.230047
v 723.267606 0.000000 -1337.708920
v 730.215962 0.000000 -1352.600939
v 710.093897 0.000000 -1343.615023
v 699.586854 0.000000 -1364.131455
v 720.366197 0.000000 -1374.835681
v 703.408451 0.000000 -1380.112676
v 715.230047 0.000000 -1359.230047
v 720.366197 0.000000 -1374.835681
v 699.586854 0.000000 -1364.131455
v 695.774648 0.000000 -1348.150235
v 715.230047 0.000000 -1359.230047
v 699.586854 0.000000 -1364.131455
v 710.093897 0.000000 -1343.615023
v 715.230047 0.000000 -1359.230047
v 695.774648 0.000000 -1348.150235
v 683.624413 0.000000 -1367.774648
v 703.408451 0.000000 -1380.112676
v 686.450704 0.000000 -1383.962441
v 699.586854 0.000000 -1364.131455
v 703.408451 0.000000 -1380.112676
v 683.624413 0.000000 -1367.774648
v 680.798122 0.000000 -1351.596244
v 699.586854 0.000000 -1364.131455
v 683.624413 0.000000 -1367.774648
v 695.774648 0.000000 -1348.150235
v 699.586854 0.000000 -1364.131455
v 680.798122 0.000000 -1351.596244
v 667.464789 0.000000 -1370.478873
v 686.450704 0.000000 -1383.962441
v 669.521127 0.000000 -1386.779343
v 683.624413 0.000000 -1367.774648
v 686.450704 0.000000 -1383.962441
v 667.464789 0.000000 -1370.478873
v 665.408451 0.000000 -1354.178404
v 683.624413 0.000000 -1367.774648
v 667.464789 0.000000 -1370.478873
v 680.798122 0.000000 -1351.596244
v 683.624413 0.000000 -1367.774648
v 665.408451 0.000000 -1354.178404
v 651.201878 0.000000 -1372.431925
v 669.521127 0.000000 -1386.779343
v 652.638498 0.000000 -1388.807512
v 667.464789 0.000000 -1370.478873
v 669.521127 0.000000 -1386.779343
v 651.201878 0.000000 -1372.431925
v 649.755869 0.000000 -1356.065728
v 667.464789 0.000000 -1370.478873
v 651.201878 0.000000 -1372.431925
v 665.408451 0.000000 -1354.178404
v 667.464789 0.000000 -1370.478873
v 649.755869 0.000000 -1356.065728
v 634.873239 0.000000 -1373.802817
v 652.638498 0.000000 -1388.807512
v 635.812207 0.000000 -1390.206573
v 651.201878 0.000000 -1372.431925
v 652.638498 0.000000 -1388.807512
v 634.873239 0.000000 -1373.802817
v 633.924883 0.000000 -1357.399061
v 651.201878 0.000000 -1372.431925
v 634.873239 0.000000 -1373.802817
v 649.755869 0.000000 -1356.065728
v 651.201878 0.000000 -1372.431925
v 633.924883 0.000000 -1357.399061
v 618.507042 0.000000 -1374.676056
v 635.812207 0.000000 -1390.206573
v 619.023474 0.000000 -1391.098592
v 634.873239 0.000000 -1373.802817
v 635.812207 0.000000 -1390.206573
v 618.507042 0.000000 -1374.676056
v 617.981221 0.000000 -1358.253521
v 634.873239 0.000000 -1373.802817
v 618.507042 0.000000 -1374.676056
v 633.924883 0.000000 -1357.399061
v 634.873239 0.000000 -1373.802817
v 617.981221 0.000000 -1358.253521
v 602.131455 0.000000 -1375.145540
v 619.023474 0.000000 -1391.098592
v 602.291080 0.000000 -1391.577465
v 618.507042 0.000000 -1374.676056
v 619.023474 0.000000 -1391.098592
v 602.131455 0.000000 -1375.145540
v 601.962441 0.000000 -1358.713615
v 618.507042 0.000000 -1374.676056
v 602.131455 0.000000 -1375.145540
v 617.981221 0.000000 -1358.253521
v 618.507042 0.000000 -1374.676056
v 601.962441 0.000000 -1358.713615
v 585.746479 0.000000 -1375.267606
v 602.291080 0.000000 -1391.577465
v 585.605634 0.000000 -1391.699531
v 602.131455 0.000000 -1375.145540
v 602.291080 0.000000 -1391.577465
v 585.746479 0.000000 -1375.267606
v 585.877934 0.000000 -1358.835681
v 602.131455 0.000000 -1375.145540
v 585.746479 0.000000 -1375.267606
v 601.962441 0.000000 -1358.713615
v 602.131455 0.000000 -1375.145540
v 585.877934 0.000000 -1358.835681
v 569.361502 0.000000 -1375.089202
v 585.605634 0.000000 -1391.699531
v 568.957746 0.000000 -1391.521127
v 585.746479 0.000000 -1375.267606
v 585.605634 0.000000 -1391.699531
v 569.361502 0.000000 -1375.089202
v 569.765258 0.000000 -1358.666667
v 585.746479 0.000000 -1375.267606
v 569.361502 0.000000 -1375.089202
v 585.877934 0.000000 -1358.835681
v 585.746479 0.000000 -1375.267606
v 569.765258 0.000000 -1358.666667
v 520.244131 0.000000 -1373.126761
v 535.765258 0.000000 -1390.403756
v 519.220657 0.000000 -1389.521127
v 536.610329 0.000000 -1373.990610
v 535.765258 0.000000 -1390.403756
v 520.244131 0.000000 -1373.126761
v 503.896714 0.000000 -1372.075117
v 519.220657 0.000000 -1389.521127
v 502.704225 0.000000 -1388.460094
v 520.244131 0.000000 -1373.126761
v 519.220657 0.000000 -1389.521127
v 503.896714 0.000000 -1372.075117
v 505.089202 0.000000 -1355.680751
v 520.244131 0.000000 -1373.126761
v 503.896714 0.000000 -1372.075117
v 521.276995 0.000000 -1356.723005
v 520.244131 0.000000 -1373.126761
v 505.089202 0.000000 -1355.680751
v 487.558685 0.000000 -1370.863850
v 502.704225 0.000000 -1388.460094
v 486.215962 0.000000 -1387.239437
v 503.896714 0.000000 -1372.075117
v 502.704225 0.000000 -1388.460094
v 487.558685 0.000000 -1370.863850
v 488.901408 0.000000 -1354.478873
v 503.896714 0.000000 -1372.075117
v 487.558685 0.000000 -1370.863850
v 505.089202 0.000000 -1355.680751
v 503.896714 0.000000 -1372.075117
v 488.901408 0.000000 -1354.478873
v 471.230047 0.000000 -1369.502347
v 486.215962 0.000000 -1387.239437
v 469.746479 0.000000 -1385.868545
v 487.558685 0.000000 -1370.863850
v 486.215962 0.000000 -1387.239437
v 471.230047 0.000000 -1369.502347
v 472.713615 0.000000 -1353.136150
v 487.558685 0.000000 -1370.863850
v 471.230047 0.000000 -1369.502347
v 488.901408 0.000000 -1354.478873
v 487.558685 0.000000 -1370.863850
v 472.713615 0.000000 -1353.136150
v 454.910798 0.000000 -1368.009390
v 469.746479 0.000000 -1385.868545
v 453.314554 0.000000 -1384.356808
v 471.230047 0.000000 -1369.502347
v 469.746479 0.000000 -1385.868545
v 454.910798 0.000000 -1368.009390
v 456.516432 0.000000 -1351.652582
v 471.230047 0.000000 -1369.502347
v 454.910798 0.000000 -1368.009390
v 472.713615 0.000000 -1353.136150
v 471.230047 0.000000 -1369.502347
v 456.516432 0.000000 -1351.652582
v 438.610329 0.000000 -1366.394366
v 453.314554 0.000000 -1384.356808
v 436.892019 0.000000 -1382.732394
v 454.910798 0.000000 -1368.009390
v 453.314554 0.000000 -1384.356808
v 438.610329 0.000000 -1366.394366
v 440.319249 0.000000 -1350.046948
v 454.910798 0.000000 -1368.009390
v 438.610329 0.000000 -1366.394366
v 456.516432 0.000000 -1351.652582
v 454.910798 0.000000 -1368.009390
v 440.319249 0.000000 -1350.046948
v 422.319249 0.000000 -1364.666667
v 436.892019 0.000000 -1382.732394
v 420.497653 0.000000 -1380.995305
v 438.610329 0.000000 -1366.394366
v 436.892019 0.000000 -1382.732394
v 422.319249 0.000000 -1364.666667
v 424.131455 0.000000 -1348.338028
v 438.610329 0.000000 -1366.394366
v 422.319249 0.000000 -1364.666667
v 440.319249 0.000000 -1350.046948
v 438.610329 0.000000 -1366.394366
v 424.131455 0.000000 -1348.338028
v 406.028169 0.000000 -1362.845070
v 420.497653 0.000000 -1380.995305
v 404.122066 0.000000 -1379.164319
v 422.319249 0.000000 -1364.666667
v 420.497653 0.000000 -1380.995305
v 406.028169 0.000000 -1362.845070
v 407.943662 0.000000 -1346.525822
v 422.319249 0.000000 -1364.666667
v 406.028169 0.000000 -1362.845070
v 424.131455 0.000000 -1348.338028
v 422.319249 0.000000 -1364.666667
v 407.943662 0.000000 -1346.525822
v 359.389671 0.000000 -1340.563380
v 373.502347 0.000000 -1358.929577
v 357.248826 0.000000 -1356.854460
v 375.568075 0.000000 -1342.629108
v 373.502347 0.000000 -1358.929577
v 359.389671 0.000000 -1340.563380
v 341.004695 0.000000 -1354.713615
v 355.107981 0.000000 -1373.145540
v 338.798122 0.000000 -1370.995305
v 357.248826 0.000000 -1356.854460
v 355.107981 0.000000 -1373.145540
v 341.004695 0.000000 -1354.713615
v 343.201878 0.000000 -1338.422535
v 357.248826 0.000000 -1356.854460
v 341.004695 0.000000 -1354.713615
v 359.389671 0.000000 -1340.563380
v 357.248826 0.000000 -1356.854460
v 343.201878 0.000000 -1338.422535
v 324.760563 0.000000 -1352.507042
v 338.798122 0.000000 -1370.995305
v 322.507042 0.000000 -1368.779343
v 341.004695 0.000000 -1354.713615
v 338.798122 0.000000 -1370.995305
v 324.760563 0.000000 -1352.507042
v 327.023474 0.000000 -1336.234742
v 341.004695 0.000000 -1354.713615
v 324.760563 0.000000 -1352.507042
v 343.201878 0.000000 -1338.422535
v 341.004695 0.000000 -1354.713615
v 327.023474 0.000000 -1336.234742
v 308.535211 0.000000 -1350.244131
v 322.507042 0.000000 -1368.779343
v 306.234742 0.000000 -1366.516432
v 324.760563 0.000000 -1352.507042
v 322.507042 0.000000 -1368.779343
v 308.535211 0.000000 -1350.244131
v 310.845070 0.000000 -1333.981221
v 324.760563 0.000000 -1352.507042
v 308.535211 0.000000 -1350.244131
v 327.023474 0.000000 -1336.234742
v 324.760563 0.000000 -1352.507042
v 310.845070 0.000000 -1333.981221
v 292.319249 0.000000 -1347.943662
v 306.234742 0.000000 -1366.516432
v 289.971831 0.000000 -1364.206573
v 308.535211 0.000000 -1350.244131
v 306.234742 0.000000 -1366.516432
v 292.319249 0.000000 -1347.943662
v 294.657277 0.000000 -1331.680751
v 308.535211 0.000000 -1350.244131
v 292.319249 0.000000 -1347.943662
v 310.845070 0.000000 -1333.981221
v 308.535211 0.000000 -1350.244131
v 294.657277 0.000000 -1331.680751
v 276.103286 0.000000 -1345.596244
v 289.971831 0.000000 -1364.206573
v 273.727700 0.000000 -1361.859155
v 292.319249 0.000000 -1347.943662
v 289.971831 0.000000 -1364.206573
v 276.103286 0.000000 -1345.596244
v 278.478873 0.000000 -1329.342723
v 292.319249 0.000000 -1347.943662
v 276.103286 0.000000 -1345.596244
v 294.657277 0.000000 -1331.680751
v 292.319249 0.000000 -1347.943662
v 278.478873 0.000000 -1329.342723
v 259.887324 0.000000 -1343.220657
v 273.727700 0.000000 -1361.859155
v 257.483568 0.000000 -1359.474178
v 276.103286 0.000000 -1345.596244
v 273.727700 0.000000 -1361.859155
v 259.887324 0.000000 -1343.220657
v 262.291080 0.000000 -1326.967136
v 276.103286 0.000000 -1345.596244
v 259.887324 0.000000 -1343.220657
v 278.478873 0.000000 -1329.342723
v 276.103286 0.000000 -1345.596244
v 262.291080 0.000000 -1326.967136
v 243.680751 0.000000 -1340.826291
v 257.483568 0.000000 -1359.474178
v 241.267606 0.000000 -1357.079812
v 259.887324 0.000000 -1343.220657
v 257.483568 0.000000 -1359.474178
v 243.680751 0.000000 -1340.826291
v 246.093897 0.000000 -1324.572770
v 259.887324 0.000000 -1343.220657
v 243.680751 0.000000 -1340.826291
v 262.291080 0.000000 -1326.967136
v 259.887324 0.000000 -1343.220657
v 246.093897 0.000000 -1324.572770
v 227.483568 0.000000 -1338.422535
v 241.267606 0.000000 -1357.079812
v 225.061033 0.000000 -1354.676056
v 243.680751 0.000000 -1340.826291
v 241.267606 0.000000 -1357.079812
v 227.483568 0.000000 -1338.422535
v 229.896714 0.000000 -1322.169014
v 243.680751 0.000000 -1340.826291
v 227.483568 0.000000 -1338.422535
v 246.093897 0.000000 -1324.572770
v 243.680751 0.000000 -1340.826291
v 229.896714 0.000000 -1322.169014
v 211.267606 0.000000 -1336.009390
v 225.061033 0.000000 -1354.676056
v 208.873239 0.000000 -1352.272300
v 227.483568 0.000000 -1338.422535
v 225.061033 0.000000 -1354.676056
v 211.267606 0.000000 -1336.009390
v 213.671362 0.000000 -1319.755869
v 227.483568 0.000000 -1338.422535
v 211.267606 0.000000 -1336.009390
v 229.896714 0.000000 -1322.169014
v 227.483568 0.000000 -1338.422535
v 213.671362 0.000000 -1319.755869
v 195.051643 0.000000 -1333.624413
v 208.873239 0.000000 -1352.272300
v 192.704225 0.000000 -1349.887324
v 211.267606 0.000000 -1336.009390
v 208.873239 0.000000 -1352.272300
v 195.051643 0.000000 -1333.624413
v 197.408451 0.000000 -1317.361502
v 211.267606 0.000000 -1336.009390
v 195.051643 0.000000 -1333.624413
v 213.671362 0.000000 -1319.755869
v 211.267606 0.000000 -1336.009390
v 197.408451 0.000000 -1317.361502
v 178.835681 0.000000 -1331.286385
v 192.704225 0.000000 -1349.887324
v 176.563380 0.000000 -1347.558685
v 195.051643 0.000000 -1333.624413
v 192.704225 0.000000 -1349.887324
v 178.835681 0.000000 -1331.286385
v 181.117371 0.000000 -1315.014085
v 195.051643 0.000000 -1333.624413
v 178.835681 0.000000 -1331.286385
v 197.408451 0.000000 -1317.361502
v 195.051643 0.000000 -1333.624413
v 181.117371 0.000000 -1315.014085
v 162.610329 -0.018779 -1329.098592
v 176.563380 0.000000 -1347.558685
v 160.065728 -0.018779 -1345.333333
v 178.835681 0.000000 -1331.286385
v 176.563380 0.000000 -1347.558685
v 162.610329 -0.018779 -1329.098592
v 165.154930 -0.018779 -1312.863850
v 178.835681 0.000000 -1331.286385
v 162.610329 -0.018779 -1329.098592
v 181.117371 0.000000 -1315.014085
v 178.835681 0.000000 -1331.286385
v 165.154930 -0.018779 -1312.863850
v 146.469484 0.215962 -1326.319249
v 160.065728 -0.018779 -1345.333333
v 142.075117 0.215962 -1342.150235
v 162.610329 -0.018779 -1329.098592
v 160.065728 -0.018779 -1345.333333
v 146.469484 0.215962 -1326.319249
v 150.863850 0.215962 -1310.488263
v 162.610329 -0.018779 -1329.098592
v 146.469484 0.215962 -1326.319249
v 165.154930 -0.018779 -1312.863850
v 162.610329 -0.018779 -1329.098592
v 150.863850 0.215962 -1310.488263
v 130.769953 1.201878 -1321.727700
v 142.075117 0.215962 -1342.150235
v 124.732394 1.201878 -1337.014085
v 146.469484 0.215962 -1326.319249
v 142.075117 0.215962 -1342.150235
v 130.769953 1.201878 -1321.727700
v 136.798122 1.201878 -1306.441315
v 146.469484 0.215962 -1326.319249
v 130.769953 1.201878 -1321.727700
v 150.863850 0.215962 -1310.488263
v 146.469484 0.215962 -1326.319249
v 136.798122 1.201878 -1306.441315
v 87.586854 7.652582 -1299.446009
v 92.676056 5.023474 -1322.046948
v 78.009390 7.661972 -1312.798122
v 101.276995 5.023474 -1308.046948
v 92.676056 5.023474 -1322.046948
v 87.586854 7.652582 -1299.446009
v 62.037559 17.502347 -1257.258216
v 62.206573 13.962441 -1279.718310
v 50.431925 17.502347 -1268.892019
v 73.258216 13.953052 -1267.558685
v 62.206573 13.962441 -1279.718310
v 62.037559 17.502347 -1257.258216
v 39.201878 21.239437 -1257.568075
v 38.826291 17.511737 -1280.525822
v 27.126761 21.239437 -1268.713615
v 50.431925 17.502347 -1268.892019
v 38.826291 17.511737 -1280.525822
v 39.201878 21.239437 -1257.568075
v 51.276995 21.239437 -1246.422535
v 50.431925 17.502347 -1268.892019
v 39.201878 21.239437 -1257.568075
v 62.037559 17.502347 -1257.258216
v 50.431925 17.502347 -1268.892019
v 51.276995 21.239437 -1246.422535
v 28.460094 25.136150 -1245.821596
v 27.126761 21.239437 -1268.713615
v 15.990610 25.136150 -1256.525822
v 39.201878 21.239437 -1257.568075
v 27.126761 21.239437 -1268.713615
v 28.460094 25.136150 -1245.821596
v 40.929577 25.136150 -1235.117371
v 39.201878 21.239437 -1257.568075
v 28.460094 25.136150 -1245.821596
v 51.276995 21.239437 -1246.422535
v 39.201878 21.239437 -1257.568075
v 40.929577 25.136150 -1235.117371
v 18.159624 29.154930 -1233.727700
v 15.990610 25.136150 -1256.525822
v 5.352113 29.154930 -1244.018779
v 28.460094 25.136150 -1245.821596
v 15.990610 25.136150 -1256.525822
v 18.159624 29.154930 -1233.727700
v 30.967136 29.154930 -1223.436620
v 28.460094 25.136150 -1245.821596
v 18.159624 29.154930 -1233.727700
v 40.929577 25.136150 -1235.117371
v 28.460094 25.136150 -1245.821596
v 30.967136 29.154930 -1223.436620
v 8.272300 33.276995 -1221.333333
v 5.352113 29.154930 -1244.018779
v -4.816901 33.276995 -1231.248826
v 18.159624 29.154930 -1233.727700
v 5.352113 29.154930 -1244.018779
v 8.272300 33.276995 -1221.333333
v 21.370892 33.276995 -1211.408451
v 18.159624 29.154930 -1233.727700
v 8.272300 33.276995 -1221.333333
v 30.967136 29.154930 -1223.436620
v 18.159624 29.154930 -1233.727700
v 21.370892 33.276995 -1211.408451
v -1.239437 37.474178 -1208.676056
v -4.816901 33.276995 -1231.248826
v -14.591549 37.474178 -1218.253521
v 8.272300 33.276995 -1221.333333
v -4.816901 33.276995 -1231.248826
v -1.239437 37.474178 -1208.676056
v 12.103286 37.474178 -1199.098592
v 8.272300 33.276995 -1221.333333
v -1.239437 37.474178 -1208.676056
v 21.370892 33.276995 -1211.408451
v 8.272300 33.276995 -1221.333333
v 12.103286 37.474178 -1199.098592
v -10.422535 41.737089 -1195.793427
v -14.591549 37.474178 -1218.253521
v -23.990610 41.737089 -1205.061033
v -1.239437 37.474178 -1208.676056
v -14.591549 37.474178 -1218.253521
v -10.422535 41.737089 -1195.793427
v 3.136150 41.737089 -1186.525822
v -1.239437 37.474178 -1208.676056
v -10.422535 41.737089 -1195.793427
v 12.103286 37.474178 -1199.098592
v -1.239437 37.474178 -1208.676056
v 3.136150 41.737089 -1186.525822
v -19.305164 46.037559 -1182.713615
v -23.990610 41.737089 -1205.061033
v -33.070423 46.037559 -1191.690141
v -10.422535 41.737089 -1195.793427
v -23.990610 41.737089 -1205.061033
v -19.305164 46.037559 -1182.713615
v -5.539906 46.037559 -1173.737089
v -10.422535 41.737089 -1195.793427
v -19.305164 46.037559 -1182.713615
v 3.136150 41.737089 -1186.525822
v -10.422535 41.737089 -1195.793427
v -5.539906 46.037559 -1173.737089
v -44.366197 59.023474 -1142.478873
v -50.338028 54.694836 -1164.507042
v -58.582160 59.023474 -1150.723005
v -36.253521 54.694836 -1156.037559
v -50.338028 54.694836 -1164.507042
v -44.366197 59.023474 -1142.478873
v -52.281690 63.314554 -1128.788732
v -58.582160 59.023474 -1150.723005
v -66.610329 63.314554 -1136.826291
v -44.366197 59.023474 -1142.478873
v -58.582160 59.023474 -1150.723005
v -52.281690 63.314554 -1128.788732
v -37.943662 63.314554 -1120.741784
v -44.366197 59.023474 -1142.478873
v -52.281690 63.314554 -1128.788732
v -30.150235 59.023474 -1134.234742
v -44.366197 59.023474 -1142.478873
v -37.943662 63.314554 -1120.741784
v -60.000000 67.568075 -1114.976526
v -66.610329 63.314554 -1136.826291
v -74.431925 67.568075 -1122.835681
v -52.281690 63.314554 -1128.788732
v -66.610329 63.314554 -1136.826291
v -60.000000 67.568075 -1114.976526
v -45.568075 67.568075 -1107.117371
v -52.281690 63.314554 -1128.788732
v -60.000000 67.568075 -1114.976526
v -37.943662 63.314554 -1120.741784
v -52.281690 63.314554 -1128.788732
v -45.568075 67.568075 -1107.117371
v -67.549296 71.737089 -1101.051643
v -74.431925 67.568075 -1122.835681
v -82.075117 71.737089 -1108.741784
v -60.000000 67.568075 -1114.976526
v -74.431925 67.568075 -1122.835681
v -67.549296 71.737089 -1101.051643
v -53.032864 71.737089 -1093.352113
v -60.000000 67.568075 -1114.976526
v -67.549296 71.737089 -1101.051643
v -45.568075 67.568075 -1107.117371
v -60.000000 67.568075 -1114.976526
v -53.032864 71.737089 -1093.352113
v -74.976526 75.793427 -1087.014085
v -82.075117 71.737089 -1108.741784
v -89.558685 75.793427 -1094.582160
v -67.549296 71.737089 -1101.051643
v -82.075117 71.737089 -1108.741784
v -74.976526 75.793427 -1087.014085
v -60.384977 75.793427 -1079.446009
v -67.549296 71.737089 -1101.051643
v -74.976526 75.793427 -1087.014085
v -53.032864 71.737089 -1093.352113
v -67.549296 71.737089 -1101.051643
v -60.384977 75.793427 -1079.446009
vn -0.031006 0.993896 0.104980
vn -0.031006 0.993896 0.104980
vn -0.031006 0.993896 0.104980
vn -0.031006 0.993896 0.104980
vn -0.031006 0.993896 0.104980
vn -0.031006 0.993896 0.104980
vn -0.032715 0.993164 0.111084
vn -0.032715 0.993164 0.111084
vn -0.032715 0.993164 0.111084
vn -0.032715 0.993164 0.111084
vn -0.032715 0.993164 0.111084
vn -0.032715 0.993164 0.111084
vn -0.017578 0.996338 0.081055
vn -0.017578 0.996338 0.081055
vn -0.017578 0.996338 0.081055
vn -0.017578 0.996338 0.081055
vn -0.017578 0.996338 0.081055
vn -0.017578 0.996338 0.081055
vn -0.019043 0.995850 0.087158
vn -0.019043 0.995850 0.087158
vn -0.019043 0.995850 0.087158
vn -0.019043 0.995850 0.087158
vn -0.019043 0.995850 0.087158
vn -0.019043 0.995850 0.087158
vn -0.006348 0.998291 0.054443
vn -0.006348 0.998291 0.054443
vn -0.006348 0.998291 0.054443
vn -0.006348 0.998291 0.054443
vn -0.006348 0.998291 0.054443
vn -0.006348 0.998291 0.054443
vn -0.007080 0.998047 0.060547
vn -0.007080 0.998047 0.060547
vn -0.007080 0.998047 0.060547
vn -0.007080 0.998047 0.060547
vn -0.007080 0.998047 0.060547
vn -0.007080 0.998047 0.060547
vn 0.000000 0.999512 0.023682
vn 0.000000 0.999512 0.023682
vn 0.000000 0.999512 0.023682
vn 0.000000 0.999512 0.023682
vn 0.000000 0.999512 0.023682
vn 0.000000 0.999512 0.023682
vn 0.000000 0.999512 0.026611
vn 0.000000 0.999512 0.026611
vn 0.000000 0.999512 0.026611
vn 0.000000 0.999512 0.026611
vn 0.000000 0.999512 0.026611
vn 0.000000 0.999512 0.026611
vn 0.000000 0.999756 0.000732
vn 0.000000 0.999756 0.000732
vn 0.000000 0.999756 0.000732
vn 0.000000 0.999756 0.000732
vn 0.000000 0.999756 0.000732
vn 0.000000 0.999756 0.000732
vn 0.000000 0.999756 0.000732
vn 0.000000 0.999756 0.000732
vn 0.000000 0.999756 0.000732
vn 0.000000 0.999756 0.000732
vn 0.000000 0.999756 0.000732
vn 0.000000 0.999756 0.000732
vn 0.000000 1.000000 0.000000
vn 0.000000 1.000000 0.000000
vn 0.000000 1.000000 0.000000
vn 0.000000 1.000000 0.000000
vn 0.000000 1.000000 0.000000
vn 0.000000 1.000000 0.000000
vn 0.000000 1.000000 0.000000
vn 0.000000 1.000000 0.000000
vn 0.000000 1.000000 0.000000
vn 0.000000 1.000000 0.000000
vn 0.000000 1.000000 0.000000
vn 0.000000 1.000000 0.000000
vn 0.000000 1.000000 0.000000
vn 0.000000 1.000000 0.000000
vn 0.000000 1.000000 0.000000
vn 0.000000 1.000000 0.000000
vn 0.000000 1.000000 0.000000
vn 0.000000 1.000000 0.000000
vn 0.000000 1.000000 0.000000
vn 0.000000 1.000000 0.000000
vn 0.000000 1.000000 0.000000
vn 0.000000 1.000000 0.000000
vn 0.000000 1.000000 0.000000
vn 0.000000 1.000000 0.000000
vn 0.000000 1.000000 0.000000
vn 0.000000 1.000000 0.000000
vn 0.000000 1.000000 0.000000
vn 0.000000 1.000000 0.000000
vn 0.000000 1.000000 0.000000
vn 0.000000 1.000000 0.000000
vn 0.000000 1.000000 0.000000
vn 0.000000 1.000000 0.000000
vn 0.000000 1.000000 0.000000
vn 0.000000 1.000000 0.000000
vn 0.000000 1.000000 0.000000
vn 0.000000 1.000000 0.000000
vn 0.000000 1.000000 0.000000
vn 0.000000 1.000000 0.000000
vn 0.000000 1.000000 0.000000
vn 0.000000 1.000000 0.000000
vn 0.000000 1.000000 0.000000
vn 0.000000 1.000000 0.000000
vn 0.000000 1.000000 0.000000
vn 0.000000 1.000000 0.000000
vn 0.000000 1.000000 0.000000
vn 0.000000 1.000000 0.000000
vn 0.000000 1.000000 0.000000
vn 0.000000 1.000000 0.000000
vn 0.000000 1.000000 0.000000
vn 0.000000 1.000000 0.000000
vn 0.000000 1.000000 0.000000
vn 0.000000 1.000000 0.000000
vn 0.000000 1.000000 0.000000
vn 0.000000 1.000000 0.000000
vn 0.000000 1.000000 0.000000
vn 0.000000 1.000000 0.000000
vn 0.000000 1.000000 0.000000
vn 0.000000 1.000000 0.000000
vn 0.000000 1.000000 0.000000
vn 0.000000 1.000000 0.000000
vn 0.000000 1.000000 0.000000
vn 0.000000 1.000000 0.000000
vn 0.000000 1.000000 0.000000
vn 0.000000 1.000000 0.000000
vn 0.000000 1.000000 0.000000
vn 0.000000 1.000000 0.000000
vn 0.000000 1.000000 0.000000
vn 0.000000 1.000000 0.000000
vn 0.000000 1.000000 0.000000
vn 0.000000 1.000000 0.000000
vn 0.000000 1.000000 0.000000
vn 0.000000 1.000000 0.000000
vn 0.000000 1.000000 0.000000
vn 0.000000 1.000000 0.000000
vn 0.000000 1.000000 0.000000
vn 0.000000 1.000000 0.000000
vn 0.000000 1.000000 0.000000
vn 0.000000 1.000000 0.000000
vn 0.000000 1.000000 0.000000
vn 0.000000 1.000000 0.000000
vn 0.000000 1.000000 0.000000
vn 0.000000 1.000000 0.000000
vn 0.000000 1.000000 0.000000
vn 0.000000 1.000000 0.000000
vn 0.000000 1.000000 0.000000
vn 0.000000 1.000000 0.000000
vn 0.000000 1.000000 0.000000
vn 0.000000 1.000000 0.000000
vn 0.000000 1.000000 0.000000
vn 0.000000 1.000000 0.000000
vn 0.000000 1.000000 0.000000
vn 0.000000 1.000000 0.000000
vn 0.000000 1.000000 0.000000
vn 0.000000 1.000000 0.000000
vn 0.000000 1.000000 0.000000
vn 0.000000 1.000000 0.000000
vn 0.000000 1.000000 0.000000
vn 0.000000 1.000000 0.000000
vn 0.000000 1.000000 0.000000
vn 0.000000 1.000000 0.000000
vn 0.000000 1.000000 0.000000
vn 0.000000 1.000000 0.000000
vn 0.000000 1.000000 0.000000
vn 0.000000 1.000000 0.000000
vn 0.000000 1.000000 0.000000
vn 0.000000 1.000000 0.000000
vn 0.000000 1.000000 0.000000
vn 0.000000 1.000000 0.000000
vn 0.000000 1.000000 0.000000
vn 0.000000 1.000000 0.000000
vn 0.000000 1.000000 0.000000
vn 0.000000 1.000000 0.000000
vn 0.000000 1.000000 0.000000
vn 0.000000 1.000000 0.000000
vn 0.000000 1.000000 0.000000
vn 0.000000 1.000000 0.000000
vn 0.000000 1.000000 0.000000
vn 0.000000 1.000000 0.000000
vn 0.000000 1.000000 0.000000
vn 0.000000 1.000000 0.000000
vn 0.000000 1.000000 0.000000
vn 0.000000 1.000000 0.000000
vn 0.000000 1.000000 0.000000
vn 0.000000 1.000000 0.000000
vn 0.000000 1.000000 0.000000
vn 0.000000 1.000000 0.000000
vn 0.000000 1.000000 0.000000
vn 0.000000 1.000000 0.000000
vn 0.000000 1.000000 0.000000
vn 0.000000 1.000000 0.000000
vn 0.000000 1.000000 0.000000
vn 0.000000 1.000000 0.000000
vn -0.000244 0.999756 0.000000
vn -0.000244 0.999756 0.000000
vn -0.000244 0.999756 0.000000
vn -0.000244 0.999756 0.000000
vn -0.000244 0.999756 0.000000
vn -0.000244 0.999756 0.000000
vn 0.000000 1.000000 0.000000
vn 0.000000 1.000000 0.000000
vn 0.000000 1.000000 0.000000
vn 0.000000 1.000000 0.000000
vn 0.000000 1.000000 0.000000
vn 0.000000 1.000000 0.000000
vn 0.000000 0.999756 0.000244
vn 0.000000 0.999756 0.000244
vn 0.000000 0.999756 0.000244
vn 0.000000 0.999756 0.000244
vn 0.000000 0.999756 0.000244
vn 0.000000 0.999756 0.000244
vn 0.000000 1.000000 0.000000
vn 0.000000 1.000000 0.000000
vn 0.000000 1.000000 0.000000
vn 0.000000 1.000000 0.000000
vn 0.000000 1.000000 0.000000
vn 0.000000 1.000000 0.000000
vn 0.000000 1.000000 0.000000
vn 0.000000 1.000000 0.000000
vn 0.000000 1.000000 0.000000
vn 0.000000 1.000000 0.000000
vn 0.000000 1.000000 0.000000
vn 0.000000 1.000000 0.000000
vn -0.000244 0.999756 0.000000
vn -0.000244 0.999756 0.000000
vn -0.000244 0.999756 0.000000
vn -0.000244 0.999756 0.000000
vn -0.000244 0.999756 0.000000
vn -0.000244 0.999756 0.000000
vn -0.000244 0.999756 0.000000
vn -0.000244 0.999756 0.000000
vn -0.000244 0.999756 0.000000
vn -0.000244 0.999756 0.000000
vn -0.000244 0.999756 0.000000
vn -0.000244 0.999756 0.000000
vn 0.000000 1.000000 0.000000
vn 0.000000 1.000000 0.000000
vn 0.000000 1.000000 0.000000
vn 0.000000 1.000000 0.000000
vn 0.000000 1.000000 0.000000
vn 0.000000 1.000000 0.000000
vn 0.000000 1.000000 0.000000
vn 0.000000 1.000000 0.000000
vn 0.000000 1.000000 0.000000
vn 0.000000 1.000000 0.000000
vn 0.000000 1.000000 0.000000
vn 0.000000 1.000000 0.000000
vn 0.000000 1.000000 0.000000
vn 0.000000 1.000000 0.000000
vn 0.000000 1.000000 0.000000
vn 0.000000 1.000000 0.000000
vn 0.000000 1.000000 0.000000
vn 0.000000 1.000000 0.000000
vn 0.000000 1.000000 0.000000
vn 0.000000 1.000000 0.000000
vn 0.000000 1.000000 0.000000
vn 0.000000 1.000000 0.000000
vn 0.000000 1.000000 0.000000
vn 0.000000 1.000000 0.000000
vn -0.000244 0.999756 0.000000
vn -0.000244 0.999756 0.000000
vn -0.000244 0.999756 0.000000
vn -0.000244 0.999756 0.000000
vn -0.000244 0.999756 0.000000
vn -0.000244 0.999756 0.000000
vn -0.000244 0.999756 0.000244
vn -0.000244 0.999756 0.000244
vn -0.000244 0.999756 0.000244
vn -0.000244 0.999756 0.000244
vn -0.000244 0.999756 0.000244
vn -0.000244 0.999756 0.000244
vn -0.000244 0.999756 0.000244
vn -0.000244 0.999756 0.000244
vn -0.000244 0.999756 0.000244
vn -0.000244 0.999756 0.000244
vn -0.000244 0.999756 0.000244
vn -0.000244 0.999756 0.000244
vn 0.000000 1.000000 0.000000
vn 0.000000 1.000000 0.000000
vn 0.000000 1.000000 0.000000
vn 0.000000 1.000000 0.000000
vn 0.000000 1.000000 0.000000
vn 0.000000 1.000000 0.000000
vn 0.000000 0.999756 0.000244
vn 0.000000 0.999756 0.000244
vn 0.000000 0.999756 0.000244
vn 0.000000 0.999756 0.000244
vn 0.000000 0.999756 0.000244
vn 0.000000 0.999756 0.000244
vn 0.000000 1.000000 0.000000
vn 0.000000 1.000000 0.000000
vn 0.000000 1.000000 0.000000
vn 0.000000 1.000000 0.000000
vn 0.000000 1.000000 0.000000
vn 0.000000 1.000000 0.000000
vn 0.000000 1.000000 0.000000
vn 0.000000 1.000000 0.000000
vn 0.000000 1.000000 0.000000
vn 0.000000 1.000000 0.000000
vn 0.000000 1.000000 0.000000
vn 0.000000 1.000000 0.000000
vn 0.000000 1.000000 0.000000
vn 0.000000 1.000000 0.000000
vn 0.000000 1.000000 0.000000
vn 0.000000 1.000000 0.000000
vn 0.000000 1.000000 0.000000
vn 0.000000 1.000000 0.000000
vn 0.000000 1.000000 0.000000
vn 0.000000 1.000000 0.000000
vn 0.000000 1.000000 0.000000
vn 0.000000 1.000000 0.000000
vn 0.000000 1.000000 0.000000
vn 0.000000 1.000000 0.000000
vn -0.003174 0.999756 -0.003662
vn -0.003174 0.999756 -0.003662
vn -0.003174 0.999756 -0.003662
vn -0.003174 0.999756 -0.003662
vn -0.003174 0.999756 -0.003662
vn -0.003174 0.999756 -0.003662
vn -0.003174 0.999756 -0.003662
vn -0.003174 0.999756 -0.003662
vn -0.003174 0.999756 -0.003662
vn -0.003174 0.999756 -0.003662
vn -0.003174 0.999756 -0.003662
vn -0.003174 0.999756 -0.003662
vn -0.046875 0.996094 -0.073730
vn -0.046875 0.996094 -0.073730
vn -0.046875 0.996094 -0.073730
vn -0.046875 0.996094 -0.073730
vn -0.046875 0.996094 -0.073730
vn -0.046875 0.996094 -0.073730
vn -0.043457 0.996582 -0.068359
vn -0.043457 0.996582 -0.068359
vn -0.043457 0.996582 -0.068359
vn -0.043457 0.996582 -0.068359
vn -0.043457 0.996582 -0.068359
vn -0.043457 0.996582 -0.068359
vn -0.090088 0.982666 -0.161621
vn -0.090088 0.982666 -0.161621
vn -0.090088 0.982666 -0.161621
vn -0.090088 0.982666 -0.161621
vn -0.090088 0.982666 -0.161621
vn -0.090088 0.982666 -0.161621
vn -0.085449 0.984375 -0.153076
vn -0.085449 0.984375 -0.153076
vn -0.085449 0.984375 -0.153076
vn -0.085449 0.984375 -0.153076
vn -0.085449 0.984375 -0.153076
vn -0.085449 0.984375 -0.153076
vn -0.118164 0.965088 -0.232910
vn -0.118164 0.965088 -0.232910
vn -0.118164 0.965088 -0.232910
vn -0.118164 0.965088 -0.232910
vn -0.118164 0.965088 -0.232910
vn -0.118164 0.965088 -0.232910
vn -0.114014 0.967529 -0.224609
vn -0.114014 0.967529 -0.224609
vn -0.114014 0.967529 -0.224609
vn -0.114014 0.967529 -0.224609
vn -0.114014 0.967529 -0.224609
vn -0.114014 0.967529 -0.224609
vn -0.139648 0.946777 -0.289551
vn -0.139648 0.946777 -0.289551
vn -0.139648 0.946777 -0.289551
vn -0.139648 0.946777 -0.289551
vn -0.139648 0.946777 -0.289551
vn -0.139648 0.946777 -0.289551
vn -0.136963 0.948730 -0.283936
vn -0.136963 0.948730 -0.283936
vn -0.136963 0.948730 -0.283936
vn -0.136963 0.948730 -0.283936
vn -0.136963 0.948730 -0.283936
vn -0.136963 0.948730 -0.283936
vn -0.158203 0.928711 -0.334717
vn -0.158203 0.928711 -0.334717
vn -0.158203 0.928711 -0.334717
vn -0.158203 0.928711 -0.334717
vn -0.158203 0.928711 -0.334717
vn -0.158203 0.928711 -0.334717
vn -0.156982 0.929932 -0.332275
vn -0.156982 0.929932 -0.332275
vn -0.156982 0.929932 -0.332275
vn -0.156982 0.929932 -0.332275
vn -0.156982 0.929932 -0.332275
vn -0.156982 0.929932 -0.332275
vn -0.178467 0.911377 -0.370117
vn -0.178467 0.911377 -0.370117
vn -0.178467 0.911377 -0.370117
vn -0.178467 0.911377 -0.370117
vn -0.178467 0.911377 -0.370117
vn -0.178467 0.911377 -0.370117
vn -0.179688 0.910156 -0.372803
vn -0.179688 0.910156 -0.372803
vn -0.179688 0.910156 -0.372803
vn -0.179688 0.910156 -0.372803
vn -0.179688 0.910156 -0.372803
vn -0.179688 0.910156 -0.372803
vn -0.202393 0.895020 -0.397217
vn -0.202393 0.895020 -0.397217
vn -0.202393 0.895020 -0.397217
vn -0.202393 0.895020 -0.397217
vn -0.202393 0.895020 -0.397217
vn -0.202393 0.895020 -0.397217
vn -0.206543 0.890381 -0.405029
vn -0.206543 0.890381 -0.405029
vn -0.206543 0.890381 -0.405029
vn -0.206543 0.890381 -0.405029
vn -0.206543 0.890381 -0.405029
vn -0.206543 0.890381 -0.405029
vn -0.234131 0.879150 -0.414551
vn -0.234131 0.879150 -0.414551
vn -0.234131 0.879150 -0.414551
vn -0.234131 0.879150 -0.414551
vn -0.234131 0.879150 -0.414551
vn -0.234131 0.879150 -0.414551
vn -0.243164 0.868896 -0.430664
vn -0.243164 0.868896 -0.430664
vn -0.243164 0.868896 -0.430664
vn -0.243164 0.868896 -0.430664
vn -0.243164 0.868896 -0.430664
vn -0.243164 0.868896 -0.430664
vn -0.276611 0.864014 -0.420166
vn -0.276611 0.864014 -0.420166
vn -0.276611 0.864014 -0.420166
vn -0.276611 0.864014 -0.420166
vn -0.276611 0.864014 -0.420166
vn -0.276611 0.864014 -0.420166
vn -0.293701 0.845215 -0.446289
vn -0.293701 0.845215 -0.446289
vn -0.293701 0.845215 -0.446289
vn -0.293701 0.845215 -0.446289
vn -0.293701 0.845215 -0.446289
vn -0.293701 0.845215 -0.446289
vn -0.463623 0.839844 -0.281494
vn -0.463623 0.839844 -0.281494
vn -0.463623 0.839844 -0.281494
vn -0.463623 0.839844 -0.281494
vn -0.463623 0.839844 -0.281494
vn -0.463623 0.839844 -0.281494
vn -0.445801 0.872070 -0.200439
vn -0.445801 0.872070 -0.200439
vn -0.445801 0.872070 -0.200439
vn -0.445801 0.872070 -0.200439
vn -0.445801 0.872070 -0.200439
vn -0.445801 0.872070 -0.200439
vn -0.498779 0.837158 -0.224365
vn -0.498779 0.837158 -0.224365
vn -0.498779 0.837158 -0.224365
vn -0.498779 0.837158 -0.224365
vn -0.498779 0.837158 -0.224365
vn -0.498779 0.837158 -0.224365
vn -0.387695 0.913086 -0.124023
vn -0.387695 0.913086 -0.124023
vn -0.387695 0.913086 -0.124023
vn -0.387695 0.913086 -0.124023
vn -0.387695 0.913086 -0.124023
vn -0.387695 0.913086 -0.124023
vn -0.432129 0.890869 -0.138184
vn -0.432129 0.890869 -0.138184
vn -0.432129 0.890869 -0.138184
vn -0.432129 0.890869 -0.138184
vn -0.432129 0.890869 -0.138184
vn -0.432129 0.890869 -0.138184
vn -0.311279 0.947754 -0.065918
vn -0.311279 0.947754 -0.065918
vn -0.311279 0.947754 -0.065918
vn -0.311279 0.947754 -0.065918
vn -0.311279 0.947754 -0.065918
vn -0.311279 0.947754 -0.065918
vn -0.344238 0.935791 -0.072998
vn -0.344238 0.935791 -0.072998
vn -0.344238 0.935791 -0.072998
vn -0.344238 0.935791 -0.072998
vn -0.344238 0.935791 -0.072998
vn -0.344238 0.935791 -0.072998
vn -0.226074 0.973633 -0.027100
vn -0.226074 0.973633 -0.027100
vn -0.226074 0.973633 -0.027100
vn -0.226074 0.973633 -0.027100
vn -0.226074 0.973633 -0.027100
vn -0.226074 0.973633 -0.027100
vn -0.247314 0.968262 -0.029785
vn -0.247314 0.968262 -0.029785
vn -0.247314 0.968262 -0.029785
vn -0.247314 0.968262 -0.029785
vn -0.247314 0.968262 -0.029785
vn -0.247314 0.968262 -0.029785
vn -0.139648 0.989990 -0.005859
vn -0.139648 0.989990 -0.005859
vn -0.139648 0.989990 -0.005859
vn -0.139648 0.989990 -0.005859
vn -0.139648 0.989990 -0.005859
vn -0.139648 0.989990 -0.005859
vn -0.151367 0.988281 -0.006348
vn -0.151367 0.988281 -0.006348
vn -0.151367 0.988281 -0.006348
vn -0.151367 0.988281 -0.006348
vn -0.151367 0.988281 -0.006348
vn -0.151367 0.988281 -0.006348
vn 0.115723 0.993164 0.002686
vn 0.115723 0.993164 0.002686
vn 0.115723 0.993164 0.002686
vn 0.115723 0.993164 0.002686
vn 0.115723 0.993164 0.002686
vn 0.115723 0.993164 0.002686
vn 0.125732 0.991943 0.002441
vn 0.125732 0.991943 0.002441
vn 0.125732 0.991943 0.002441
vn 0.125732 0.991943 0.002441
vn 0.125732 0.991943 0.002441
vn 0.125732 0.991943 0.002441
vn 0.126221 0.991943 0.002441
vn 0.126221 0.991943 0.002441
vn 0.126221 0.991943 0.002441
vn 0.126221 0.991943 0.002441
vn 0.126221 0.991943 0.002441
vn 0.126221 0.991943 0.002441
vn 0.135498 0.990723 0.001953
vn 0.135498 0.990723 0.001953
vn 0.135498 0.990723 0.001953
vn 0.135498 0.990723 0.001953
vn 0.135498 0.990723 0.001953
vn 0.135498 0.990723 0.001953
vn 0.136230 0.990479 0.001953
vn 0.136230 0.990479 0.001953
vn 0.136230 0.990479 0.001953
vn 0.136230 0.990479 0.001953
vn 0.136230 0.990479 0.001953
vn 0.136230 0.990479 0.001953
vn 0.145996 0.989258 0.001221
vn 0.145996 0.989258 0.001221
vn 0.145996 0.989258 0.001221
vn 0.145996 0.989258 0.001221
vn 0.145996 0.989258 0.001221
vn 0.145996 0.989258 0.001221
vn 0.146973 0.989014 0.001221
vn 0.146973 0.989014 0.001221
vn 0.146973 0.989014 0.001221
vn 0.146973 0.989014 0.001221
vn 0.146973 0.989014 0.001221
vn 0.146973 0.989014 0.001221
vn 0.158447 0.987305 0.000000
vn 0.158447 0.987305 0.000000
vn 0.158447 0.987305 0.000000
vn 0.158447 0.987305 0.000000
vn 0.158447 0.987305 0.000000
vn 0.158447 0.987305 0.000000
vn 0.159668 0.987061 0.000000
vn 0.159668 0.987061 0.000000
vn 0.159668 0.987061 0.000000
vn 0.159668 0.987061 0.000000
vn 0.159668 0.987061 0.000000
vn 0.159668 0.987061 0.000000
vn 0.174805 0.984375 -0.001709
vn 0.174805 0.984375 -0.001709
vn 0.174805 0.984375 -0.001709
vn 0.174805 0.984375 -0.001709
vn 0.174805 0.984375 -0.001709
vn 0.174805 0.984375 -0.001709
vn 0.176758 0.984131 -0.001709
vn 0.176758 0.984131 -0.001709
vn 0.176758 0.984131 -0.001709
vn 0.176758 0.984131 -0.001709
vn 0.176758 0.984131 -0.001709
vn 0.176758 0.984131 -0.001709
vn 0.196533 0.980225 -0.005615
vn 0.196533 0.980225 -0.005615
vn 0.196533 0.980225 -0.005615
vn 0.196533 0.980225 -0.005615
vn 0.196533 0.980225 -0.005615
vn 0.196533 0.980225 -0.005615
vn 0.200439 0.979492 -0.005615
vn 0.200439 0.979492 -0.005615
vn 0.200439 0.979492 -0.005615
vn 0.200439 0.979492 -0.005615
vn 0.200439 0.979492 -0.005615
vn 0.200439 0.979492 -0.005615
vn 0.232910 0.972168 -0.016113
vn 0.232910 0.972168 -0.016113
vn 0.232910 0.972168 -0.016113
vn 0.232910 0.972168 -0.016113
vn 0.232910 0.972168 -0.016113
vn 0.232910 0.972168 -0.016113
vn 0.242676 0.969727 -0.016846
vn 0.242676 0.969727 -0.016846
vn 0.242676 0.969727 -0.016846
vn 0.242676 0.969727 -0.016846
vn 0.242676 0.969727 -0.016846
vn 0.242676 0.969727 -0.016846
vn 0.313477 0.948486 -0.043457
vn 0.313477 0.948486 -0.043457
vn 0.313477 0.948486 -0.043457
vn 0.313477 0.948486 -0.043457
vn 0.313477 0.948486 -0.043457
vn 0.313477 0.948486 -0.043457
vn 0.335449 0.940674 -0.046631
vn 0.335449 0.940674 -0.046631
vn 0.335449 0.940674 -0.046631
vn 0.335449 0.940674 -0.046631
vn 0.335449 0.940674 -0.046631
vn 0.335449 0.940674 -0.046631
vn 0.369141 0.927734 -0.054199
vn 0.369141 0.927734 -0.054199
vn 0.369141 0.927734 -0.054199
vn 0.369141 0.927734 -0.054199
vn 0.369141 0.927734 -0.054199
vn 0.369141 0.927734 -0.054199
vn 0.371582 0.926514 -0.054443
vn 0.371582 0.926514 -0.054443
vn 0.371582 0.926514 -0.054443
vn 0.371582 0.926514 -0.054443
vn 0.371582 0.926514 -0.054443
vn 0.371582 0.926514 -0.054443
vn 0.352051 0.933594 -0.062988
vn 0.352051 0.933594 -0.062988
vn 0.352051 0.933594 -0.062988
vn 0.352051 0.933594 -0.062988
vn 0.352051 0.933594 -0.062988
vn 0.352051 0.933594 -0.062988
vn 0.362549 0.929443 -0.064697
vn 0.362549 0.929443 -0.064697
vn 0.362549 0.929443 -0.064697
vn 0.362549 0.929443 -0.064697
vn 0.362549 0.929443 -0.064697
vn 0.362549 0.929443 -0.064697
vn 0.349854 0.932861 -0.082520
vn 0.349854 0.932861 -0.082520
vn 0.349854 0.932861 -0.082520
vn 0.349854 0.932861 -0.082520
vn 0.349854 0.932861 -0.082520
vn 0.349854 0.932861 -0.082520
vn 0.368652 0.925293 -0.086914
vn 0.368652 0.925293 -0.086914
vn 0.368652 0.925293 -0.086914
vn 0.368652 0.925293 -0.086914
vn 0.368652 0.925293 -0.086914
vn 0.368652 0.925293 -0.086914
vn 0.356934 0.926514 -0.117432
vn 0.356934 0.926514 -0.117432
vn 0.356934 0.926514 -0.117432
vn 0.356934 0.926514 -0.117432
vn 0.356934 0.926514 -0.117432
vn 0.356934 0.926514 -0.117432
vn 0.387939 0.912598 -0.127441
vn 0.387939 0.912598 -0.127441
vn 0.387939 0.912598 -0.127441
vn 0.387939 0.912598 -0.127441
vn 0.387939 0.912598 -0.127441
vn 0.387939 0.912598 -0.127441
vn 0.393066 0.774414 -0.495361
vn 0.393066 0.774414 -0.495361
vn 0.393066 0.774414 -0.495361
vn 0.393066 0.774414 -0.495361
vn 0.393066 0.774414 -0.495361
vn 0.393066 0.774414 -0.495361
vn 0.286621 0.877686 -0.383301
vn 0.286621 0.877686 -0.383301
vn 0.286621 0.877686 -0.383301
vn 0.286621 0.877686 -0.383301
vn 0.286621 0.877686 -0.383301
vn 0.286621 0.877686 -0.383301
vn 0.294189 0.870850 -0.393311
vn 0.294189 0.870850 -0.393311
vn 0.294189 0.870850 -0.393311
vn 0.294189 0.870850 -0.393311
vn 0.294189 0.870850 -0.393311
vn 0.294189 0.870850 -0.393311
vn 0.219482 0.921143 -0.321045
vn 0.219482 0.921143 -0.321045
vn 0.219482 0.921143 -0.321045
vn 0.219482 0.921143 -0.321045
vn 0.219482 0.921143 -0.321045
vn 0.219482 0.921143 -0.321045
vn 0.228271 0.914307 -0.334229
vn 0.228271 0.914307 -0.334229
vn 0.228271 0.914307 -0.334229
vn 0.228271 0.914307 -0.334229
vn 0.228271 0.914307 -0.334229
vn 0.228271 0.914307 -0.334229
vn 0.165527 0.946289 -0.277344
vn 0.165527 0.946289 -0.277344
vn 0.165527 0.946289 -0.277344
vn 0.165527 0.946289 -0.277344
vn 0.165527 0.946289 -0.277344
vn 0.165527 0.946289 -0.277344
vn 0.175781 0.939209 -0.294434
vn 0.175781 0.939209 -0.294434
vn 0.175781 0.939209 -0.294434
vn 0.175781 0.939209 -0.294434
vn 0.175781 0.939209 -0.294434
vn 0.175781 0.939209 -0.294434
vn 0.119385 0.962158 -0.244629
vn 0.119385 0.962158 -0.244629
vn 0.119385 0.962158 -0.244629
vn 0.119385 0.962158 -0.244629
vn 0.119385 0.962158 -0.244629
vn 0.119385 0.962158 -0.244629
vn 0.129883 0.955078 -0.266113
vn 0.129883 0.955078 -0.266113
vn 0.129883 0.955078 -0.266113
vn 0.129883 0.955078 -0.266113
vn 0.129883 0.955078 -0.266113
vn 0.129883 0.955078 -0.266113
vn 0.075684 0.972900 -0.217773
vn 0.075684 0.972900 -0.217773
vn 0.075684 0.972900 -0.217773
vn 0.075684 0.972900 -0.217773
vn 0.075684 0.972900 -0.217773
vn 0.075684 0.972900 -0.217773
vn 0.085693 0.965088 -0.246582
vn 0.085693 0.965088 -0.246582
vn 0.085693 0.965088 -0.246582
vn 0.085693 0.965088 -0.246582
vn 0.085693 0.965088 -0.246582
vn 0.085693 0.965088 -0.246582
vn 0.029541 0.980713 -0.192383
vn 0.029541 0.980713 -0.192383
vn 0.029541 0.980713 -0.192383
vn 0.029541 0.980713 -0.192383
vn 0.029541 0.980713 -0.192383
vn 0.029541 0.980713 -0.192383
vn 0.035889 0.971191 -0.234619
vn 0.035889 0.971191 -0.234619
vn 0.035889 0.971191 -0.234619
vn 0.035889 0.971191 -0.234619
vn 0.035889 0.971191 -0.234619
vn 0.035889 0.971191 -0.234619
vn -0.004395 0.987305 -0.157471
vn -0.004395 0.987305 -0.157471
vn -0.004395 0.987305 -0.157471
vn -0.004395 0.987305 -0.157471
vn -0.004395 0.987305 -0.157471
vn -0.004395 0.987305 -0.157471
vn -0.005615 0.981201 -0.192139
vn -0.005615 0.981201 -0.192139
vn -0.005615 0.981201 -0.192139
vn -0.005615 0.981201 -0.192139
vn -0.005615 0.981201 -0.192139
vn -0.005615 0.981201 -0.192139
vn -0.004883 0.997803 -0.063477
vn -0.004883 0.997803 -0.063477
vn -0.004883 0.997803 -0.063477
vn -0.004883 0.997803 -0.063477
vn -0.004883 0.997803 -0.063477
vn -0.004883 0.997803 -0.063477
vn -0.005127 0.997559 -0.066650
vn -0.005127 0.997559 -0.066650
vn -0.005127 0.997559 -0.066650
vn -0.005127 0.997559 -0.066650
vn -0.005127 0.997559 -0.066650
vn -0.005127 0.997559 -0.066650
vn 0.000244 0.999756 0.006104
vn 0.000244 0.999756 0.006104
vn 0.000244 0.999756 0.006104
vn 0.000244 0.999756 0.006104
vn 0.000244 0.999756 0.006104
vn 0.000244 0.999756 0.006104
vn 0.000244 0.999756 0.005859
vn 0.000244 0.999756 0.005859
vn 0.000244 0.999756 0.005859
vn 0.000244 0.999756 0.005859
vn 0.000244 0.999756 0.005859
vn 0.000244 0.999756 0.005859
vn 0.005371 0.999023 0.040527
vn 0.005371 0.999023 0.040527
vn 0.005371 0.999023 0.040527
vn 0.005371 0.999023 0.040527
vn 0.005371 0.999023 0.040527
vn 0.005371 0.999023 0.040527
vn 0.005615 0.999023 0.041992
vn 0.005615 0.999023 0.041992
vn 0.005615 0.999023 0.041992
vn 0.005615 0.999023 0.041992
vn 0.005615 0.999023 0.041992
vn 0.005615 0.999023 0.041992
vn 0.009277 0.998047 0.059326
vn 0.009277 0.998047 0.059326
vn 0.009277 0.998047 0.059326
vn 0.009277 0.998047 0.059326
vn 0.009277 0.998047 0.059326
vn 0.009277 0.998047 0.059326
vn 0.009521 0.998047 0.060547
vn 0.009521 0.998047 0.060547
vn 0.009521 0.998047 0.060547
vn 0.009521 0.998047 0.060547
vn 0.009521 0.998047 0.060547
vn 0.009521 0.998047 0.060547
vn 0.012939 0.997314 0.068604
vn 0.012939 0.997314 0.068604
vn 0.012939 0.997314 0.068604
vn 0.012939 0.997314 0.068604
vn 0.012939 0.997314 0.068604
vn 0.012939 0.997314 0.068604
vn 0.013428 0.997314 0.070801
vn 0.013428 0.997314 0.070801
vn 0.013428 0.997314 0.070801
vn 0.013428 0.997314 0.070801
vn 0.013428 0.997314 0.070801
vn 0.013428 0.997314 0.070801
vn 0.016602 0.997314 0.070068
vn 0.016602 0.997314 0.070068
vn 0.016602 0.997314 0.070068
vn 0.016602 0.997314 0.070068
vn 0.016602 0.997314 0.070068
vn 0.016602 0.997314 0.070068
vn 0.017334 0.997070 0.072998
vn 0.017334 0.997070 0.072998
vn 0.017334 0.997070 0.072998
vn 0.017334 0.997070 0.072998
vn 0.017334 0.997070 0.072998
vn 0.017334 0.997070 0.072998
vn 0.018555 0.997803 0.062500
vn 0.018555 0.997803 0.062500
vn 0.018555 0.997803 0.062500
vn 0.018555 0.997803 0.062500
vn 0.018555 0.997803 0.062500
vn 0.018555 0.997803 0.062500
vn 0.019531 0.997559 0.066162
vn 0.019531 0.997559 0.066162
vn 0.019531 0.997559 0.066162
vn 0.019531 0.997559 0.066162
vn 0.019531 0.997559 0.066162
vn 0.019531 0.997559 0.066162
vn 0.000000 0.999756 0.000244
vn 0.000000 0.999756 0.000244
vn 0.000000 0.999756 0.000244
vn 0.000000 0.999756 0.000244
vn 0.000000 0.999756 0.000244
vn 0.000000 0.999756 0.000244
vn 0.000000 1.000000 0.000000
vn 0.000000 1.000000 0.000000
vn 0.000000 1.000000 0.000000
vn 0.000000 1.000000 0.000000
vn 0.000000 1.000000 0.000000
vn 0.000000 1.000000 0.000000
vn 0.000000 1.000000 0.000000
vn 0.000000 1.000000 0.000000
vn 0.000000 1.000000 0.000000
vn 0.000000 1.000000 0.000000
vn 0.000000 1.000000 0.000000
vn 0.000000 1.000000 0.000000
vn 0.000000 1.000000 0.000000
vn 0.000000 1.000000 0.000000
vn 0.000000 1.000000 0.000000
vn 0.000000 1.000000 0.000000
vn 0.000000 1.000000 0.000000
vn 0.000000 1.000000 0.000000
vn -0.000244 0.999756 0.000000
vn -0.000244 0.999756 0.000000
vn -0.000244 0.999756 0.000000
vn -0.000244 0.999756 0.000000
vn -0.000244 0.999756 0.000000
vn -0.000244 0.999756 0.000000
vn 0.000000 1.000000 0.000000
vn 0.000000 1.000000 0.000000
vn 0.000000 1.000000 0.000000
vn 0.000000 1.000000 0.000000
vn 0.000000 1.000000 0.000000
vn 0.000000 1.000000 0.000000
vn 0.000000 1.000000 0.000000
vn 0.000000 1.000000 0.000000
vn 0.000000 1.000000 0.000000
vn 0.000000 1.000000 0.000000
vn 0.000000 1.000000 0.000000
vn 0.000000 1.000000 0.000000
vn 0.000000 1.000000 0.000000
vn 0.000000 1.000000 0.000000
vn 0.000000 1.000000 0.000000
vn 0.000000 1.000000 0.000000
vn 0.000000 1.000000 0.000000
vn 0.000000 1.000000 0.000000
vn 0.000000 1.000000 0.000000
vn 0.000000 1.000000 0.000000
vn 0.000000 1.000000 0.000000
vn 0.000000 1.000000 0.000000
vn 0.000000 1.000000 0.000000
vn 0.000000 1.000000 0.000000
vn 0.000000 1.000000 0.000000
vn 0.000000 1.000000 0.000000
vn 0.000000 1.000000 0.000000
vn 0.000000 1.000000 0.000000
vn 0.000000 1.000000 0.000000
vn 0.000000 1.000000 0.000000
vn 0.000000 1.000000 0.000000
vn 0.000000 1.000000 0.000000
vn 0.000000 1.000000 0.000000
vn 0.000000 1.000000 0.000000
vn 0.000000 1.000000 0.000000
vn 0.000000 1.000000 0.000000
vn 0.000000 1.000000 0.000000
vn 0.000000 1.000000 0.000000
vn 0.000000 1.000000 0.000000
vn 0.000000 1.000000 0.000000
vn 0.000000 1.000000 0.000000
vn 0.000000 1.000000 0.000000
vn 0.000000 1.000000 0.000000
vn 0.000000 1.000000 0.000000
vn 0.000000 1.000000 0.000000
vn 0.000000 1.000000 0.000000
vn 0.000000 1.000000 0.000000
vn 0.000000 1.000000 0.000000
vn 0.000000 1.000000 0.000000
vn 0.000000 1.000000 0.000000
vn 0.000000 1.000000 0.000000
vn 0.000000 1.000000 0.000000
vn 0.000000 1.000000 0.000000
vn 0.000000 1.000000 0.000000
vn 0.000000 1.000000 0.000000
vn 0.000000 1.000000 0.000000
vn 0.000000 1.000000 0.000000
vn 0.000000 1.000000 0.000000
vn 0.000000 1.000000 0.000000
vn 0.000000 1.000000 0.000000
vn 0.000732 0.999756 0.004395
vn 0.000732 0.999756 0.004395
vn 0.000732 0.999756 0.004395
vn 0.000732 0.999756 0.004395
vn 0.000732 0.999756 0.004395
vn 0.000732 0.999756 0.004395
vn 0.000000 0.999756 0.008057
vn 0.000000 0.999756 0.008057
vn 0.000000 0.999756 0.008057
vn 0.000000 0.999756 0.008057
vn 0.000000 0.999756 0.008057
vn 0.000000 0.999756 0.008057
vn 0.000000 0.999756 0.007080
vn 0.000000 0.999756 0.007080
vn 0.000000 0.999756 0.007080
vn 0.000000 0.999756 0.007080
vn 0.000000 0.999756 0.007080
vn 0.000000 0.999756 0.007080
vn -0.001465 0.999756 0.007812
vn -0.001465 0.999756 0.007812
vn -0.001465 0.999756 0.007812
vn -0.001465 0.999756 0.007812
vn -0.001465 0.999756 0.007812
vn -0.001465 0.999756 0.007812
vn -0.001221 0.999756 0.007080
vn -0.001221 0.999756 0.007080
vn -0.001221 0.999756 0.007080
vn -0.001221 0.999756 0.007080
vn -0.001221 0.999756 0.007080
vn -0.001221 0.999756 0.007080
vn -0.001465 0.999756 0.004150
vn -0.001465 0.999756 0.004150
vn -0.001465 0.999756 0.004150
vn -0.001465 0.999756 0.004150
vn -0.001465 0.999756 0.004150
vn -0.001465 0.999756 0.004150
vn -0.001221 0.999756 0.003662
vn -0.001221 0.999756 0.003662
vn -0.001221 0.999756 0.003662
vn -0.001221 0.999756 0.003662
vn -0.001221 0.999756 0.003662
vn -0.001221 0.999756 0.003662
vn 0.001465 0.999756 -0.002930
vn 0.001465 0.999756 -0.002930
vn 0.001465 0.999756 -0.002930
vn 0.001465 0.999756 -0.002930
vn 0.001465 0.999756 -0.002930
vn 0.001465 0.999756 -0.002930
vn 0.001465 0.999756 -0.002686
vn 0.001465 0.999756 -0.002686
vn 0.001465 0.999756 -0.002686
vn 0.001465 0.999756 -0.002686
vn 0.001465 0.999756 -0.002686
vn 0.001465 0.999756 -0.002686
vn 0.010010 0.999756 -0.013184
vn 0.010010 0.999756 -0.013184
vn 0.010010 0.999756 -0.013184
vn 0.010010 0.999756 -0.013184
vn 0.010010 0.999756 -0.013184
vn 0.010010 0.999756 -0.013184
vn 0.009277 0.999756 -0.012207
vn 0.009277 0.999756 -0.012207
vn 0.009277 0.999756 -0.012207
vn 0.009277 0.999756 -0.012207
vn 0.009277 0.999756 -0.012207
vn 0.009277 0.999756 -0.012207
vn 0.016357 0.999512 -0.016113
vn 0.016357 0.999512 -0.016113
vn 0.016357 0.999512 -0.016113
vn 0.016357 0.999512 -0.016113
vn 0.016357 0.999512 -0.016113
vn 0.016357 0.999512 -0.016113
vn 0.014893 0.999756 -0.014893
vn 0.014893 0.999756 -0.014893
vn 0.014893 0.999756 -0.014893
vn 0.014893 0.999756 -0.014893
vn 0.014893 0.999756 -0.014893
vn 0.014893 0.999756 -0.014893
vn 0.006592 0.999756 -0.005371
vn 0.006592 0.999756 -0.005371
vn 0.006592 0.999756 -0.005371
vn 0.006592 0.999756 -0.005371
vn 0.006592 0.999756 -0.005371
vn 0.006592 0.999756 -0.005371
vn 0.006104 0.999756 -0.004883
vn 0.006104 0.999756 -0.004883
vn 0.006104 0.999756 -0.004883
vn 0.006104 0.999756 -0.004883
vn 0.006104 0.999756 -0.004883
vn 0.006104 0.999756 -0.004883
vn -0.003418 0.999756 0.002686
vn -0.003418 0.999756 0.002686
vn -0.003418 0.999756 0.002686
vn -0.003418 0.999756 0.002686
vn -0.003418 0.999756 0.002686
vn -0.003418 0.999756 0.002686
vn -0.004639 0.999756 0.003662
vn -0.004639 0.999756 0.003662
vn -0.004639 0.999756 0.003662
vn -0.004639 0.999756 0.003662
vn -0.004639 0.999756 0.003662
vn -0.004639 0.999756 0.003662
vn -0.004395 0.999756 0.003418
vn -0.004395 0.999756 0.003418
vn -0.004395 0.999756 0.003418
vn -0.004395 0.999756 0.003418
vn -0.004395 0.999756 0.003418
vn -0.004395 0.999756 0.003418
vn -0.004883 0.999756 0.003662
vn -0.004883 0.999756 0.003662
vn -0.004883 0.999756 0.003662
vn -0.004883 0.999756 0.003662
vn -0.004883 0.999756 0.003662
vn -0.004883 0.999756 0.003662
vn -0.004883 0.999756 0.003662
vn -0.004883 0.999756 0.003662
vn -0.004883 0.999756 0.003662
vn -0.004883 0.999756 0.003662
vn -0.004883 0.999756 0.003662
vn -0.004883 0.999756 0.003662
vn -0.004395 0.999756 0.003174
vn -0.004395 0.999756 0.003174
vn -0.004395 0.999756 0.003174
vn -0.004395 0.999756 0.003174
vn -0.004395 0.999756 0.003174
vn -0.004395 0.999756 0.003174
vn -0.004395 0.999756 0.003174
vn -0.004395 0.999756 0.003174
vn -0.004395 0.999756 0.003174
vn -0.004395 0.999756 0.003174
vn -0.004395 0.999756 0.003174
vn -0.004395 0.999756 0.003174
vn -0.001465 0.999756 0.001221
vn -0.001465 0.999756 0.001221
vn -0.001465 0.999756 0.001221
vn -0.001465 0.999756 0.001221
vn -0.001465 0.999756 0.001221
vn -0.001465 0.999756 0.001221
vn -0.001221 0.999756 0.001221
vn -0.001221 0.999756 0.001221
vn -0.001221 0.999756 0.001221
vn -0.001221 0.999756 0.001221
vn -0.001221 0.999756 0.001221
vn -0.001221 0.999756 0.001221
vn 0.000000 0.999756 0.000000
vn 0.000000 0.999756 0.000000
vn 0.000000 0.999756 0.000000
vn 0.000000 0.999756 0.000000
vn 0.000000 0.999756 0.000000
vn 0.000000 0.999756 0.000000
vn 0.000000 1.000000 0.000000
vn 0.000000 1.000000 0.000000
vn 0.000000 1.000000 0.000000
vn 0.000000 1.000000 0.000000
vn 0.000000 1.000000 0.000000
vn 0.000000 1.000000 0.000000
vn 0.000000 0.999756 0.000000
vn 0.000000 0.999756 0.000000
vn 0.000000 0.999756 0.000000
vn 0.000000 0.999756 0.000000
vn 0.000000 0.999756 0.000000
vn 0.000000 0.999756 0.000000
vn 0.000000 0.999756 0.000000
vn 0.000000 0.999756 0.000000
vn 0.000000 0.999756 0.000000
vn 0.000000 0.999756 0.000000
vn 0.000000 0.999756 0.000000
vn 0.000000 0.999756 0.000000
vn 0.000000 1.000000 0.000000
vn 0.000000 1.000000 0.000000
vn 0.000000 1.000000 0.000000
vn 0.000000 1.000000 0.000000
vn 0.000000 1.000000 0.000000
vn 0.000000 1.000000 0.000000
vn 0.000000 1.000000 0.000000
vn 0.000000 1.000000 0.000000
vn 0.000000 1.000000 0.000000
vn 0.000000 1.000000 0.000000
vn 0.000000 1.000000 0.000000
vn 0.000000 1.000000 0.000000
vn 0.000000 1.000000 0.000000
vn 0.000000 1.000000 0.000000
vn 0.000000 1.000000 0.000000
vn 0.000000 1.000000 0.000000
vn 0.000000 1.000000 0.000000
vn 0.000000 1.000000 0.000000
vn 0.000000 1.000000 0.000000
vn 0.000000 1.000000 0.000000
vn 0.000000 1.000000 0.000000
vn 0.000000 1.000000 0.000000
vn 0.000000 1.000000 0.000000
vn 0.000000 1.000000 0.000000
vn 0.000000 1.000000 0.000000
vn 0.000000 1.000000 0.000000
vn 0.000000 1.000000 0.000000
vn 0.000000 1.000000 0.000000
vn 0.000000 1.000000 0.000000
vn 0.000000 1.000000 0.000000
vn 0.000000 1.000000 0.000000
vn 0.000000 1.000000 0.000000
vn 0.000000 1.000000 0.000000
vn 0.000000 1.000000 0.000000
vn 0.000000 1.000000 0.000000
vn 0.000000 1.000000 0.000000
vn 0.000000 1.000000 0.000000
vn 0.000000 1.000000 0.000000
vn 0.000000 1.000000 0.000000
vn 0.000000 1.000000 0.000000
vn 0.000000 1.000000 0.000000
vn 0.000000 1.000000 0.000000
vn 0.000000 1.000000 0.000000
vn 0.000000 1.000000 0.000000
vn 0.000000 1.000000 0.000000
vn 0.000000 1.000000 0.000000
vn 0.000000 1.000000 0.000000
vn 0.000000 1.000000 0.000000
vn 0.000000 1.000000 0.000000
vn 0.000000 1.000000 0.000000
vn 0.000000 1.000000 0.000000
vn 0.000000 1.000000 0.000000
vn 0.000000 1.000000 0.000000
vn 0.000000 1.000000 0.000000
vn 0.000000 1.000000 0.000000
vn 0.000000 1.000000 0.000000
vn 0.000000 1.000000 0.000000
vn 0.000000 1.000000 0.000000
vn 0.000000 1.000000 0.000000
vn 0.000000 1.000000 0.000000
vn 0.000000 1.000000 0.000000
vn 0.000000 1.000000 0.000000
vn 0.000000 1.000000 0.000000
vn 0.000000 1.000000 0.000000
vn 0.000000 1.000000 0.000000
vn 0.000000 1.000000 0.000000
vn 0.000000 1.000000 0.000000
vn 0.000000 1.000000 0.000000
vn 0.000000 1.000000 0.000000
vn 0.000000 1.000000 0.000000
vn 0.000000 1.000000 0.000000
vn 0.000000 1.000000 0.000000
vn 0.000000 1.000000 0.000000
vn 0.000000 1.000000 0.000000
vn 0.000000 1.000000 0.000000
vn 0.000000 1.000000 0.000000
vn 0.000000 1.000000 0.000000
vn 0.000000 1.000000 0.000000
vn 0.000000 1.000000 0.000000
vn 0.000000 1.000000 0.000000
vn 0.000000 1.000000 0.000000
vn 0.000000 1.000000 0.000000
vn 0.000000 1.000000 0.000000
vn 0.000000 1.000000 0.000000
vn 0.000000 1.000000 0.000000
vn 0.000000 1.000000 0.000000
vn 0.000000 1.000000 0.000000
vn 0.000000 1.000000 0.000000
vn 0.000000 1.000000 0.000000
vn 0.000000 1.000000 0.000000
vn 0.000000 1.000000 0.000000
vn 0.000000 1.000000 0.000000
vn 0.000000 1.000000 0.000000
vn 0.000000 1.000000 0.000000
vn 0.000000 1.000000 0.000000
vn 0.000000 1.000000 0.000000
vn 0.000000 1.000000 0.000000
vn 0.000000 1.000000 0.000000
vn 0.000000 1.000000 0.000000
vn 0.000000 1.000000 0.000000
vn 0.000000 1.000000 0.000000
vn 0.000000 1.000000 0.000000
vn 0.000000 1.000000 0.000000
vn 0.000000 1.000000 0.000000
vn 0.000000 1.000000 0.000000
vn 0.000000 1.000000 0.000000
vn 0.000000 1.000000 0.000000
vn 0.000000 1.000000 0.000000
vn 0.000000 1.000000 0.000000
vn 0.000000 1.000000 0.000000
vn 0.000000 1.000000 0.000000
vn 0.000000 1.000000 0.000000
vn 0.000000 1.000000 0.000000
vn 0.000000 1.000000 0.000000
vn 0.000000 1.000000 0.000000
vn 0.000000 1.000000 0.000000
vn 0.000000 1.000000 0.000000
vn 0.000000 1.000000 0.000000
vn 0.000000 1.000000 0.000000
vn 0.000000 1.000000 0.000000
vn 0.000000 1.000000 0.000000
vn 0.000000 1.000000 0.000000
vn 0.000000 1.000000 0.000000
vn 0.000000 1.000000 0.000000
vn 0.000000 1.000000 0.000000
vn 0.000000 1.000000 0.000000
vn 0.000000 1.000000 0.000000
vn 0.000000 1.000000 0.000000
vn 0.000000 1.000000 0.000000
vn 0.000000 1.000000 0.000000
vn 0.000000 1.000000 0.000000
vn 0.000000 1.000000 0.000000
vn 0.000000 1.000000 0.000000
vn 0.000000 1.000000 0.000000
vn 0.000000 1.000000 0.000000
vn 0.000000 1.000000 0.000000
vn 0.000000 1.000000 0.000000
vn 0.000000 1.000000 0.000000
vn 0.000000 1.000000 0.000000
vn 0.000000 1.000000 0.000000
vn 0.000000 1.000000 0.000000
vn 0.000000 1.000000 0.000000
vn 0.000000 1.000000 0.000000
vn 0.000000 1.000000 0.000000
vn 0.000000 1.000000 0.000000
vn 0.000000 1.000000 0.000000
vn 0.000000 1.000000 0.000000
vn 0.000000 1.000000 0.000000
vn 0.000000 1.000000 0.000000
vn 0.000000 1.000000 0.000000
vn 0.000000 1.000000 0.000000
vn 0.000000 1.000000 0.000000
vn 0.000000 1.000000 0.000000
vn 0.000000 1.000000 0.000000
vn 0.000000 1.000000 0.000000
vn 0.000000 1.000000 0.000000
vn 0.000000 1.000000 0.000000
vn 0.000000 1.000000 0.000000
vn 0.000000 1.000000 0.000000
vn 0.000000 1.000000 0.000000
vn 0.000000 1.000000 0.000000
vn 0.000000 1.000000 0.000000
vn 0.000000 1.000000 0.000000
vn 0.000000 1.000000 0.000000
vn 0.000000 1.000000 0.000000
vn 0.000000 1.000000 0.000000
vn 0.000000 1.000000 0.000000
vn 0.000000 1.000000 0.000000
vn 0.000000 1.000000 0.000000
vn 0.000000 1.000000 0.000000
vn 0.000000 1.000000 0.000000
vn 0.000000 1.000000 0.000000
vn 0.000000 1.000000 0.000000
vn 0.000000 1.000000 0.000000
vn 0.000000 1.000000 0.000000
vn 0.000000 1.000000 0.000000
vn 0.000000 1.000000 0.000000
vn 0.000000 1.000000 0.000000
vn 0.000000 1.000000 0.000000
vn 0.000000 1.000000 0.000000
vn 0.000000 1.000000 0.000000
vn 0.000000 1.000000 0.000000
vn 0.000000 1.000000 0.000000
vn 0.000000 1.000000 0.000000
vn 0.000000 1.000000 0.000000
vn 0.000000 1.000000 0.000000
vn 0.000000 1.000000 0.000000
vn 0.000000 1.000000 0.000000
vn 0.000000 1.000000 0.000000
vn 0.000000 1.000000 0.000000
vn 0.000000 1.000000 0.000000
vn 0.000000 1.000000 0.000000
vn 0.000000 1.000000 0.000000
vn 0.000000 1.000000 0.000000
vn 0.000000 1.000000 0.000000
vn 0.000000 1.000000 0.000000
vn 0.000000 1.000000 0.000000
vn 0.000000 1.000000 0.000000
vn 0.000000 1.000000 0.000000
vn 0.000000 1.000000 0.000000
vn 0.000000 1.000000 0.000000
vn 0.000000 1.000000 0.000000
vn 0.000000 1.000000 0.000000
vn 0.000000 1.000000 0.000000
vn 0.107910 0.971191 -0.211426
vn 0.107910 0.971191 -0.211426
vn 0.107910 0.971191 -0.211426
vn 0.107910 0.971191 -0.211426
vn 0.107910 0.971191 -0.211426
vn 0.107910 0.971191 -0.211426
vn 0.108643 0.970947 -0.212646
vn 0.108643 0.970947 -0.212646
vn 0.108643 0.970947 -0.212646
vn 0.108643 0.970947 -0.212646
vn 0.108643 0.970947 -0.212646
vn 0.108643 0.970947 -0.212646
vn 0.100342 0.974854 -0.197754
vn 0.100342 0.974854 -0.197754
vn 0.100342 0.974854 -0.197754
vn 0.100342 0.974854 -0.197754
vn 0.100342 0.974854 -0.197754
vn 0.100342 0.974854 -0.197754
vn 0.100586 0.974854 -0.197998
vn 0.100586 0.974854 -0.197998
vn 0.100586 0.974854 -0.197998
vn 0.100586 0.974854 -0.197998
vn 0.100586 0.974854 -0.197998
vn 0.100586 0.974854 -0.197998
vn 0.090332 0.980469 -0.174316
vn 0.090332 0.980469 -0.174316
vn 0.090332 0.980469 -0.174316
vn 0.090332 0.980469 -0.174316
vn 0.090332 0.980469 -0.174316
vn 0.090332 0.980469 -0.174316
vn 0.089600 0.980713 -0.173096
vn 0.089600 0.980713 -0.173096
vn 0.089600 0.980713 -0.173096
vn 0.089600 0.980713 -0.173096
vn 0.089600 0.980713 -0.173096
vn 0.089600 0.980713 -0.173096
vn 0.060547 0.988525 -0.137695
vn 0.060547 0.988525 -0.137695
vn 0.060547 0.988525 -0.137695
vn 0.060547 0.988525 -0.137695
vn 0.060547 0.988525 -0.137695
vn 0.060547 0.988525 -0.137695
vn 0.064697 0.986816 -0.146973
vn 0.064697 0.986816 -0.146973
vn 0.064697 0.986816 -0.146973
vn 0.064697 0.986816 -0.146973
vn 0.064697 0.986816 -0.146973
vn 0.064697 0.986816 -0.146973
vn -0.007080 0.999512 0.021729
vn -0.007080 0.999512 0.021729
vn -0.007080 0.999512 0.021729
vn -0.007080 0.999512 0.021729
vn -0.007080 0.999512 0.021729
vn -0.007080 0.999512 0.021729
vn -0.007568 0.999512 0.022705
vn -0.007568 0.999512 0.022705
vn -0.007568 0.999512 0.022705
vn -0.007568 0.999512 0.022705
vn -0.007568 0.999512 0.022705
vn -0.007568 0.999512 0.022705
vn -0.029297 0.905273 0.423340
vn -0.029297 0.905273 0.423340
vn -0.029297 0.905273 0.423340
vn -0.029297 0.905273 0.423340
vn -0.029297 0.905273 0.423340
vn -0.029297 0.905273 0.423340
vn -0.015381 0.901123 0.433105
vn -0.015381 0.901123 0.433105
vn -0.015381 0.901123 0.433105
vn -0.015381 0.901123 0.433105
vn -0.015381 0.901123 0.433105
vn -0.015381 0.901123 0.433105
vn -0.015869 0.894531 0.446533
vn -0.015869 0.894531 0.446533
vn -0.015869 0.894531 0.446533
vn -0.015869 0.894531 0.446533
vn -0.015869 0.894531 0.446533
vn -0.015869 0.894531 0.446533
vn -0.005615 0.893555 0.448486
vn -0.005615 0.893555 0.448486
vn -0.005615 0.893555 0.448486
vn -0.005615 0.893555 0.448486
vn -0.005615 0.893555 0.448486
vn -0.005615 0.893555 0.448486
vn -0.005615 0.888916 0.457764
vn -0.005615 0.888916 0.457764
vn -0.005615 0.888916 0.457764
vn -0.005615 0.888916 0.457764
vn -0.005615 0.888916 0.457764
vn -0.005615 0.888916 0.457764
vn 0.001221 0.890137 0.455322
vn 0.001221 0.890137 0.455322
vn 0.001221 0.890137 0.455322
vn 0.001221 0.890137 0.455322
vn 0.001221 0.890137 0.455322
vn 0.001221 0.890137 0.455322
vn 0.001221 0.886963 0.461670
vn 0.001221 0.886963 0.461670
vn 0.001221 0.886963 0.461670
vn 0.001221 0.886963 0.461670
vn 0.001221 0.886963 0.461670
vn 0.001221 0.886963 0.461670
vn 0.005615 0.889648 0.456055
vn 0.005615 0.889648 0.456055
vn 0.005615 0.889648 0.456055
vn 0.005615 0.889648 0.456055
vn 0.005615 0.889648 0.456055
vn 0.005615 0.889648 0.456055
vn 0.005615 0.887695 0.459961
vn 0.005615 0.887695 0.459961
vn 0.005615 0.887695 0.459961
vn 0.005615 0.887695 0.459961
vn 0.005615 0.887695 0.459961
vn 0.005615 0.887695 0.459961
vn 0.007812 0.891846 0.451904
vn 0.007812 0.891846 0.451904
vn 0.007812 0.891846 0.451904
vn 0.007812 0.891846 0.451904
vn 0.007812 0.891846 0.451904
vn 0.007812 0.891846 0.451904
vn 0.007812 0.890869 0.453857
vn 0.007812 0.890869 0.453857
vn 0.007812 0.890869 0.453857
vn 0.007812 0.890869 0.453857
vn 0.007812 0.890869 0.453857
vn 0.007812 0.890869 0.453857
vn 0.007324 0.896240 0.443115
vn 0.007324 0.896240 0.443115
vn 0.007324 0.896240 0.443115
vn 0.007324 0.896240 0.443115
vn 0.007324 0.896240 0.443115
vn 0.007324 0.896240 0.443115
vn 0.007324 0.896240 0.442871
vn 0.007324 0.896240 0.442871
vn 0.007324 0.896240 0.442871
vn 0.007324 0.896240 0.442871
vn 0.007324 0.896240 0.442871
vn 0.007324 0.896240 0.442871
vn 0.005615 0.902832 0.429688
vn 0.005615 0.902832 0.429688
vn 0.005615 0.902832 0.429688
vn 0.005615 0.902832 0.429688
vn 0.005615 0.902832 0.429688
vn 0.005615 0.902832 0.429688
vn 0.005615 0.903320 0.428467
vn 0.005615 0.903320 0.428467
vn 0.005615 0.903320 0.428467
vn 0.005615 0.903320 0.428467
vn 0.005615 0.903320 0.428467
vn 0.005615 0.903320 0.428467
vn 0.001953 0.911377 0.410889
vn 0.001953 0.911377 0.410889
vn 0.001953 0.911377 0.410889
vn 0.001953 0.911377 0.410889
vn 0.001953 0.911377 0.410889
vn 0.001953 0.911377 0.410889
vn 0.001953 0.912842 0.407715
vn 0.001953 0.912842 0.407715
vn 0.001953 0.912842 0.407715
vn 0.001953 0.912842 0.407715
vn 0.001953 0.912842 0.407715
vn 0.001953 0.912842 0.407715
vn -0.003418 0.922607 0.385498
vn -0.003418 0.922607 0.385498
vn -0.003418 0.922607 0.385498
vn -0.003418 0.922607 0.385498
vn -0.003418 0.922607 0.385498
vn -0.003418 0.922607 0.385498
vn -0.003418 0.924561 0.380371
vn -0.003418 0.924561 0.380371
vn -0.003418 0.924561 0.380371
vn -0.003418 0.924561 0.380371
vn -0.003418 0.924561 0.380371
vn -0.003418 0.924561 0.380371
vn -0.010498 0.936035 0.351074
vn -0.010498 0.936035 0.351074
vn -0.010498 0.936035 0.351074
vn -0.010498 0.936035 0.351074
vn -0.010498 0.936035 0.351074
vn -0.010498 0.936035 0.351074
vn -0.010254 0.938721 0.344238
vn -0.010254 0.938721 0.344238
vn -0.010254 0.938721 0.344238
vn -0.010254 0.938721 0.344238
vn -0.010254 0.938721 0.344238
vn -0.010254 0.938721 0.344238
vn -0.018066 0.952393 0.304199
vn -0.018066 0.952393 0.304199
vn -0.018066 0.952393 0.304199
vn -0.018066 0.952393 0.304199
vn -0.018066 0.952393 0.304199
vn -0.018066 0.952393 0.304199
vn -0.017578 0.954834 0.295654
vn -0.017578 0.954834 0.295654
vn -0.017578 0.954834 0.295654
vn -0.017578 0.954834 0.295654
vn -0.017578 0.954834 0.295654
vn -0.017578 0.954834 0.295654
vn -0.024170 0.970459 0.239014
vn -0.024170 0.970459 0.239014
vn -0.024170 0.970459 0.239014
vn -0.024170 0.970459 0.239014
vn -0.024170 0.970459 0.239014
vn -0.024170 0.970459 0.239014
vn -0.023193 0.972900 0.229736
vn -0.023193 0.972900 0.229736
vn -0.023193 0.972900 0.229736
vn -0.023193 0.972900 0.229736
vn -0.023193 0.972900 0.229736
vn -0.023193 0.972900 0.229736
vn -0.023682 0.988770 0.146729
vn -0.023682 0.988770 0.146729
vn -0.023682 0.988770 0.146729
vn -0.023682 0.988770 0.146729
vn -0.023682 0.988770 0.146729
vn -0.023682 0.988770 0.146729
vn -0.022461 0.989990 0.138672
vn -0.022461 0.989990 0.138672
vn -0.022461 0.989990 0.138672
vn -0.022461 0.989990 0.138672
vn -0.022461 0.989990 0.138672
vn -0.022461 0.989990 0.138672
vn -0.004150 0.999756 0.015869
vn -0.004150 0.999756 0.015869
vn -0.004150 0.999756 0.015869
vn -0.004150 0.999756 0.015869
vn -0.004150 0.999756 0.015869
vn -0.004150 0.999756 0.015869
vn -0.003662 0.999756 0.014648
vn -0.003662 0.999756 0.014648
vn -0.003662 0.999756 0.014648
vn -0.003662 0.999756 0.014648
vn -0.003662 0.999756 0.014648
vn -0.003662 0.999756 0.014648
vn 0.105713 0.983154 -0.147705
vn 0.105713 0.983154 -0.147705
vn 0.105713 0.983154 -0.147705
vn 0.105713 0.983154 -0.147705
vn 0.105713 0.983154 -0.147705
vn 0.105713 0.983154 -0.147705
vn 0.097900 0.985596 -0.136719
vn 0.097900 0.985596 -0.136719
vn 0.097900 0.985596 -0.136719
vn 0.097900 0.985596 -0.136719
vn 0.097900 0.985596 -0.136719
vn 0.097900 0.985596 -0.136719
vn 0.142822 0.974365 -0.172852
vn 0.142822 0.974365 -0.172852
vn 0.142822 0.974365 -0.172852
vn 0.142822 0.974365 -0.172852
vn 0.142822 0.974365 -0.172852
vn 0.142822 0.974365 -0.172852
vn 0.133789 0.977539 -0.161865
vn 0.133789 0.977539 -0.161865
vn 0.133789 0.977539 -0.161865
vn 0.133789 0.977539 -0.161865
vn 0.133789 0.977539 -0.161865
vn 0.133789 0.977539 -0.161865
vn 0.179199 0.964355 -0.193604
vn 0.179199 0.964355 -0.193604
vn 0.179199 0.964355 -0.193604
vn 0.179199 0.964355 -0.193604
vn 0.179199 0.964355 -0.193604
vn 0.179199 0.964355 -0.193604
vn 0.169922 0.968018 -0.183838
vn 0.169922 0.968018 -0.183838
vn 0.169922 0.968018 -0.183838
vn 0.169922 0.968018 -0.183838
vn 0.169922 0.968018 -0.183838
vn 0.169922 0.968018 -0.183838
vn 0.213379 0.953369 -0.212891
vn 0.213379 0.953369 -0.212891
vn 0.213379 0.953369 -0.212891
vn 0.213379 0.953369 -0.212891
vn 0.213379 0.953369 -0.212891
vn 0.213379 0.953369 -0.212891
vn 0.205322 0.956787 -0.205078
vn 0.205322 0.956787 -0.205078
vn 0.205322 0.956787 -0.205078
vn 0.205322 0.956787 -0.205078
vn 0.205322 0.956787 -0.205078
vn 0.205322 0.956787 -0.205078
vn 0.243408 0.940918 -0.235107
vn 0.243408 0.940918 -0.235107
vn 0.243408 0.940918 -0.235107
vn 0.243408 0.940918 -0.235107
vn 0.243408 0.940918 -0.235107
vn 0.243408 0.940918 -0.235107
vn 0.239746 0.942627 -0.231201
vn 0.239746 0.942627 -0.231201
vn 0.239746 0.942627 -0.231201
vn 0.239746 0.942627 -0.231201
vn 0.239746 0.942627 -0.231201
vn 0.239746 0.942627 -0.231201
vn 0.267578 0.925781 -0.266113
vn 0.267578 0.925781 -0.266113
vn 0.267578 0.925781 -0.266113
vn 0.267578 0.925781 -0.266113
vn 0.267578 0.925781 -0.266113
vn 0.267578 0.925781 -0.266113
vn 0.271484 0.923584 -0.270020
vn 0.271484 0.923584 -0.270020
vn 0.271484 0.923584 -0.270020
vn 0.271484 0.923584 -0.270020
vn 0.271484 0.923584 -0.270020
vn 0.271484 0.923584 -0.270020
vn 0.000000 1.000000 0.000000
vn 0.000000 1.000000 0.000000
vn 0.000000 1.000000 0.000000
vn 0.000000 1.000000 0.000000
vn 0.000000 1.000000 0.000000
vn 0.000000 1.000000 0.000000
vn 0.000000 1.000000 0.000000
vn 0.000000 1.000000 0.000000
vn 0.000000 1.000000 0.000000
vn 0.000000 1.000000 0.000000
vn 0.000000 1.000000 0.000000
vn 0.000000 1.000000 0.000000
vn 0.000000 0.999756 0.000244
vn 0.000000 0.999756 0.000244
vn 0.000000 0.999756 0.000244
vn 0.000000 0.999756 0.000244
vn 0.000000 0.999756 0.000244
vn 0.000000 0.999756 0.000244
vn -0.000244 0.999756 -0.000244
vn -0.000244 0.999756 -0.000244
vn -0.000244 0.999756 -0.000244
vn -0.000244 0.999756 -0.000244
vn -0.000244 0.999756 -0.000244
vn -0.000244 0.999756 -0.000244
vn 0.000000 0.999756 -0.000488
vn 0.000000 0.999756 -0.000488
vn 0.000000 0.999756 -0.000488
vn 0.000000 0.999756 -0.000488
vn 0.000000 0.999756 -0.000488
vn 0.000000 0.999756 -0.000488
vn 0.000000 1.000000 0.000000
vn 0.000000 1.000000 0.000000
vn 0.000000 1.000000 0.000000
vn 0.000000 1.000000 0.000000
vn 0.000000 1.000000 0.000000
vn 0.000000 1.000000 0.000000
vn -0.000244 0.999756 0.000244
vn -0.000244 0.999756 0.000244
vn -0.000244 0.999756 0.000244
vn -0.000244 0.999756 0.000244
vn -0.000244 0.999756 0.000244
vn -0.000244 0.999756 0.000244
vn 0.000000 1.000000 0.000000
vn 0.000000 1.000000 0.000000
vn 0.000000 1.000000 0.000000
vn 0.000000 1.000000 0.000000
vn 0.000000 1.000000 0.000000
vn 0.000000 1.000000 0.000000
vn 0.000000 1.000000 0.000000
vn 0.000000 1.000000 0.000000
vn 0.000000 1.000000 0.000000
vn 0.000000 1.000000 0.000000
vn 0.000000 1.000000 0.000000
vn 0.000000 1.000000 0.000000
vn 0.000000 1.000000 0.000000
vn 0.000000 1.000000 0.000000
vn 0.000000 1.000000 0.000000
vn 0.000000 1.000000 0.000000
vn 0.000000 1.000000 0.000000
vn 0.000000 1.000000 0.000000
vn 0.000000 1.000000 0.000000
vn 0.000000 1.000000 0.000000
vn 0.000000 1.000000 0.000000
vn 0.000000 1.000000 0.000000
vn 0.000000 1.000000 0.000000
vn 0.000000 1.000000 0.000000
vn 0.000000 1.000000 0.000000
vn 0.000000 1.000000 0.000000
vn 0.000000 1.000000 0.000000
vn 0.000000 1.000000 0.000000
vn 0.000000 1.000000 0.000000
vn 0.000000 1.000000 0.000000
vn 0.000000 0.999756 0.000244
vn 0.000000 0.999756 0.000244
vn 0.000000 0.999756 0.000244
vn 0.000000 0.999756 0.000244
vn 0.000000 0.999756 0.000244
vn 0.000000 0.999756 0.000244
vn 0.000000 0.999756 0.000000
vn 0.000000 0.999756 0.000000
vn 0.000000 0.999756 0.000000
vn 0.000000 0.999756 0.000000
vn 0.000000 0.999756 0.000000
vn 0.000000 0.999756 0.000000
vn 0.000000 0.999756 0.000000
vn 0.000000 0.999756 0.000000
vn 0.000000 0.999756 0.000000
vn 0.000000 0.999756 0.000000
vn 0.000000 0.999756 0.000000
vn 0.000000 0.999756 0.000000
vn 0.000000 1.000000 0.000000
vn 0.000000 1.000000 0.000000
vn 0.000000 1.000000 0.000000
vn 0.000000 1.000000 0.000000
vn 0.000000 1.000000 0.000000
vn 0.000000 1.000000 0.000000
vn 0.000000 0.999756 0.000244
vn 0.000000 0.999756 0.000244
vn 0.000000 0.999756 0.000244
vn 0.000000 0.999756 0.000244
vn 0.000000 0.999756 0.000244
vn 0.000000 0.999756 0.000244
vn 0.000000 0.999756 0.000244
vn 0.000000 0.999756 0.000244
vn 0.000000 0.999756 0.000244
vn 0.000000 0.999756 0.000244
vn 0.000000 0.999756 0.000244
vn 0.000000 0.999756 0.000244
vn 0.000000 0.999756 0.000244
vn 0.000000 0.999756 0.000244
vn 0.000000 0.999756 0.000244
vn 0.000000 0.999756 0.000244
vn 0.000000 0.999756 0.000244
vn 0.000000 0.999756 0.000244
vn 0.000000 1.000000 0.000000
vn 0.000000 1.000000 0.000000
vn 0.000000 1.000000 0.000000
vn 0.000000 1.000000 0.000000
vn 0.000000 1.000000 0.000000
vn 0.000000 1.000000 0.000000
vn 0.000244 0.999756 0.000000
vn 0.000244 0.999756 0.000000
vn 0.000244 0.999756 0.000000
vn 0.000244 0.999756 0.000000
vn 0.000244 0.999756 0.000000
vn 0.000244 0.999756 0.000000
vn 0.000000 1.000000 0.000000
vn 0.000000 1.000000 0.000000
vn 0.000000 1.000000 0.000000
vn 0.000000 1.000000 0.000000
vn 0.000000 1.000000 0.000000
vn 0.000000 1.000000 0.000000
vn 0.000000 1.000000 0.000000
vn 0.000000 1.000000 0.000000
vn 0.000000 1.000000 0.000000
vn 0.000000 1.000000 0.000000
vn 0.000000 1.000000 0.000000
vn 0.000000 1.000000 0.000000
vn 0.000000 1.000000 0.000000
vn 0.000000 1.000000 0.000000
vn 0.000000 1.000000 0.000000
vn 0.000000 1.000000 0.000000
vn 0.000000 1.000000 0.000000
vn 0.000000 1.000000 0.000000
vn 0.000000 1.000000 0.000000
vn 0.000000 1.000000 0.000000
vn 0.000000 1.000000 0.000000
vn 0.000000 1.000000 0.000000
vn 0.000000 1.000000 0.000000
vn 0.000000 1.000000 0.000000
vn 0.000000 1.000000 0.000000
vn 0.000000 1.000000 0.000000
vn 0.000000 1.000000 0.000000
vn 0.000000 1.000000 0.000000
vn 0.000000 1.000000 0.000000
vn 0.000000 1.000000 0.000000
vn 0.000000 1.000000 0.000000
vn 0.000000 1.000000 0.000000
vn 0.000000 1.000000 0.000000
vn 0.000000 1.000000 0.000000
vn 0.000000 1.000000 0.000000
vn 0.000000 1.000000 0.000000
vn 0.000000 1.000000 0.000000
vn 0.000000 1.000000 0.000000
vn 0.000000 1.000000 0.000000
vn 0.000000 1.000000 0.000000
vn 0.000000 1.000000 0.000000
vn 0.000000 1.000000 0.000000
vn 0.000000 1.000000 0.000000
vn 0.000000 1.000000 0.000000
vn 0.000000 1.000000 0.000000
vn 0.000000 1.000000 0.000000
vn 0.000000 1.000000 0.000000
vn 0.000000 1.000000 0.000000
vn 0.000000 1.000000 0.000000
vn 0.000000 1.000000 0.000000
vn 0.000000 1.000000 0.000000
vn 0.000000 1.000000 0.000000
vn 0.000000 1.000000 0.000000
vn 0.000000 1.000000 0.000000
vn 0.000000 1.000000 0.000000
vn 0.000000 1.000000 0.000000
vn 0.000000 1.000000 0.000000
vn 0.000000 1.000000 0.000000
vn 0.000000 1.000000 0.000000
vn 0.000000 1.000000 0.000000
vn 0.000000 1.000000 0.000000
vn 0.000000 1.000000 0.000000
vn 0.000000 1.000000 0.000000
vn 0.000000 1.000000 0.000000
vn 0.000000 1.000000 0.000000
vn 0.000000 1.000000 0.000000
vn 0.000000 1.000000 0.000000
vn 0.000000 1.000000 0.000000
vn 0.000000 1.000000 0.000000
vn 0.000000 1.000000 0.000000
vn 0.000000 1.000000 0.000000
vn 0.000000 1.000000 0.000000
vn 0.000000 1.000000 0.000000
vn 0.000000 1.000000 0.000000
vn 0.000000 1.000000 0.000000
vn 0.000000 1.000000 0.000000
vn 0.000000 1.000000 0.000000
vn 0.000000 1.000000 0.000000
vn 0.000000 1.000000 0.000000
vn 0.000000 1.000000 0.000000
vn 0.000000 1.000000 0.000000
vn 0.000000 1.000000 0.000000
vn 0.000000 1.000000 0.000000
vn 0.000000 1.000000 0.000000
vn 0.000000 1.000000 0.000000
vn 0.000000 1.000000 0.000000
vn 0.000000 1.000000 0.000000
vn 0.000000 1.000000 0.000000
vn 0.000000 1.000000 0.000000
vn 0.000000 1.000000 0.000000
vn 0.000000 1.000000 0.000000
vn 0.000000 1.000000 0.000000
vn 0.000000 1.000000 0.000000
vn 0.000000 1.000000 0.000000
vn 0.000000 1.000000 0.000000
vn 0.000000 1.000000 0.000000
vn 0.000000 1.000000 0.000000
vn 0.000000 1.000000 0.000000
vn 0.000000 1.000000 0.000000
vn 0.000000 1.000000 0.000000
vn 0.000000 1.000000 0.000000
vn 0.000000 1.000000 0.000000
vn 0.000000 1.000000 0.000000
vn 0.000000 1.000000 0.000000
vn 0.000000 1.000000 0.000000
vn 0.000000 1.000000 0.000000
vn 0.000000 1.000000 0.000000
vn 0.000000 1.000000 0.000000
vn 0.000000 1.000000 0.000000
vn 0.000000 1.000000 0.000000
vn 0.000000 1.000000 0.000000
vn 0.000000 1.000000 0.000000
vn 0.000000 1.000000 0.000000
vn 0.000000 1.000000 0.000000
vn 0.000000 1.000000 0.000000
vn 0.000000 1.000000 0.000000
vn 0.000000 1.000000 0.000000
vn 0.000000 1.000000 0.000000
vn 0.000000 1.000000 0.000000
vn 0.000000 1.000000 0.000000
vn 0.000000 1.000000 0.000000
vn 0.000000 1.000000 0.000000
vn 0.000000 1.000000 0.000000
vn 0.000000 1.000000 0.000000
vn 0.000000 1.000000 0.000000
vn 0.000000 1.000000 0.000000
vn 0.000000 1.000000 0.000000
vn 0.000000 1.000000 0.000000
vn 0.000000 1.000000 0.000000
vn 0.000000 1.000000 0.000000
vn 0.000000 1.000000 0.000000
vn 0.000000 1.000000 0.000000
vn 0.000000 1.000000 0.000000
vn 0.000000 1.000000 0.000000
vn 0.000000 1.000000 0.000000
vn 0.000000 1.000000 0.000000
vn 0.000000 1.000000 0.000000
vn 0.000000 1.000000 0.000000
vn 0.000000 1.000000 0.000000
vn 0.000000 1.000000 0.000000
vn 0.000000 1.000000 0.000000
vn 0.000000 1.000000 0.000000
vn 0.000000 1.000000 0.000000
vn 0.000000 1.000000 0.000000
vn 0.000000 1.000000 0.000000
vn 0.000000 1.000000 0.000000
vn 0.000000 1.000000 0.000000
vn 0.000000 1.000000 0.000000
vn 0.000000 1.000000 0.000000
vn 0.000000 1.000000 0.000000
vn 0.000000 1.000000 0.000000
vn 0.000000 1.000000 0.000000
vn 0.000000 1.000000 0.000000
vn 0.000000 1.000000 0.000000
vn 0.000000 1.000000 0.000000
vn 0.000000 1.000000 0.000000
vn 0.000000 1.000000 0.000000
vn 0.000000 1.000000 0.000000
vn 0.000000 1.000000 0.000000
vn 0.000000 1.000000 0.000000
vn 0.000000 1.000000 0.000000
vn 0.000000 1.000000 0.000000
vn -0.000244 0.999756 0.000000
vn -0.000244 0.999756 0.000000
vn -0.000244 0.999756 0.000000
vn -0.000244 0.999756 0.000000
vn -0.000244 0.999756 0.000000
vn -0.000244 0.999756 0.000000
vn 0.000000 1.000000 0.000000
vn 0.000000 1.000000 0.000000
vn 0.000000 1.000000 0.000000
vn 0.000000 1.000000 0.000000
vn 0.000000 1.000000 0.000000
vn 0.000000 1.000000 0.000000
vn 0.000000 1.000000 0.000000
vn 0.000000 1.000000 0.000000
vn 0.000000 1.000000 0.000000
vn 0.000000 1.000000 0.000000
vn 0.000000 1.000000 0.000000
vn 0.000000 1.000000 0.000000
vn 0.000000 1.000000 0.000000
vn 0.000000 1.000000 0.000000
vn 0.000000 1.000000 0.000000
vn 0.000000 1.000000 0.000000
vn 0.000000 1.000000 0.000000
vn 0.000000 1.000000 0.000000
vn 0.000000 0.999756 0.000000
vn 0.000000 0.999756 0.000000
vn 0.000000 0.999756 0.000000
vn 0.000000 0.999756 0.000000
vn 0.000000 0.999756 0.000000
vn 0.000000 0.999756 0.000000
vn 0.000000 1.000000 0.000000
vn 0.000000 1.000000 0.000000
vn 0.000000 1.000000 0.000000
vn 0.000000 1.000000 0.000000
vn 0.000000 1.000000 0.000000
vn 0.000000 1.000000 0.000000
vn 0.000000 1.000000 0.000000
vn 0.000000 1.000000 0.000000
vn 0.000000 1.000000 0.000000
vn 0.000000 1.000000 0.000000
vn 0.000000 1.000000 0.000000
vn 0.000000 1.000000 0.000000
vn 0.000000 1.000000 0.000000
vn 0.000000 1.000000 0.000000
vn 0.000000 1.000000 0.000000
vn 0.000000 1.000000 0.000000
vn 0.000000 1.000000 0.000000
vn 0.000000 1.000000 0.000000
vn 0.000000 1.000000 0.000000
vn 0.000000 1.000000 0.000000
vn 0.000000 1.000000 0.000000
vn 0.000000 1.000000 0.000000
vn 0.000000 1.000000 0.000000
vn 0.000000 1.000000 0.000000
vn 0.000000 1.000000 0.000000
vn 0.000000 1.000000 0.000000
vn 0.000000 1.000000 0.000000
vn 0.000000 1.000000 0.000000
vn 0.000000 1.000000 0.000000
vn 0.000000 1.000000 0.000000
vn 0.000000 1.000000 0.000000
vn 0.000000 1.000000 0.000000
vn 0.000000 1.000000 0.000000
vn 0.000000 1.000000 0.000000
vn 0.000000 1.000000 0.000000
vn 0.000000 1.000000 0.000000
vn 0.000000 1.000000 0.000000
vn 0.000000 1.000000 0.000000
vn 0.000000 1.000000 0.000000
vn 0.000000 1.000000 0.000000
vn 0.000000 1.000000 0.000000
vn 0.000000 1.000000 0.000000
vn 0.000000 1.000000 0.000000
vn 0.000000 1.000000 0.000000
vn 0.000000 1.000000 0.000000
vn 0.000000 1.000000 0.000000
vn 0.000000 1.000000 0.000000
vn 0.000000 1.000000 0.000000
vn 0.000000 1.000000 0.000000
vn 0.000000 1.000000 0.000000
vn 0.000000 1.000000 0.000000
vn 0.000000 1.000000 0.000000
vn 0.000000 1.000000 0.000000
vn 0.000000 1.000000 0.000000
vn 0.000000 1.000000 0.000000
vn 0.000000 1.000000 0.000000
vn 0.000000 1.000000 0.000000
vn 0.000000 1.000000 0.000000
vn 0.000000 1.000000 0.000000
vn 0.000000 1.000000 0.000000
vn 0.000000 1.000000 0.000000
vn 0.000000 1.000000 0.000000
vn 0.000000 1.000000 0.000000
vn 0.000000 1.000000 0.000000
vn 0.000000 1.000000 0.000000
vn 0.000000 1.000000 0.000000
vn 0.000000 1.000000 0.000000
vn 0.000000 1.000000 0.000000
vn 0.000000 1.000000 0.000000
vn 0.000000 1.000000 0.000000
vn 0.000000 1.000000 0.000000
vn 0.000000 1.000000 0.000000
vn 0.000000 1.000000 0.000000
vn 0.000000 1.000000 0.000000
vn 0.000000 1.000000 0.000000
vn 0.000000 1.000000 0.000000
vn 0.000000 1.000000 0.000000
vn 0.000000 1.000000 0.000000
vn 0.000000 1.000000 0.000000
vn 0.000000 1.000000 0.000000
vn 0.000000 1.000000 0.000000
vn 0.000000 1.000000 0.000000
vn 0.000000 1.000000 0.000000
vn 0.000000 1.000000 0.000000
vn 0.000000 1.000000 0.000000
vn 0.000000 1.000000 0.000000
vn 0.000000 1.000000 0.000000
vn 0.000000 1.000000 0.000000
vn 0.000000 1.000000 0.000000
vn 0.000000 1.000000 0.000000
vn 0.000000 1.000000 0.000000
vn 0.000000 1.000000 0.000000
vn 0.000000 1.000000 0.000000
vn 0.000000 1.000000 0.000000
vn 0.000000 1.000000 0.000000
vn 0.000000 1.000000 0.000000
vn 0.000000 1.000000 0.000000
vn 0.000000 1.000000 0.000000
vn 0.000000 1.000000 0.000000
vn 0.000000 1.000000 0.000000
vn 0.000000 1.000000 0.000000
vn 0.000000 1.000000 0.000000
vn 0.000000 1.000000 0.000000
vn 0.000000 1.000000 0.000000
vn 0.000000 1.000000 0.000000
vn 0.000000 1.000000 0.000000
vn 0.000000 1.000000 0.000000
vn 0.000000 1.000000 0.000000
vn 0.000000 1.000000 0.000000
vn 0.000000 1.000000 0.000000
vn 0.000000 1.000000 0.000000
vn 0.000000 1.000000 0.000000
vn 0.000000 1.000000 0.000000
vn 0.000000 1.000000 0.000000
vn 0.000000 1.000000 0.000000
vn 0.000000 1.000000 0.000000
vn 0.000000 1.000000 0.000000
vn 0.000000 1.000000 0.000000
vn 0.000000 1.000000 0.000000
vn 0.000000 1.000000 0.000000
vn 0.000000 1.000000 0.000000
vn 0.000000 1.000000 0.000000
vn 0.000000 1.000000 0.000000
vn 0.000000 1.000000 0.000000
vn 0.000000 1.000000 0.000000
vn 0.000000 1.000000 0.000000
vn 0.000000 1.000000 0.000000
vn 0.000000 1.000000 0.000000
vn 0.000000 1.000000 0.000000
vn 0.000000 1.000000 0.000000
vn 0.000000 1.000000 0.000000
vn 0.000000 1.000000 0.000000
vn 0.000000 1.000000 0.000000
vn 0.000000 1.000000 0.000000
vn 0.000000 1.000000 0.000000
vn 0.000000 1.000000 0.000000
vn 0.000000 1.000000 0.000000
vn 0.000000 1.000000 0.000000
vn 0.000000 1.000000 0.000000
vn 0.000000 1.000000 0.000000
vn 0.000000 1.000000 0.000000
vn 0.000000 1.000000 0.000000
vn 0.000000 1.000000 0.000000
vn 0.000000 1.000000 0.000000
vn 0.000000 1.000000 0.000000
vn 0.000000 1.000000 0.000000
vn 0.000000 1.000000 0.000000
vn 0.000000 1.000000 0.000000
vn 0.000000 1.000000 0.000000
vn 0.000000 1.000000 0.000000
vn 0.000000 1.000000 0.000000
vn 0.000000 1.000000 0.000000
vn 0.000000 1.000000 0.000000
vn 0.000000 1.000000 0.000000
vn 0.000000 1.000000 0.000000
vn 0.000000 1.000000 0.000000
vn 0.000000 1.000000 0.000000
vn 0.000000 1.000000 0.000000
vn 0.000000 1.000000 0.000000
vn 0.000000 1.000000 0.000000
vn 0.000000 1.000000 0.000000
vn 0.000000 1.000000 0.000000
vn 0.000000 1.000000 0.000000
vn 0.000000 1.000000 0.000000
vn 0.000000 1.000000 0.000000
vn 0.000000 1.000000 0.000000
vn 0.000000 1.000000 0.000000
vn 0.000000 1.000000 0.000000
vn 0.000000 1.000000 0.000000
vn 0.000000 1.000000 0.000000
vn 0.000000 1.000000 0.000000
vn 0.000000 1.000000 0.000000
vn 0.000000 1.000000 0.000000
vn 0.000000 1.000000 0.000000
vn 0.000000 1.000000 0.000000
vn 0.000000 1.000000 0.000000
vn 0.000000 1.000000 0.000000
vn 0.000000 1.000000 0.000000
vn 0.000000 1.000000 0.000000
vn 0.000000 1.000000 0.000000
vn 0.000000 1.000000 0.000000
vn 0.000000 1.000000 0.000000
vn 0.000000 1.000000 0.000000
vn 0.000000 1.000000 0.000000
vn 0.000000 1.000000 0.000000
vn 0.000000 1.000000 0.000000
vn 0.000000 1.000000 0.000000
vn 0.000000 1.000000 0.000000
vn 0.000000 1.000000 0.000000
vn 0.000000 1.000000 0.000000
vn 0.000000 1.000000 0.000000
vn 0.000000 1.000000 0.000000
vn 0.000000 1.000000 0.000000
vn 0.000000 1.000000 0.000000
vn 0.000000 1.000000 0.000000
vn 0.000000 1.000000 0.000000
vn 0.000000 1.000000 0.000000
vn 0.000000 1.000000 0.000000
vn 0.000000 1.000000 0.000000
vn 0.000000 1.000000 0.000000
vn 0.000000 1.000000 0.000000
vn 0.000000 1.000000 0.000000
vn 0.000000 1.000000 0.000000
vn 0.000000 1.000000 0.000000
vn 0.000000 1.000000 0.000000
vn 0.000000 1.000000 0.000000
vn 0.000000 1.000000 0.000000
vn 0.000000 1.000000 0.000000
vn 0.000000 1.000000 0.000000
vn 0.000000 1.000000 0.000000
vn 0.000000 1.000000 0.000000
vn 0.000000 1.000000 0.000000
vn 0.000000 1.000000 0.000000
vn 0.000000 1.000000 0.000000
vn 0.000000 1.000000 0.000000
vn 0.000000 1.000000 0.000000
vn 0.000000 1.000000 0.000000
vn 0.000000 1.000000 0.000000
vn 0.000000 1.000000 0.000000
vn 0.000000 1.000000 0.000000
vn 0.000000 1.000000 0.000000
vn 0.000000 1.000000 0.000000
vn 0.000000 1.000000 0.000000
vn 0.000000 1.000000 0.000000
vn 0.000000 1.000000 0.000000
vn 0.000000 1.000000 0.000000
vn 0.000000 1.000000 0.000000
vn 0.000000 1.000000 0.000000
vn 0.000000 1.000000 0.000000
vn 0.000000 1.000000 0.000000
vn 0.000000 1.000000 0.000000
vn 0.000000 1.000000 0.000000
vn 0.000000 1.000000 0.000000
vn 0.000000 1.000000 0.000000
vn 0.000000 1.000000 0.000000
vn 0.000000 1.000000 0.000000
vn 0.000000 1.000000 0.000000
vn 0.000000 1.000000 0.000000
vn 0.000000 1.000000 0.000000
vn 0.000000 1.000000 0.000000
vn 0.000000 1.000000 0.000000
vn 0.000000 1.000000 0.000000
vn 0.000000 1.000000 0.000000
vn 0.000000 1.000000 0.000000
vn 0.000000 1.000000 0.000000
vn 0.000000 1.000000 0.000000
vn 0.000000 1.000000 0.000000
vn 0.000000 1.000000 0.000000
vn 0.000000 1.000000 0.000000
vn 0.000000 1.000000 0.000000
vn 0.000000 1.000000 0.000000
vn 0.000000 1.000000 0.000000
vn 0.000000 1.000000 0.000000
vn 0.000000 1.000000 0.000000
vn 0.000000 1.000000 0.000000
vn 0.000000 1.000000 0.000000
vn 0.000000 1.000000 0.000000
vn 0.000000 1.000000 0.000000
vn 0.000000 1.000000 0.000000
vn 0.000000 1.000000 0.000000
vn 0.000000 1.000000 0.000000
vn 0.000000 1.000000 0.000000
vn 0.000000 1.000000 0.000000
vn 0.000000 1.000000 0.000000
vn 0.000000 1.000000 0.000000
vn 0.000000 1.000000 0.000000
vn 0.000000 1.000000 0.000000
vn 0.000000 1.000000 0.000000
vn 0.000000 1.000000 0.000000
vn 0.000000 1.000000 0.000000
vn 0.000000 1.000000 0.000000
vn 0.000000 1.000000 0.000000
vn 0.000000 1.000000 0.000000
vn 0.000000 1.000000 0.000000
vn 0.000000 1.000000 0.000000
vn 0.000000 1.000000 0.000000
vn 0.000000 1.000000 0.000000
vn 0.000000 1.000000 0.000000
vn 0.000000 1.000000 0.000000
vn 0.000000 1.000000 0.000000
vn 0.000000 1.000000 0.000000
vn 0.000000 1.000000 0.000000
vn 0.000000 1.000000 0.000000
vn 0.000000 1.000000 0.000000
vn 0.000000 1.000000 0.000000
vn 0.000000 1.000000 0.000000
vn 0.000000 1.000000 0.000000
vn 0.000000 1.000000 0.000000
vn 0.000000 1.000000 0.000000
vn 0.000000 1.000000 0.000000
vn 0.000000 1.000000 0.000000
vn 0.000000 1.000000 0.000000
vn 0.000000 1.000000 0.000000
vn 0.000000 1.000000 0.000000
vn 0.000000 1.000000 0.000000
vn 0.000000 1.000000 0.000000
vn 0.000000 1.000000 0.000000
vn 0.000000 1.000000 0.000000
vn 0.000000 1.000000 0.000000
vn 0.000000 1.000000 0.000000
vn 0.000000 1.000000 0.000000
vn 0.000000 1.000000 0.000000
vn 0.000000 1.000000 0.000000
vn 0.000000 1.000000 0.000000
vn 0.000000 1.000000 0.000000
vn 0.000000 1.000000 0.000000
vn 0.000000 1.000000 0.000000
vn 0.000000 1.000000 0.000000
vn 0.000000 1.000000 0.000000
vn 0.000000 1.000000 0.000000
vn 0.000000 1.000000 0.000000
vn 0.000000 1.000000 0.000000
vn 0.000000 1.000000 0.000000
vn 0.000000 1.000000 0.000000
vn 0.000000 1.000000 0.000000
vn 0.000000 1.000000 0.000000
vn 0.000000 1.000000 0.000000
vn 0.000000 1.000000 0.000000
vn 0.000000 1.000000 0.000000
vn 0.000000 1.000000 0.000000
vn 0.000000 1.000000 0.000000
vn 0.000000 1.000000 0.000000
vn 0.000000 1.000000 0.000000
vn 0.000000 1.000000 0.000000
vn 0.000000 1.000000 0.000000
vn 0.000000 1.000000 0.000000
vn 0.000000 1.000000 0.000000
vn 0.000000 1.000000 0.000000
vn 0.000000 1.000000 0.000000
vn 0.000000 1.000000 0.000000
vn 0.000000 1.000000 0.000000
vn 0.000000 1.000000 0.000000
vn 0.000000 1.000000 0.000000
vn 0.000000 1.000000 0.000000
vn 0.000000 1.000000 0.000000
vn 0.000000 1.000000 0.000000
vn 0.000000 1.000000 0.000000
vn 0.000000 1.000000 0.000000
vn 0.000000 1.000000 0.000000
vn 0.000000 1.000000 0.000000
vn 0.000000 1.000000 0.000000
vn 0.000000 1.000000 0.000000
vn -0.001465 0.999756 0.000244
vn -0.001465 0.999756 0.000244
vn -0.001465 0.999756 0.000244
vn -0.001465 0.999756 0.000244
vn -0.001465 0.999756 0.000244
vn -0.001465 0.999756 0.000244
vn -0.001465 0.999756 0.000244
vn -0.001465 0.999756 0.000244
vn -0.001465 0.999756 0.000244
vn -0.001465 0.999756 0.000244
vn -0.001465 0.999756 0.000244
vn -0.001465 0.999756 0.000244
vn 0.014648 0.999756 -0.003906
vn 0.014648 0.999756 -0.003906
vn 0.014648 0.999756 -0.003906
vn 0.014648 0.999756 -0.003906
vn 0.014648 0.999756 -0.003906
vn 0.014648 0.999756 -0.003906
vn 0.016357 0.999756 -0.004395
vn 0.016357 0.999756 -0.004395
vn 0.016357 0.999756 -0.004395
vn 0.016357 0.999756 -0.004395
vn 0.016357 0.999756 -0.004395
vn 0.016357 0.999756 -0.004395
vn 0.056152 0.998047 -0.021973
vn 0.056152 0.998047 -0.021973
vn 0.056152 0.998047 -0.021973
vn 0.056152 0.998047 -0.021973
vn 0.056152 0.998047 -0.021973
vn 0.056152 0.998047 -0.021973
vn 0.062744 0.997559 -0.024658
vn 0.062744 0.997559 -0.024658
vn 0.062744 0.997559 -0.024658
vn 0.062744 0.997559 -0.024658
vn 0.062744 0.997559 -0.024658
vn 0.062744 0.997559 -0.024658
vn 0.130859 0.986816 -0.093506
vn 0.130859 0.986816 -0.093506
vn 0.130859 0.986816 -0.093506
vn 0.130859 0.986816 -0.093506
vn 0.130859 0.986816 -0.093506
vn 0.130859 0.986816 -0.093506
vn 0.160645 0.973877 -0.159912
vn 0.160645 0.973877 -0.159912
vn 0.160645 0.973877 -0.159912
vn 0.160645 0.973877 -0.159912
vn 0.160645 0.973877 -0.159912
vn 0.160645 0.973877 -0.159912
vn 0.154785 0.973389 -0.167480
vn 0.154785 0.973389 -0.167480
vn 0.154785 0.973389 -0.167480
vn 0.154785 0.973389 -0.167480
vn 0.154785 0.973389 -0.167480
vn 0.154785 0.973389 -0.167480
vn 0.161377 0.971191 -0.174805
vn 0.161377 0.971191 -0.174805
vn 0.161377 0.971191 -0.174805
vn 0.161377 0.971191 -0.174805
vn 0.161377 0.971191 -0.174805
vn 0.161377 0.971191 -0.174805
vn 0.154785 0.971191 -0.180420
vn 0.154785 0.971191 -0.180420
vn 0.154785 0.971191 -0.180420
vn 0.154785 0.971191 -0.180420
vn 0.154785 0.971191 -0.180420
vn 0.154785 0.971191 -0.180420
vn 0.160400 0.968994 -0.187012
vn 0.160400 0.968994 -0.187012
vn 0.160400 0.968994 -0.187012
vn 0.160400 0.968994 -0.187012
vn 0.160400 0.968994 -0.187012
vn 0.160400 0.968994 -0.187012
vn 0.153564 0.969238 -0.191162
vn 0.153564 0.969238 -0.191162
vn 0.153564 0.969238 -0.191162
vn 0.153564 0.969238 -0.191162
vn 0.153564 0.969238 -0.191162
vn 0.153564 0.969238 -0.191162
vn 0.158691 0.967285 -0.197510
vn 0.158691 0.967285 -0.197510
vn 0.158691 0.967285 -0.197510
vn 0.158691 0.967285 -0.197510
vn 0.158691 0.967285 -0.197510
vn 0.158691 0.967285 -0.197510
vn 0.151855 0.967773 -0.200439
vn 0.151855 0.967773 -0.200439
vn 0.151855 0.967773 -0.200439
vn 0.151855 0.967773 -0.200439
vn 0.151855 0.967773 -0.200439
vn 0.151855 0.967773 -0.200439
vn 0.156250 0.965820 -0.206299
vn 0.156250 0.965820 -0.206299
vn 0.156250 0.965820 -0.206299
vn 0.156250 0.965820 -0.206299
vn 0.156250 0.965820 -0.206299
vn 0.156250 0.965820 -0.206299
vn 0.149414 0.966553 -0.208252
vn 0.149414 0.966553 -0.208252
vn 0.149414 0.966553 -0.208252
vn 0.149414 0.966553 -0.208252
vn 0.149414 0.966553 -0.208252
vn 0.149414 0.966553 -0.208252
vn 0.153076 0.964600 -0.213623
vn 0.153076 0.964600 -0.213623
vn 0.153076 0.964600 -0.213623
vn 0.153076 0.964600 -0.213623
vn 0.153076 0.964600 -0.213623
vn 0.153076 0.964600 -0.213623
vn 0.146484 0.965576 -0.214600
vn 0.146484 0.965576 -0.214600
vn 0.146484 0.965576 -0.214600
vn 0.146484 0.965576 -0.214600
vn 0.146484 0.965576 -0.214600
vn 0.146484 0.965576 -0.214600
vn 0.149902 0.963867 -0.219482
vn 0.149902 0.963867 -0.219482
vn 0.149902 0.963867 -0.219482
vn 0.149902 0.963867 -0.219482
vn 0.149902 0.963867 -0.219482
vn 0.149902 0.963867 -0.219482
vn 0.143311 0.964844 -0.219727
vn 0.143311 0.964844 -0.219727
vn 0.143311 0.964844 -0.219727
vn 0.143311 0.964844 -0.219727
vn 0.143311 0.964844 -0.219727
vn 0.143311 0.964844 -0.219727
vn 0.146240 0.963379 -0.224365
vn 0.146240 0.963379 -0.224365
vn 0.146240 0.963379 -0.224365
vn 0.146240 0.963379 -0.224365
vn 0.146240 0.963379 -0.224365
vn 0.146240 0.963379 -0.224365
vn 0.132324 0.964355 -0.228271
vn 0.132324 0.964355 -0.228271
vn 0.132324 0.964355 -0.228271
vn 0.132324 0.964355 -0.228271
vn 0.132324 0.964355 -0.228271
vn 0.132324 0.964355 -0.228271
vn 0.128174 0.964844 -0.228760
vn 0.128174 0.964844 -0.228760
vn 0.128174 0.964844 -0.228760
vn 0.128174 0.964844 -0.228760
vn 0.128174 0.964844 -0.228760
vn 0.128174 0.964844 -0.228760
vn 0.130127 0.963867 -0.231934
vn 0.130127 0.963867 -0.231934
vn 0.130127 0.963867 -0.231934
vn 0.130127 0.963867 -0.231934
vn 0.130127 0.963867 -0.231934
vn 0.130127 0.963867 -0.231934
vn 0.123779 0.965576 -0.227539
vn 0.123779 0.965576 -0.227539
vn 0.123779 0.965576 -0.227539
vn 0.123779 0.965576 -0.227539
vn 0.123779 0.965576 -0.227539
vn 0.123779 0.965576 -0.227539
vn 0.125488 0.964844 -0.230469
vn 0.125488 0.964844 -0.230469
vn 0.125488 0.964844 -0.230469
vn 0.125488 0.964844 -0.230469
vn 0.125488 0.964844 -0.230469
vn 0.125488 0.964844 -0.230469
vn 0.119141 0.967041 -0.224854
vn 0.119141 0.967041 -0.224854
vn 0.119141 0.967041 -0.224854
vn 0.119141 0.967041 -0.224854
vn 0.119141 0.967041 -0.224854
vn 0.119141 0.967041 -0.224854
vn 0.120361 0.966309 -0.227295
vn 0.120361 0.966309 -0.227295
vn 0.120361 0.966309 -0.227295
vn 0.120361 0.966309 -0.227295
vn 0.120361 0.966309 -0.227295
vn 0.120361 0.966309 -0.227295
vn 0.114014 0.968750 -0.219727
vn 0.114014 0.968750 -0.219727
vn 0.114014 0.968750 -0.219727
vn 0.114014 0.968750 -0.219727
vn 0.114014 0.968750 -0.219727
vn 0.114014 0.968750 -0.219727
vn 0.114990 0.968262 -0.221680
vn 0.114990 0.968262 -0.221680
vn 0.114990 0.968262 -0.221680
vn 0.114990 0.968262 -0.221680
vn 0.114990 0.968262 -0.221680
vn 0.114990 0.968262 -0.221680
vt 1.000000 0.000000
vt 0.000000 1.000000
vt 0.000000 0.000000
vt 1.000000 1.000000
vt 0.000000 1.000000
vt 1.000000 0.000000
vt 0.000000 0.000000
vt 1.000000 1.000000
vt 1.000000 0.000000
vt 0.000000 1.000000
vt 1.000000 1.000000
vt 0.000000 0.000000
vt 1.000000 0.000000
vt 0.000000 1.000000
vt 0.000000 0.000000
vt 1.000000 1.000000
vt 0.000000 1.000000
vt 1.000000 0.000000
vt 0.000000 0.000000
vt 1.000000 1.000000
vt 1.000000 0.000000
vt 0.000000 1.000000
vt 1.000000 1.000000
vt 0.000000 0.000000
vt 1.000000 0.000000
vt 0.000000 1.000000
vt 0.000000 0.000000
vt 1.000000 1.000000
vt 0.000000 1.000000
vt 1.000000 0.000000
vt 0.000000 0.000000
vt 1.000000 1.000000
vt 1.000000 0.000000
vt 0.000000 1.000000
vt 1.000000 1.000000
vt 0.000000 0.000000
vt 1.000000 0.000000
vt 0.000000 1.000000
vt 0.000000 0.000000
vt 1.000000 1.000000
vt 0.000000 1.000000
vt 1.000000 0.000000
vt 0.000000 0.000000
vt 1.000000 1.000000
vt 1.000000 0.000000
vt 0.000000 1.000000
vt 1.000000 1.000000
vt 0.000000 0.000000
vt 1.000000 0.000000
vt 0.000000 1.000000
vt 0.000000 0.000000
vt 1.000000 1.000000
vt 0.000000 1.000000
vt 1.000000 0.000000
vt 0.000000 0.000000
vt 1.000000 1.000000
vt 1.000000 0.000000
vt 0.000000 1.000000
vt 1.000000 1.000000
vt 0.000000 0.000000
vt 1.000000 0.000000
vt 0.000000 1.000000
vt 0.000000 0.000000
vt 1.000000 1.000000
vt 0.000000 1.000000
vt 1.000000 0.000000
vt 0.000000 0.000000
vt 1.000000 1.000000
vt 1.000000 0.000000
vt 0.000000 1.000000
vt 1.000000 1.000000
vt 0.000000 0.000000
vt 1.000000 0.000000
vt 0.000000 1.000000
vt 0.000000 0.000000
vt 1.000000 1.000000
vt 0.000000 1.000000
vt 1.000000 0.000000
vt 0.000000 0.000000
vt 1.000000 1.000000
vt 1.000000 0.000000
vt 0.000000 1.000000
vt 1.000000 1.000000
vt 0.000000 0.000000
vt 1.000000 0.000000
vt 0.000000 1.000000
vt 0.000000 0.000000
vt 1.000000 1.000000
vt 0.000000 1.000000
vt 1.000000 0.000000
vt 0.000000 0.000000
vt 1.000000 1.000000
vt 1.000000 0.000000
vt 0.000000 1.000000
vt 1.000000 1.000000
vt 0.000000 0.000000
vt 1.000000 0.000000
vt 0.000000 1.000000
vt 0.000000 0.000000
vt 1.000000 1.000000
vt 0.000000 1.000000
vt 1.000000 0.000000
vt 0.000000 0.000000
vt 1.000000 1.000000
vt 1.000000 0.000000
vt 0.000000 1.000000
vt 1.000000 1.000000
vt 0.000000 0.000000
vt 1.000000 0.000000
vt 0.000000 1.000000
vt 0.000000 0.000000
vt 1.000000 1.000000
vt 0.000000 1.000000
vt 1.000000 0.000000
vt 0.000000 0.000000
vt 1.000000 1.000000
vt 1.000000 0.000000
vt 0.000000 1.000000
vt 1.000000 1.000000
vt 0.000000 0.000000
vt 1.000000 0.000000
vt 0.000000 1.000000
vt 0.000000 0.000000
vt 1.000000 1.000000
vt 0.000000 1.000000
vt 1.000000 0.000000
vt 0.000000 0.000000
vt 1.000000 1.000000
vt 1.000000 0.000000
vt 0.000000 1.000000
vt 1.000000 1.000000
vt 0.000000 0.000000
vt 1.000000 0.000000
vt 0.000000 1.000000
vt 0.000000 0.000000
vt 1.000000 1.000000
vt 0.000000 1.000000
vt 1.000000 0.000000
vt 0.000000 0.000000
vt 1.000000 1.000000
vt 1.000000 0.000000
vt 0.000000 1.000000
vt 1.000000 1.000000
vt 0.000000 0.000000
vt 1.000000 0.000000
vt 0.000000 1.000000
vt 0.000000 0.000000
vt 1.000000 1.000000
vt 0.000000 1.000000
vt 1.000000 0.000000
vt 0.000000 0.000000
vt 1.000000 1.000000
vt 1.000000 0.000000
vt 0.000000 1.000000
vt 1.000000 1.000000
vt 0.000000 0.000000
vt 1.000000 0.000000
vt 0.000000 1.000000
vt 0.000000 0.000000
vt 1.000000 1.000000
vt 0.000000 1.000000
vt 1.000000 0.000000
vt 0.000000 0.000000
vt 1.000000 1.000000
vt 1.000000 0.000000
vt 0.000000 1.000000
vt 1.000000 1.000000
vt 0.000000 0.000000
vt 1.000000 0.000000
vt 0.000000 1.000000
vt 0.000000 0.000000
vt 1.000000 1.000000
vt 0.000000 1.000000
vt 1.000000 0.000000
vt 0.000000 0.000000
vt 1.000000 1.000000
vt 1.000000 0.000000
vt 0.000000 1.000000
vt 1.000000 1.000000
vt 0.000000 0.000000
vt 1.000000 0.000000
vt 0.000000 1.000000
vt 0.000000 0.000000
vt 1.000000 1.000000
vt 0.000000 1.000000
vt 1.000000 0.000000
vt 0.000000 0.000000
vt 1.000000 1.000000
vt 1.000000 0.000000
vt 0.000000 1.000000
vt 1.000000 1.000000
vt 0.000000 0.000000
vt 1.000000 0.000000
vt 0.000000 1.000000
vt 0.000000 0.000000
vt 1.000000 1.000000
vt 0.000000 1.000000
vt 1.000000 0.000000
vt 1.000000 0.000000
vt 0.000000 1.000000
vt 0.000000 0.000000
vt 1.000000 1.000000
vt 0.000000 1.000000
vt 1.000000 0.000000
vt 0.000000 0.000000
vt 1.000000 1.000000
vt 1.000000 0.000000
vt 0.000000 1.000000
vt 1.000000 1.000000
vt 0.000000 0.000000
vt 1.000000 0.000000
vt 0.000000 1.000000
vt 0.000000 0.000000
vt 1.000000 1.000000
vt 0.000000 1.000000
vt 1.000000 0.000000
vt 0.000000 0.000000
vt 1.000000 1.000000
vt 1.000000 0.000000
vt 0.000000 1.000000
vt 1.000000 1.000000
vt 0.000000 0.000000
vt 1.000000 0.000000
vt 0.000000 1.000000
vt 0.000000 0.000000
vt 1.000000 1.000000
vt 0.000000 1.000000
vt 1.000000 0.000000
vt 0.000000 0.000000
vt 1.000000 1.000000
vt 1.000000 0.000000
vt 0.000000 1.000000
vt 1.000000 1.000000
vt 0.000000 0.000000
vt 1.000000 0.000000
vt 0.000000 1.000000
vt 0.000000 0.000000
vt 1.000000 1.000000
vt 0.000000 1.000000
vt 1.000000 0.000000
vt 0.000000 0.000000
vt 1.000000 1.000000
vt 1.000000 0.000000
vt 0.000000 1.000000
vt 1.000000 1.000000
vt 0.000000 0.000000
vt 1.000000 0.000000
vt 0.000000 1.000000
vt 0.000000 0.000000
vt 1.000000 1.000000
vt 0.000000 1.000000
vt 1.000000 0.000000
vt 0.000000 0.000000
vt 1.000000 1.000000
vt 1.000000 0.000000
vt 0.000000 1.000000
vt 1.000000 1.000000
vt 0.000000 0.000000
vt 0.000000 0.000000
vt 1.000000 1.000000
vt 1.000000 0.000000
vt 0.000000 1.000000
vt 1.000000 1.000000
vt 0.000000 0.000000
vt 1.000000 0.000000
vt 0.000000 1.000000
vt 0.000000 0.000000
vt 1.000000 1.000000
vt 0.000000 1.000000
vt 1.000000 0.000000
vt 0.000000 0.000000
vt 1.000000 1.000000
vt 1.000000 0.000000
vt 0.000000 1.000000
vt 1.000000 1.000000
vt 0.000000 0.000000
vt 1.000000 0.000000
vt 0.000000 1.000000
vt 0.000000 0.000000
vt 1.000000 1.000000
vt 0.000000 1.000000
vt 1.000000 0.000000
vt 0.000000 0.000000
vt 1.000000 1.000000
vt 1.000000 0.000000
vt 0.000000 1.000000
vt 1.000000 1.000000
vt 0.000000 0.000000
vt 1.000000 0.000000
vt 0.000000 1.000000
vt 0.000000 0.000000
vt 1.000000 1.000000
vt 0.000000 1.000000
vt 1.000000 0.000000
vt 0.000000 0.000000
vt 1.000000 1.000000
vt 1.000000 0.000000
vt 0.000000 1.000000
vt 1.000000 1.000000
vt 0.000000 0.000000
vt 1.000000 0.000000
vt 0.000000 1.000000
vt 0.000000 0.000000
vt 1.000000 1.000000
vt 0.000000 1.000000
vt 1.000000 0.000000
vt 0.000000 0.000000
vt 1.000000 1.000000
vt 1.000000 0.000000
vt 0.000000 1.000000
vt 1.000000 1.000000
vt 0.000000 0.000000
vt 1.000000 0.000000
vt 0.000000 1.000000
vt 0.000000 0.000000
vt 1.000000 1.000000
vt 0.000000 1.000000
vt 1.000000 0.000000
vt 0.000000 0.000000
vt 1.000000 1.000000
vt 1.000000 0.000000
vt 0.000000 1.000000
vt 1.000000 1.000000
vt 0.000000 0.000000
vt 1.000000 0.000000
vt 0.000000 1.000000
vt 0.000000 0.000000
vt 1.000000 1.000000
vt 0.000000 1.000000
vt 1.000000 0.000000
vt 0.000000 0.000000
vt 1.000000 1.000000
vt 1.000000 0.000000
vt 0.000000 1.000000
vt 1.000000 1.000000
vt 0.000000 0.000000
vt 1.000000 0.000000
vt 0.000000 1.000000
vt 0.000000 0.000000
vt 1.000000 1.000000
vt 0.000000 1.000000
vt 1.000000 0.000000
vt 0.000000 0.000000
vt 1.000000 1.000000
vt 1.000000 0.000000
vt 0.000000 1.000000
vt 1.000000 1.000000
vt 0.000000 0.000000
vt 1.000000 0.000000
vt 0.000000 1.000000
vt 0.000000 0.000000
vt 1.000000 1.000000
vt 0.000000 1.000000
vt 1.000000 0.000000
vt 0.000000 0.000000
vt 1.000000 1.000000
vt 1.000000 0.000000
vt 0.000000 1.000000
vt 1.000000 1.000000
vt 0.000000 0.000000
vt 1.000000 0.000000
vt 0.000000 1.000000
vt 0.000000 0.000000
vt 1.000000 1.000000
vt 0.000000 1.000000
vt 1.000000 0.000000
vt 0.000000 0.000000
vt 1.000000 1.000000
vt 1.000000 0.000000
vt 0.000000 1.000000
vt 1.000000 1.000000
vt 0.000000 0.000000
vt 1.000000 0.000000
vt 0.000000 1.000000
vt 0.000000 0.000000
vt 1.000000 1.000000
vt 0.000000 1.000000
vt 1.000000 0.000000
vt 0.000000 0.000000
vt 1.000000 1.000000
vt 1.000000 0.000000
vt 0.000000 1.000000
vt 1.000000 1.000000
vt 0.000000 0.000000
vt 1.000000 0.000000
vt 0.000000 1.000000
vt 0.000000 0.000000
vt 1.000000 1.000000
vt 0.000000 1.000000
vt 1.000000 0.000000
vt 0.000000 0.000000
vt 1.000000 1.000000
vt 1.000000 0.000000
vt 0.000000 1.000000
vt 1.000000 1.000000
vt 0.000000 0.000000
vt 1.000000 0.000000
vt 0.000000 1.000000
vt 0.000000 0.000000
vt 1.000000 1.000000
vt 0.000000 1.000000
vt 1.000000 0.000000
vt 0.000000 0.000000
vt 1.000000 1.000000
vt 1.000000 0.000000
vt 0.000000 1.000000
vt 1.000000 1.000000
vt 0.000000 0.000000
vt 1.000000 0.000000
vt 0.000000 1.000000
vt 0.000000 0.000000
vt 1.000000 1.000000
vt 0.000000 1.000000
vt 1.000000 0.000000
vt 0.000000 0.000000
vt 1.000000 1.000000
vt 1.000000 0.000000
vt 0.000000 1.000000
vt 1.000000 1.000000
vt 0.000000 0.000000
vt 1.000000 0.000000
vt 0.000000 1.000000
vt 0.000000 0.000000
vt 1.000000 1.000000
vt 0.000000 1.000000
vt 1.000000 0.000000
vt 0.000000 0.000000
vt 1.000000 1.000000
vt 1.000000 0.000000
vt 0.000000 1.000000
vt 1.000000 1.000000
vt 0.000000 0.000000
vt 1.000000 0.000000
vt 0.000000 1.000000
vt 0.000000 0.000000
vt 1.000000 1.000000
vt 0.000000 1.000000
vt 1.000000 0.000000
vt 1.000000 0.000000
vt 0.000000 1.000000
vt 0.000000 0.000000
vt 1.000000 1.000000
vt 0.000000 1.000000
vt 1.000000 0.000000
vt 0.000000 0.000000
vt 1.000000 1.000000
vt 1.000000 0.000000
vt 0.000000 1.000000
vt 1.000000 1.000000
vt 0.000000 0.000000
vt 1.000000 0.000000
vt 0.000000 1.000000
vt 0.000000 0.000000
vt 1.000000 1.000000
vt 0.000000 1.000000
vt 1.000000 0.000000
vt 0.000000 0.000000
vt 1.000000 1.000000
vt 1.000000 0.000000
vt 0.000000 1.000000
vt 1.000000 1.000000
vt 0.000000 0.000000
vt 1.000000 0.000000
vt 0.000000 1.000000
vt 0.000000 0.000000
vt 1.000000 1.000000
vt 0.000000 1.000000
vt 1.000000 0.000000
vt 0.000000 0.000000
vt 1.000000 1.000000
vt 1.000000 0.000000
vt 0.000000 1.000000
vt 1.000000 1.000000
vt 0.000000 0.000000
vt 1.000000 0.000000
vt 0.000000 1.000000
vt 0.000000 0.000000
vt 1.000000 1.000000
vt 0.000000 1.000000
vt 1.000000 0.000000
vt 0.000000 0.000000
vt 1.000000 1.000000
vt 1.000000 0.000000
vt 0.000000 1.000000
vt 1.000000 1.000000
vt 0.000000 0.000000
vt 1.000000 0.000000
vt 0.000000 1.000000
vt 0.000000 0.000000
vt 1.000000 1.000000
vt 0.000000 1.000000
vt 1.000000 0.000000
vt 0.000000 0.000000
vt 1.000000 1.000000
vt 1.000000 0.000000
vt 0.000000 1.000000
vt 1.000000 1.000000
vt 0.000000 0.000000
vt 0.000000 0.000000
vt 1.000000 1.000000
vt 1.000000 0.000000
vt 0.000000 1.000000
vt 1.000000 1.000000
vt 0.000000 0.000000
vt 1.000000 0.000000
vt 0.000000 1.000000
vt 0.000000 0.000000
vt 1.000000 1.000000
vt 0.000000 1.000000
vt 1.000000 0.000000
vt 0.000000 0.000000
vt 1.000000 1.000000
vt 1.000000 0.000000
vt 0.000000 1.000000
vt 1.000000 1.000000
vt 0.000000 0.000000
vt 1.000000 0.000000
vt 0.000000 1.000000
vt 0.000000 0.000000
vt 1.000000 1.000000
vt 0.000000 1.000000
vt 1.000000 0.000000
vt 0.000000 0.000000
vt 1.000000 1.000000
vt 1.000000 0.000000
vt 0.000000 1.000000
vt 1.000000 1.000000
vt 0.000000 0.000000
vt 1.000000 0.000000
vt 0.000000 1.000000
vt 0.000000 0.000000
vt 1.000000 1.000000
vt 0.000000 1.000000
vt 1.000000 0.000000
vt 0.000000 0.000000
vt 1.000000 1.000000
vt 1.000000 0.000000
vt 0.000000 1.000000
vt 1.000000 1.000000
vt 0.000000 0.000000
vt 1.000000 0.000000
vt 0.000000 1.000000
vt 0.000000 0.000000
vt 1.000000 1.000000
vt 0.000000 1.000000
vt 1.000000 0.000000
vt 0.000000 0.000000
vt 1.000000 1.000000
vt 1.000000 0.000000
vt 0.000000 1.000000
vt 1.000000 1.000000
vt 0.000000 0.000000
vt 1.000000 0.000000
vt 0.000000 1.000000
vt 0.000000 0.000000
vt 1.000000 1.000000
vt 0.000000 1.000000
vt 1.000000 0.000000
vt 0.000000 0.000000
vt 1.000000 1.000000
vt 1.000000 0.000000
vt 0.000000 1.000000
vt 1.000000 1.000000
vt 0.000000 0.000000
vt 1.000000 0.000000
vt 0.000000 1.000000
vt 0.000000 0.000000
vt 1.000000 1.000000
vt 0.000000 1.000000
vt 1.000000 0.000000
vt 0.000000 0.000000
vt 1.000000 1.000000
vt 1.000000 0.000000
vt 0.000000 1.000000
vt 1.000000 1.000000
vt 0.000000 0.000000
vt 1.000000 0.000000
vt 0.000000 1.000000
vt 0.000000 0.000000
vt 1.000000 1.000000
vt 0.000000 1.000000
vt 1.000000 0.000000
vt 0.000000 0.000000
vt 1.000000 1.000000
vt 1.000000 0.000000
vt 0.000000 1.000000
vt 1.000000 1.000000
vt 0.000000 0.000000
vt 1.000000 0.000000
vt 0.000000 1.000000
vt 0.000000 0.000000
vt 1.000000 1.000000
vt 0.000000 1.000000
vt 1.000000 0.000000
vt 0.000000 0.000000
vt 1.000000 1.000000
vt 1.000000 0.000000
vt 0.000000 1.000000
vt 1.000000 1.000000
vt 0.000000 0.000000
vt 1.000000 0.000000
vt 0.000000 1.000000
vt 0.000000 0.000000
vt 1.000000 1.000000
vt 0.000000 1.000000
vt 1.000000 0.000000
vt 0.000000 0.000000
vt 1.000000 1.000000
vt 1.000000 0.000000
vt 0.000000 1.000000
vt 1.000000 1.000000
vt 0.000000 0.000000
vt 1.000000 0.000000
vt 0.000000 1.000000
vt 0.000000 0.000000
vt 1.000000 1.000000
vt 0.000000 1.000000
vt 1.000000 0.000000
vt 0.000000 0.000000
vt 1.000000 1.000000
vt 1.000000 0.000000
vt 0.000000 1.000000
vt 1.000000 1.000000
vt 0.000000 0.000000
vt 1.000000 0.000000
vt 0.000000 1.000000
vt 0.000000 0.000000
vt 1.000000 1.000000
vt 0.000000 1.000000
vt 1.000000 0.000000
vt 0.000000 0.000000
vt 1.000000 1.000000
vt 1.000000 0.000000
vt 0.000000 1.000000
vt 1.000000 1.000000
vt 0.000000 0.000000
vt 1.000000 0.000000
vt 0.000000 1.000000
vt 0.000000 0.000000
vt 1.000000 1.000000
vt 0.000000 1.000000
vt 1.000000 0.000000
vt 0.000000 0.000000
vt 1.000000 1.000000
vt 1.000000 0.000000
vt 0.000000 1.000000
vt 1.000000 1.000000
vt 0.000000 0.000000
vt 0.000000 0.000000
vt 1.000000 1.000000
vt 1.000000 0.000000
vt 0.000000 1.000000
vt 1.000000 1.000000
vt 0.000000 0.000000
vt 1.000000 0.000000
vt 0.000000 1.000000
vt 0.000000 0.000000
vt 1.000000 1.000000
vt 0.000000 1.000000
vt 1.000000 0.000000
vt 0.000000 0.000000
vt 1.000000 1.000000
vt 1.000000 0.000000
vt 0.000000 1.000000
vt 1.000000 1.000000
vt 0.000000 0.000000
vt 1.000000 0.000000
vt 0.000000 1.000000
vt 0.000000 0.000000
vt 1.000000 1.000000
vt 0.000000 1.000000
vt 1.000000 0.000000
vt 0.000000 0.000000
vt 1.000000 1.000000
vt 1.000000 0.000000
vt 0.000000 1.000000
vt 1.000000 1.000000
vt 0.000000 0.000000
vt 1.000000 0.000000
vt 0.000000 1.000000
vt 0.000000 0.000000
vt 1.000000 1.000000
vt 0.000000 1.000000
vt 1.000000 0.000000
vt 0.000000 0.000000
vt 1.000000 1.000000
vt 1.000000 0.000000
vt 0.000000 1.000000
vt 1.000000 1.000000
vt 0.000000 0.000000
vt 1.000000 0.000000
vt 0.000000 1.000000
vt 0.000000 0.000000
vt 1.000000 1.000000
vt 0.000000 1.000000
vt 1.000000 0.000000
vt 0.000000 0.000000
vt 1.000000 1.000000
vt 1.000000 0.000000
vt 0.000000 1.000000
vt 1.000000 1.000000
vt 0.000000 0.000000
vt 1.000000 0.000000
vt 0.000000 1.000000
vt 0.000000 0.000000
vt 1.000000 1.000000
vt 0.000000 1.000000
vt 1.000000 0.000000
vt 0.000000 0.000000
vt 1.000000 1.000000
vt 1.000000 0.000000
vt 0.000000 1.000000
vt 1.000000 1.000000
vt 0.000000 0.000000
vt 1.000000 0.000000
vt 0.000000 1.000000
vt 0.000000 0.000000
vt 1.000000 1.000000
vt 0.000000 1.000000
vt 1.000000 0.000000
vt 0.000000 0.000000
vt 1.000000 1.000000
vt 1.000000 0.000000
vt 0.000000 1.000000
vt 1.000000 1.000000
vt 0.000000 0.000000
vt 1.000000 0.000000
vt 0.000000 1.000000
vt 0.000000 0.000000
vt 1.000000 1.000000
vt 0.000000 1.000000
vt 1.000000 0.000000
vt 0.000000 0.000000
vt 1.000000 1.000000
vt 1.000000 0.000000
vt 0.000000 1.000000
vt 1.000000 1.000000
vt 0.000000 0.000000
vt 1.000000 0.000000
vt 0.000000 1.000000
vt 0.000000 0.000000
vt 1.000000 1.000000
vt 0.000000 1.000000
vt 1.000000 0.000000
vt 0.000000 0.000000
vt 1.000000 1.000000
vt 1.000000 0.000000
vt 0.000000 1.000000
vt 1.000000 1.000000
vt 0.000000 0.000000
vt 1.000000 0.000000
vt 0.000000 1.000000
vt 0.000000 0.000000
vt 1.000000 1.000000
vt 0.000000 1.000000
vt 1.000000 0.000000
vt 0.000000 0.000000
vt 1.000000 1.000000
vt 1.000000 0.000000
vt 0.000000 1.000000
vt 1.000000 1.000000
vt 0.000000 0.000000
vt 1.000000 0.000000
vt 0.000000 1.000000
vt 0.000000 0.000000
vt 1.000000 1.000000
vt 0.000000 1.000000
vt 1.000000 0.000000
vt 0.000000 0.000000
vt 1.000000 1.000000
vt 1.000000 0.000000
vt 0.000000 1.000000
vt 1.000000 1.000000
vt 0.000000 0.000000
vt 1.000000 0.000000
vt 0.000000 1.000000
vt 0.000000 0.000000
vt 1.000000 1.000000
vt 0.000000 1.000000
vt 1.000000 0.000000
vt 0.000000 0.000000
vt 1.000000 1.000000
vt 1.000000 0.000000
vt 0.000000 1.000000
vt 1.000000 1.000000
vt 0.000000 0.000000
vt 1.000000 0.000000
vt 0.000000 1.000000
vt 0.000000 0.000000
vt 1.000000 1.000000
vt 0.000000 1.000000
vt 1.000000 0.000000
vt 0.000000 0.000000
vt 1.000000 1.000000
vt 1.000000 0.000000
vt 0.000000 1.000000
vt 1.000000 1.000000
vt 0.000000 0.000000
vt 1.000000 0.000000
vt 0.000000 1.000000
vt 0.000000 0.000000
vt 1.000000 1.000000
vt 0.000000 1.000000
vt 1.000000 0.000000
vt 0.000000 0.000000
vt 1.000000 1.000000
vt 1.000000 0.000000
vt 0.000000 1.000000
vt 1.000000 1.000000
vt 0.000000 0.000000
vt 1.000000 0.000000
vt 0.000000 1.000000
vt 0.000000 0.000000
vt 1.000000 1.000000
vt 0.000000 1.000000
vt 1.000000 0.000000
vt 0.000000 0.000000
vt 1.000000 1.000000
vt 1.000000 0.000000
vt 0.000000 1.000000
vt 1.000000 1.000000
vt 0.000000 0.000000
vt 0.000000 0.000000
vt 1.000000 1.000000
vt 1.000000 0.000000
vt 0.000000 1.000000
vt 1.000000 1.000000
vt 0.000000 0.000000
vt 1.000000 0.000000
vt 0.000000 1.000000
vt 0.000000 0.000000
vt 1.000000 1.000000
vt 0.000000 1.000000
vt 1.000000 0.000000
vt 0.000000 0.000000
vt 1.000000 1.000000
vt 1.000000 0.000000
vt 0.000000 1.000000
vt 1.000000 1.000000
vt 0.000000 0.000000
vt 1.000000 0.000000
vt 0.000000 1.000000
vt 0.000000 0.000000
vt 1.000000 1.000000
vt 0.000000 1.000000
vt 1.000000 0.000000
vt 0.000000 0.000000
vt 1.000000 1.000000
vt 1.000000 0.000000
vt 0.000000 1.000000
vt 1.000000 1.000000
vt 0.000000 0.000000
vt 1.000000 0.000000
vt 0.000000 1.000000
vt 0.000000 0.000000
vt 1.000000 1.000000
vt 0.000000 1.000000
vt 1.000000 0.000000
vt 0.000000 0.000000
vt 1.000000 1.000000
vt 1.000000 0.000000
vt 0.000000 1.000000
vt 1.000000 1.000000
vt 0.000000 0.000000
vt 1.000000 0.000000
vt 0.000000 1.000000
vt 0.000000 0.000000
vt 1.000000 1.000000
vt 0.000000 1.000000
vt 1.000000 0.000000
vt 0.000000 0.000000
vt 1.000000 1.000000
vt 1.000000 0.000000
vt 0.000000 1.000000
vt 1.000000 1.000000
vt 0.000000 0.000000
vt 1.000000 0.000000
vt 0.000000 1.000000
vt 0.000000 0.000000
vt 1.000000 1.000000
vt 0.000000 1.000000
vt 1.000000 0.000000
vt 0.000000 0.000000
vt 1.000000 1.000000
vt 1.000000 0.000000
vt 0.000000 1.000000
vt 1.000000 1.000000
vt 0.000000 0.000000
vt 1.000000 0.000000
vt 0.000000 1.000000
vt 0.000000 0.000000
vt 1.000000 1.000000
vt 0.000000 1.000000
vt 1.000000 0.000000
vt 0.000000 0.000000
vt 1.000000 1.000000
vt 1.000000 0.000000
vt 0.000000 1.000000
vt 1.000000 1.000000
vt 0.000000 0.000000
vt 1.000000 0.000000
vt 0.000000 1.000000
vt 0.000000 0.000000
vt 1.000000 1.000000
vt 0.000000 1.000000
vt 1.000000 0.000000
vt 0.000000 0.000000
vt 1.000000 1.000000
vt 1.000000 0.000000
vt 0.000000 1.000000
vt 1.000000 1.000000
vt 0.000000 0.000000
vt 0.000000 0.000000
vt 1.000000 1.000000
vt 1.000000 0.000000
vt 0.000000 1.000000
vt 1.000000 1.000000
vt 0.000000 0.000000
vt 1.000000 0.000000
vt 0.000000 1.000000
vt 0.000000 0.000000
vt 1.000000 1.000000
vt 0.000000 1.000000
vt 1.000000 0.000000
vt 0.000000 0.000000
vt 1.000000 1.000000
vt 1.000000 0.000000
vt 0.000000 1.000000
vt 1.000000 1.000000
vt 0.000000 0.000000
vt 1.000000 0.000000
vt 0.000000 1.000000
vt 0.000000 0.000000
vt 1.000000 1.000000
vt 0.000000 1.000000
vt 1.000000 0.000000
vt 0.000000 0.000000
vt 1.000000 1.000000
vt 1.000000 0.000000
vt 0.000000 1.000000
vt 1.000000 1.000000
vt 0.000000 0.000000
vt 1.000000 0.000000
vt 0.000000 1.000000
vt 0.000000 0.000000
vt 1.000000 1.000000
vt 0.000000 1.000000
vt 1.000000 0.000000
vt 0.000000 0.000000
vt 1.000000 1.000000
vt 1.000000 0.000000
vt 0.000000 1.000000
vt 1.000000 1.000000
vt 0.000000 0.000000
vt 1.000000 0.000000
vt 0.000000 1.000000
vt 0.000000 0.000000
vt 1.000000 1.000000
vt 0.000000 1.000000
vt 1.000000 0.000000
vt 0.000000 0.000000
vt 1.000000 1.000000
vt 1.000000 0.000000
vt 0.000000 1.000000
vt 1.000000 1.000000
vt 0.000000 0.000000
vt 1.000000 0.000000
vt 0.000000 1.000000
vt 0.000000 0.000000
vt 1.000000 1.000000
vt 0.000000 1.000000
vt 1.000000 0.000000
vt 0.000000 0.000000
vt 1.000000 1.000000
vt 1.000000 0.000000
vt 0.000000 1.000000
vt 1.000000 1.000000
vt 0.000000 0.000000
vt 1.000000 0.000000
vt 0.000000 1.000000
vt 0.000000 0.000000
vt 1.000000 1.000000
vt 0.000000 1.000000
vt 1.000000 0.000000
vt 0.000000 0.000000
vt 1.000000 1.000000
vt 1.000000 0.000000
vt 0.000000 1.000000
vt 1.000000 1.000000
vt 0.000000 0.000000
vt 1.000000 0.000000
vt 0.000000 1.000000
vt 0.000000 0.000000
vt 1.000000 1.000000
vt 0.000000 1.000000
vt 1.000000 0.000000
vt 0.000000 0.000000
vt 1.000000 1.000000
vt 1.000000 0.000000
vt 0.000000 1.000000
vt 1.000000 1.000000
vt 0.000000 0.000000
vt 1.000000 0.000000
vt 0.000000 1.000000
vt 0.000000 0.000000
vt 1.000000 1.000000
vt 0.000000 1.000000
vt 1.000000 0.000000
vt 1.000000 0.000000
vt 0.000000 1.000000
vt 0.000000 0.000000
vt 1.000000 1.000000
vt 0.000000 1.000000
vt 1.000000 0.000000
vt 0.000000 0.000000
vt 1.000000 1.000000
vt 1.000000 0.000000
vt 0.000000 1.000000
vt 1.000000 1.000000
vt 0.000000 0.000000
vt 1.000000 0.000000
vt 0.000000 1.000000
vt 0.000000 0.000000
vt 1.000000 1.000000
vt 0.000000 1.000000
vt 1.000000 0.000000
vt 0.000000 0.000000
vt 1.000000 1.000000
vt 1.000000 0.000000
vt 0.000000 1.000000
vt 1.000000 1.000000
vt 0.000000 0.000000
vt 1.000000 0.000000
vt 0.000000 1.000000
vt 0.000000 0.000000
vt 1.000000 1.000000
vt 0.000000 1.000000
vt 1.000000 0.000000
vt 0.000000 0.000000
vt 1.000000 1.000000
vt 1.000000 0.000000
vt 0.000000 1.000000
vt 1.000000 1.000000
vt 0.000000 0.000000
vt 1.000000 0.000000
vt 0.000000 1.000000
vt 0.000000 0.000000
vt 1.000000 1.000000
vt 0.000000 1.000000
vt 1.000000 0.000000
vt 0.000000 0.000000
vt 1.000000 1.000000
vt 1.000000 0.000000
vt 0.000000 1.000000
vt 1.000000 1.000000
vt 0.000000 0.000000
vt 1.000000 0.000000
vt 0.000000 1.000000
vt 0.000000 0.000000
vt 1.000000 1.000000
vt 0.000000 1.000000
vt 1.000000 0.000000
vt 0.000000 0.000000
vt 1.000000 1.000000
vt 1.000000 0.000000
vt 0.000000 1.000000
vt 1.000000 1.000000
vt 0.000000 0.000000
vt 1.000000 0.000000
vt 0.000000 1.000000
vt 0.000000 0.000000
vt 1.000000 1.000000
vt 0.000000 1.000000
vt 1.000000 0.000000
vt 0.000000 0.000000
vt 1.000000 1.000000
vt 1.000000 0.000000
vt 0.000000 1.000000
vt 1.000000 1.000000
vt 0.000000 0.000000
vt 1.000000 0.000000
vt 0.000000 1.000000
vt 0.000000 0.000000
vt 1.000000 1.000000
vt 0.000000 1.000000
vt 1.000000 0.000000
vt 0.000000 0.000000
vt 1.000000 1.000000
vt 1.000000 0.000000
vt 0.000000 1.000000
vt 1.000000 1.000000
vt 0.000000 0.000000
vt 0.000000 0.000000
vt 1.000000 1.000000
vt 1.000000 0.000000
vt 0.000000 1.000000
vt 1.000000 1.000000
vt 0.000000 0.000000
vt 1.000000 0.000000
vt 0.000000 1.000000
vt 0.000000 0.000000
vt 1.000000 1.000000
vt 0.000000 1.000000
vt 1.000000 0.000000
vt 0.000000 0.000000
vt 1.000000 1.000000
vt 1.000000 0.000000
vt 0.000000 1.000000
vt 1.000000 1.000000
vt 0.000000 0.000000
vt 1.000000 0.000000
vt 0.000000 1.000000
vt 0.000000 0.000000
vt 1.000000 1.000000
vt 0.000000 1.000000
vt 1.000000 0.000000
vt 0.000000 0.000000
vt 1.000000 1.000000
vt 1.000000 0.000000
vt 0.000000 1.000000
vt 1.000000 1.000000
vt 0.000000 0.000000
vt 1.000000 0.000000
vt 0.000000 1.000000
vt 0.000000 0.000000
vt 1.000000 1.000000
vt 0.000000 1.000000
vt 1.000000 0.000000
vt 0.000000 0.000000
vt 1.000000 1.000000
vt 1.000000 0.000000
vt 0.000000 1.000000
vt 1.000000 1.000000
vt 0.000000 0.000000
vt 1.000000 0.000000
vt 0.000000 1.000000
vt 0.000000 0.000000
vt 1.000000 1.000000
vt 0.000000 1.000000
vt 1.000000 0.000000
vt 1.000000 0.000000
vt 0.000000 1.000000
vt 0.000000 0.000000
vt 1.000000 1.000000
vt 0.000000 1.000000
vt 1.000000 0.000000
vt 0.000000 0.000000
vt 1.000000 1.000000
vt 1.000000 0.000000
vt 0.000000 1.000000
vt 1.000000 1.000000
vt 0.000000 0.000000
vt 1.000000 0.000000
vt 0.000000 1.000000
vt 0.000000 0.000000
vt 1.000000 1.000000
vt 0.000000 1.000000
vt 1.000000 0.000000
vt 0.000000 0.000000
vt 1.000000 1.000000
vt 1.000000 0.000000
vt 0.000000 1.000000
vt 1.000000 1.000000
vt 0.000000 0.000000
vt 1.000000 0.000000
vt 0.000000 1.000000
vt 0.000000 0.000000
vt 1.000000 1.000000
vt 0.000000 1.000000
vt 1.000000 0.000000
vt 0.000000 0.000000
vt 1.000000 1.000000
vt 1.000000 0.000000
vt 0.000000 1.000000
vt 1.000000 1.000000
vt 0.000000 0.000000
vt 1.000000 0.000000
vt 0.000000 1.000000
vt 0.000000 0.000000
vt 1.000000 1.000000
vt 0.000000 1.000000
vt 1.000000 0.000000
vt 0.000000 0.000000
vt 1.000000 1.000000
vt 1.000000 0.000000
vt 0.000000 1.000000
vt 1.000000 1.000000
vt 0.000000 0.000000
vt 1.000000 0.000000
vt 0.000000 1.000000
vt 0.000000 0.000000
vt 1.000000 1.000000
vt 0.000000 1.000000
vt 1.000000 0.000000
vt 0.000000 0.000000
vt 1.000000 1.000000
vt 1.000000 0.000000
vt 0.000000 1.000000
vt 1.000000 1.000000
vt 0.000000 0.000000
vt 1.000000 0.000000
vt 0.000000 1.000000
vt 0.000000 0.000000
vt 1.000000 1.000000
vt 0.000000 1.000000
vt 1.000000 0.000000
vt 0.000000 0.000000
vt 1.000000 1.000000
vt 1.000000 0.000000
vt 0.000000 1.000000
vt 1.000000 1.000000
vt 0.000000 0.000000
vt 1.000000 0.000000
vt 0.000000 1.000000
vt 0.000000 0.000000
vt 1.000000 1.000000
vt 0.000000 1.000000
vt 1.000000 0.000000
vt 0.000000 0.000000
vt 1.000000 1.000000
vt 1.000000 0.000000
vt 0.000000 1.000000
vt 1.000000 1.000000
vt 0.000000 0.000000
vt 1.000000 0.000000
vt 0.000000 1.000000
vt 0.000000 0.000000
vt 1.000000 1.000000
vt 0.000000 1.000000
vt 1.000000 0.000000
vt 0.000000 0.000000
vt 1.000000 1.000000
vt 1.000000 0.000000
vt 0.000000 1.000000
vt 1.000000 1.000000
vt 0.000000 0.000000
vt 1.000000 0.000000
vt 0.000000 1.000000
vt 0.000000 0.000000
vt 1.000000 1.000000
vt 0.000000 1.000000
vt 1.000000 0.000000
vt 0.000000 0.000000
vt 1.000000 1.000000
vt 1.000000 0.000000
vt 0.000000 1.000000
vt 1.000000 1.000000
vt 0.000000 0.000000
vt 1.000000 0.000000
vt 0.000000 1.000000
vt 0.000000 0.000000
vt 1.000000 1.000000
vt 0.000000 1.000000
vt 1.000000 0.000000
vt 0.000000 0.000000
vt 1.000000 1.000000
vt 1.000000 0.000000
vt 0.000000 1.000000
vt 1.000000 1.000000
vt 0.000000 0.000000
vt 1.000000 0.000000
vt 0.000000 1.000000
vt 0.000000 0.000000
vt 1.000000 1.000000
vt 0.000000 1.000000
vt 1.000000 0.000000
vt 0.000000 0.000000
vt 1.000000 1.000000
vt 1.000000 0.000000
vt 0.000000 1.000000
vt 1.000000 1.000000
vt 0.000000 0.000000
vt 1.000000 0.000000
vt 0.000000 1.000000
vt 0.000000 0.000000
vt 1.000000 1.000000
vt 0.000000 1.000000
vt 1.000000 0.000000
vt 0.000000 0.000000
vt 1.000000 1.000000
vt 1.000000 0.000000
vt 0.000000 1.000000
vt 1.000000 1.000000
vt 0.000000 0.000000
vt 1.000000 0.000000
vt 0.000000 1.000000
vt 0.000000 0.000000
vt 1.000000 1.000000
vt 0.000000 1.000000
vt 1.000000 0.000000
vt 0.000000 0.000000
vt 1.000000 1.000000
vt 1.000000 0.000000
vt 0.000000 1.000000
vt 1.000000 1.000000
vt 0.000000 0.000000
vt 1.000000 0.000000
vt 0.000000 1.000000
vt 0.000000 0.000000
vt 1.000000 1.000000
vt 0.000000 1.000000
vt 1.000000 0.000000
vt 0.000000 0.000000
vt 1.000000 1.000000
vt 1.000000 0.000000
vt 0.000000 1.000000
vt 1.000000 1.000000
vt 0.000000 0.000000
vt 1.000000 0.000000
vt 0.000000 1.000000
vt 0.000000 0.000000
vt 1.000000 1.000000
vt 0.000000 1.000000
vt 1.000000 0.000000
vt 0.000000 0.000000
vt 1.000000 1.000000
vt 1.000000 0.000000
vt 0.000000 1.000000
vt 1.000000 1.000000
vt 0.000000 0.000000
vt 1.000000 0.000000
vt 0.000000 1.000000
vt 0.000000 0.000000
vt 1.000000 1.000000
vt 0.000000 1.000000
vt 1.000000 0.000000
vt 0.000000 0.000000
vt 1.000000 1.000000
vt 1.000000 0.000000
vt 0.000000 1.000000
vt 1.000000 1.000000
vt 0.000000 0.000000
vt 1.000000 0.000000
vt 0.000000 1.000000
vt 0.000000 0.000000
vt 1.000000 1.000000
vt 0.000000 1.000000
vt 1.000000 0.000000
vt 0.000000 0.000000
vt 1.000000 1.000000
vt 1.000000 0.000000
vt 0.000000 1.000000
vt 1.000000 1.000000
vt 0.000000 0.000000
vt 0.000000 0.000000
vt 1.000000 1.000000
vt 1.000000 0.000000
vt 0.000000 1.000000
vt 1.000000 1.000000
vt 0.000000 0.000000
vt 1.000000 0.000000
vt 0.000000 1.000000
vt 0.000000 0.000000
vt 1.000000 1.000000
vt 0.000000 1.000000
vt 1.000000 0.000000
vt 0.000000 0.000000
vt 1.000000 1.000000
vt 1.000000 0.000000
vt 0.000000 1.000000
vt 1.000000 1.000000
vt 0.000000 0.000000
vt 1.000000 0.000000
vt 0.000000 1.000000
vt 0.000000 0.000000
vt 1.000000 1.000000
vt 0.000000 1.000000
vt 1.000000 0.000000
vt 0.000000 0.000000
vt 1.000000 1.000000
vt 1.000000 0.000000
vt 0.000000 1.000000
vt 1.000000 1.000000
vt 0.000000 0.000000
vt 1.000000 0.000000
vt 0.000000 1.000000
vt 0.000000 0.000000
vt 1.000000 1.000000
vt 0.000000 1.000000
vt 1.000000 0.000000
vt 0.000000 0.000000
vt 1.000000 1.000000
vt 1.000000 0.000000
vt 0.000000 1.000000
vt 1.000000 1.000000
vt 0.000000 0.000000
vt 1.000000 0.000000
vt 0.000000 1.000000
vt 0.000000 0.000000
vt 1.000000 1.000000
vt 0.000000 1.000000
vt 1.000000 0.000000
vt 0.000000 0.000000
vt 1.000000 1.000000
vt 1.000000 0.000000
vt 0.000000 1.000000
vt 1.000000 1.000000
vt 0.000000 0.000000
vt 1.000000 0.000000
vt 0.000000 1.000000
vt 0.000000 0.000000
vt 1.000000 1.000000
vt 0.000000 1.000000
vt 1.000000 0.000000
vt 0.000000 0.000000
vt 1.000000 1.000000
vt 1.000000 0.000000
vt 0.000000 1.000000
vt 1.000000 1.000000
vt 0.000000 0.000000
vt 1.000000 0.000000
vt 0.000000 1.000000
vt 0.000000 0.000000
vt 1.000000 1.000000
vt 0.000000 1.000000
vt 1.000000 0.000000
vt 0.000000 0.000000
vt 1.000000 1.000000
vt 1.000000 0.000000
vt 0.000000 1.000000
vt 1.000000 1.000000
vt 0.000000 0.000000
vt 1.000000 0.000000
vt 0.000000 1.000000
vt 0.000000 0.000000
vt 1.000000 1.000000
vt 0.000000 1.000000
vt 1.000000 0.000000
vt 0.000000 0.000000
vt 1.000000 1.000000
vt 1.000000 0.000000
vt 0.000000 1.000000
vt 1.000000 1.000000
vt 0.000000 0.000000
vt 1.000000 0.000000
vt 0.000000 1.000000
vt 0.000000 0.000000
vt 1.000000 1.000000
vt 0.000000 1.000000
vt 1.000000 0.000000
vt 0.000000 0.000000
vt 1.000000 1.000000
vt 1.000000 0.000000
vt 0.000000 1.000000
vt 1.000000 1.000000
vt 0.000000 0.000000
vt 1.000000 0.000000
vt 0.000000 1.000000
vt 0.000000 0.000000
vt 1.000000 1.000000
vt 0.000000 1.000000
vt 1.000000 0.000000
vt 0.000000 0.000000
vt 1.000000 1.000000
vt 1.000000 0.000000
vt 0.000000 1.000000
vt 1.000000 1.000000
vt 0.000000 0.000000
vt 1.000000 0.000000
vt 0.000000 1.000000
vt 0.000000 0.000000
vt 1.000000 1.000000
vt 0.000000 1.000000
vt 1.000000 0.000000
vt 0.000000 0.000000
vt 1.000000 1.000000
vt 1.000000 0.000000
vt 0.000000 1.000000
vt 1.000000 1.000000
vt 0.000000 0.000000
vt 1.000000 0.000000
vt 0.000000 1.000000
vt 0.000000 0.000000
vt 1.000000 1.000000
vt 0.000000 1.000000
vt 1.000000 0.000000
vt 0.000000 0.000000
vt 1.000000 1.000000
vt 1.000000 0.000000
vt 0.000000 1.000000
vt 1.000000 1.000000
vt 0.000000 0.000000
vt 1.000000 0.000000
vt 0.000000 1.000000
vt 0.000000 0.000000
vt 1.000000 1.000000
vt 0.000000 1.000000
vt 1.000000 0.000000
vt 0.000000 0.000000
vt 1.000000 1.000000
vt 1.000000 0.000000
vt 0.000000 1.000000
vt 1.000000 1.000000
vt 0.000000 0.000000
vt 1.000000 0.000000
vt 0.000000 1.000000
vt 0.000000 0.000000
vt 1.000000 1.000000
vt 0.000000 1.000000
vt 1.000000 0.000000
vt 0.000000 0.000000
vt 1.000000 1.000000
vt 1.000000 0.000000
vt 0.000000 1.000000
vt 1.000000 1.000000
vt 0.000000 0.000000
vt 1.000000 0.000000
vt 0.000000 1.000000
vt 0.000000 0.000000
vt 1.000000 1.000000
vt 0.000000 1.000000
vt 1.000000 0.000000
vt 0.000000 0.000000
vt 1.000000 1.000000
vt 1.000000 0.000000
vt 0.000000 1.000000
vt 1.000000 1.000000
vt 0.000000 0.000000
vt 1.000000 0.000000
vt 0.000000 1.000000
vt 0.000000 0.000000
vt 1.000000 1.000000
vt 0.000000 1.000000
vt 1.000000 0.000000
vt 0.000000 0.000000
vt 1.000000 1.000000
vt 1.000000 0.000000
vt 0.000000 1.000000
vt 1.000000 1.000000
vt 0.000000 0.000000
vt 1.000000 0.000000
vt 0.000000 1.000000
vt 0.000000 0.000000
vt 1.000000 1.000000
vt 0.000000 1.000000
vt 1.000000 0.000000
vt 0.000000 0.000000
vt 1.000000 1.000000
vt 1.000000 0.000000
vt 0.000000 1.000000
vt 1.000000 1.000000
vt 0.000000 0.000000
vt 1.000000 0.000000
vt 0.000000 1.000000
vt 0.000000 0.000000
vt 1.000000 1.000000
vt 0.000000 1.000000
vt 1.000000 0.000000
vt 0.000000 0.000000
vt 1.000000 1.000000
vt 1.000000 0.000000
vt 0.000000 1.000000
vt 1.000000 1.000000
vt 0.000000 0.000000
vt 1.000000 0.000000
vt 0.000000 1.000000
vt 0.000000 0.000000
vt 1.000000 1.000000
vt 0.000000 1.000000
vt 1.000000 0.000000
vt 0.000000 0.000000
vt 1.000000 1.000000
vt 1.000000 0.000000
vt 0.000000 1.000000
vt 1.000000 1.000000
vt 0.000000 0.000000
vt 1.000000 0.000000
vt 0.000000 1.000000
vt 0.000000 0.000000
vt 1.000000 1.000000
vt 0.000000 1.000000
vt 1.000000 0.000000
vt 0.000000 0.000000
vt 1.000000 1.000000
vt 1.000000 0.000000
vt 0.000000 1.000000
vt 1.000000 1.000000
vt 0.000000 0.000000
vt 1.000000 0.000000
vt 0.000000 1.000000
vt 0.000000 0.000000
vt 1.000000 1.000000
vt 0.000000 1.000000
vt 1.000000 0.000000
vt 0.000000 0.000000
vt 1.000000 1.000000
vt 1.000000 0.000000
vt 0.000000 1.000000
vt 1.000000 1.000000
vt 0.000000 0.000000
vt 1.000000 0.000000
vt 0.000000 1.000000
vt 0.000000 0.000000
vt 1.000000 1.000000
vt 0.000000 1.000000
vt 1.000000 0.000000
vt 1.000000 0.000000
vt 0.000000 1.000000
vt 0.000000 0.000000
vt 1.000000 1.000000
vt 0.000000 1.000000
vt 1.000000 0.000000
vt 0.000000 0.000000
vt 1.000000 1.000000
vt 1.000000 0.000000
vt 0.000000 1.000000
vt 1.000000 1.000000
vt 0.000000 0.000000
vt 1.000000 0.000000
vt 0.000000 1.000000
vt 0.000000 0.000000
vt 1.000000 1.000000
vt 0.000000 1.000000
vt 1.000000 0.000000
vt 0.000000 0.000000
vt 1.000000 1.000000
vt 1.000000 0.000000
vt 0.000000 1.000000
vt 1.000000 1.000000
vt 0.000000 0.000000
vt 1.000000 0.000000
vt 0.000000 1.000000
vt 0.000000 0.000000
vt 1.000000 1.000000
vt 0.000000 1.000000
vt 1.000000 0.000000
vt 0.000000 0.000000
vt 1.000000 1.000000
vt 1.000000 0.000000
vt 0.000000 1.000000
vt 1.000000 1.000000
vt 0.000000 0.000000
vt 1.000000 0.000000
vt 0.000000 1.000000
vt 0.000000 0.000000
vt 1.000000 1.000000
vt 0.000000 1.000000
vt 1.000000 0.000000
vt 0.000000 0.000000
vt 1.000000 1.000000
vt 1.000000 0.000000
vt 0.000000 1.000000
vt 1.000000 1.000000
vt 0.000000 0.000000
vt 1.000000 0.000000
vt 0.000000 1.000000
vt 0.000000 0.000000
vt 1.000000 1.000000
vt 0.000000 1.000000
vt 1.000000 0.000000
vt 0.000000 0.000000
vt 1.000000 1.000000
vt 1.000000 0.000000
vt 0.000000 1.000000
vt 1.000000 1.000000
vt 0.000000 0.000000
vt 1.000000 0.000000
vt 0.000000 1.000000
vt 0.000000 0.000000
vt 1.000000 1.000000
vt 0.000000 1.000000
vt 1.000000 0.000000
vt 0.000000 0.000000
vt 1.000000 1.000000
vt 1.000000 0.000000
vt 0.000000 1.000000
vt 1.000000 1.000000
vt 0.000000 0.000000
vt 1.000000 0.000000
vt 0.000000 1.000000
vt 0.000000 0.000000
vt 1.000000 1.000000
vt 0.000000 1.000000
vt 1.000000 0.000000
vt 0.000000 0.000000
vt 1.000000 1.000000
vt 1.000000 0.000000
vt 0.000000 1.000000
vt 1.000000 1.000000
vt 0.000000 0.000000
vt 1.000000 0.000000
vt 0.000000 1.000000
vt 0.000000 0.000000
vt 1.000000 1.000000
vt 0.000000 1.000000
vt 1.000000 0.000000
vt 0.000000 0.000000
vt 1.000000 1.000000
vt 1.000000 0.000000
vt 0.000000 1.000000
vt 1.000000 1.000000
vt 0.000000 0.000000
vt 1.000000 0.000000
vt 0.000000 1.000000
vt 0.000000 0.000000
vt 1.000000 1.000000
vt 0.000000 1.000000
vt 1.000000 0.000000
vt 0.000000 0.000000
vt 1.000000 1.000000
vt 1.000000 0.000000
vt 0.000000 1.000000
vt 1.000000 1.000000
vt 0.000000 0.000000
vt 1.000000 0.000000
vt 0.000000 1.000000
vt 0.000000 0.000000
vt 1.000000 1.000000
vt 0.000000 1.000000
vt 1.000000 0.000000
vt 0.000000 0.000000
vt 1.000000 1.000000
vt 1.000000 0.000000
vt 0.000000 1.000000
vt 1.000000 1.000000
vt 0.000000 0.000000
vt 1.000000 0.000000
vt 0.000000 1.000000
vt 0.000000 0.000000
vt 1.000000 1.000000
vt 0.000000 1.000000
vt 1.000000 0.000000
vt 0.000000 0.000000
vt 1.000000 1.000000
vt 1.000000 0.000000
vt 0.000000 1.000000
vt 1.000000 1.000000
vt 0.000000 0.000000
vt 0.000000 0.000000
vt 1.000000 1.000000
vt 1.000000 0.000000
vt 0.000000 1.000000
vt 1.000000 1.000000
vt 0.000000 0.000000
vt 0.000000 0.000000
vt 1.000000 1.000000
vt 1.000000 0.000000
vt 0.000000 1.000000
vt 1.000000 1.000000
vt 0.000000 0.000000
vt 1.000000 0.000000
vt 0.000000 1.000000
vt 0.000000 0.000000
vt 1.000000 1.000000
vt 0.000000 1.000000
vt 1.000000 0.000000
vt 0.000000 0.000000
vt 1.000000 1.000000
vt 1.000000 0.000000
vt 0.000000 1.000000
vt 1.000000 1.000000
vt 0.000000 0.000000
vt 1.000000 0.000000
vt 0.000000 1.000000
vt 0.000000 0.000000
vt 1.000000 1.000000
vt 0.000000 1.000000
vt 1.000000 0.000000
vt 0.000000 0.000000
vt 1.000000 1.000000
vt 1.000000 0.000000
vt 0.000000 1.000000
vt 1.000000 1.000000
vt 0.000000 0.000000
vt 1.000000 0.000000
vt 0.000000 1.000000
vt 0.000000 0.000000
vt 1.000000 1.000000
vt 0.000000 1.000000
vt 1.000000 0.000000
vt 0.000000 0.000000
vt 1.000000 1.000000
vt 1.000000 0.000000
vt 0.000000 1.000000
vt 1.000000 1.000000
vt 0.000000 0.000000
vt 1.000000 0.000000
vt 0.000000 1.000000
vt 0.000000 0.000000
vt 1.000000 1.000000
vt 0.000000 1.000000
vt 1.000000 0.000000
vt 0.000000 0.000000
vt 1.000000 1.000000
vt 1.000000 0.000000
vt 0.000000 1.000000
vt 1.000000 1.000000
vt 0.000000 0.000000
vt 1.000000 0.000000
vt 0.000000 1.000000
vt 0.000000 0.000000
vt 1.000000 1.000000
vt 0.000000 1.000000
vt 1.000000 0.000000
vt 0.000000 0.000000
vt 1.000000 1.000000
vt 1.000000 0.000000
vt 0.000000 1.000000
vt 1.000000 1.000000
vt 0.000000 0.000000
vt 1.000000 0.000000
vt 0.000000 1.000000
vt 0.000000 0.000000
vt 1.000000 1.000000
vt 0.000000 1.000000
vt 1.000000 0.000000
vt 0.000000 0.000000
vt 1.000000 1.000000
vt 1.000000 0.000000
vt 0.000000 1.000000
vt 1.000000 1.000000
vt 0.000000 0.000000
vt 1.000000 0.000000
vt 0.000000 1.000000
vt 0.000000 0.000000
vt 1.000000 1.000000
vt 0.000000 1.000000
vt 1.000000 0.000000
vt 0.000000 0.000000
vt 1.000000 1.000000
vt 1.000000 0.000000
vt 0.000000 1.000000
vt 1.000000 1.000000
vt 0.000000 0.000000
vt 1.000000 0.000000
vt 0.000000 1.000000
vt 0.000000 0.000000
vt 1.000000 1.000000
vt 0.000000 1.000000
vt 1.000000 0.000000
vt 0.000000 0.000000
vt 1.000000 1.000000
vt 1.000000 0.000000
vt 0.000000 1.000000
vt 1.000000 1.000000
vt 0.000000 0.000000
vt 1.000000 0.000000
vt 0.000000 1.000000
vt 0.000000 0.000000
vt 1.000000 1.000000
vt 0.000000 1.000000
vt 1.000000 0.000000
vt 0.000000 0.000000
vt 1.000000 1.000000
vt 1.000000 0.000000
vt 0.000000 1.000000
vt 1.000000 1.000000
vt 0.000000 0.000000
vt 1.000000 0.000000
vt 0.000000 1.000000
vt 0.000000 0.000000
vt 1.000000 1.000000
vt 0.000000 1.000000
vt 1.000000 0.000000
vt 0.000000 0.000000
vt 1.000000 1.000000
vt 1.000000 0.000000
vt 0.000000 1.000000
vt 1.000000 1.000000
vt 0.000000 0.000000
vt 1.000000 0.000000
vt 0.000000 1.000000
vt 0.000000 0.000000
vt 1.000000 1.000000
vt 0.000000 1.000000
vt 1.000000 0.000000
vt 0.000000 0.000000
vt 1.000000 1.000000
vt 1.000000 0.000000
vt 0.000000 1.000000
vt 1.000000 1.000000
vt 0.000000 0.000000
vt 1.000000 0.000000
vt 0.000000 1.000000
vt 0.000000 0.000000
vt 1.000000 1.000000
vt 0.000000 1.000000
vt 1.000000 0.000000
vt 0.000000 0.000000
vt 1.000000 1.000000
vt 1.000000 0.000000
vt 0.000000 1.000000
vt 1.000000 1.000000
vt 0.000000 0.000000
vt 1.000000 0.000000
vt 0.000000 1.000000
vt 0.000000 0.000000
vt 1.000000 1.000000
vt 0.000000 1.000000
vt 1.000000 0.000000
vt 0.000000 0.000000
vt 1.000000 1.000000
vt 1.000000 0.000000
vt 0.000000 1.000000
vt 1.000000 1.000000
vt 0.000000 0.000000
vt 1.000000 0.000000
vt 0.000000 1.000000
vt 0.000000 0.000000
vt 1.000000 1.000000
vt 0.000000 1.000000
vt 1.000000 0.000000
vt 0.000000 0.000000
vt 1.000000 1.000000
vt 1.000000 0.000000
vt 0.000000 1.000000
vt 1.000000 1.000000
vt 0.000000 0.000000
vt 0.000000 0.000000
vt 1.000000 1.000000
vt 1.000000 0.000000
vt 0.000000 1.000000
vt 1.000000 1.000000
vt 0.000000 0.000000
vt 1.000000 0.000000
vt 0.000000 1.000000
vt 0.000000 0.000000
vt 1.000000 1.000000
vt 0.000000 1.000000
vt 1.000000 0.000000
vt 0.000000 0.000000
vt 1.000000 1.000000
vt 1.000000 0.000000
vt 0.000000 1.000000
vt 1.000000 1.000000
vt 0.000000 0.000000
vt 1.000000 0.000000
vt 0.000000 1.000000
vt 0.000000 0.000000
vt 1.000000 1.000000
vt 0.000000 1.000000
vt 1.000000 0.000000
vt 0.000000 0.000000
vt 1.000000 1.000000
vt 1.000000 0.000000
vt 0.000000 1.000000
vt 1.000000 1.000000
vt 0.000000 0.000000
vt 1.000000 0.000000
vt 0.000000 1.000000
vt 0.000000 0.000000
vt 1.000000 1.000000
vt 0.000000 1.000000
vt 1.000000 0.000000
vt 0.000000 0.000000
vt 1.000000 1.000000
vt 1.000000 0.000000
vt 0.000000 1.000000
vt 1.000000 1.000000
vt 0.000000 0.000000
vt 1.000000 0.000000
vt 0.000000 1.000000
vt 0.000000 0.000000
vt 1.000000 1.000000
vt 0.000000 1.000000
vt 1.000000 0.000000
vt 0.000000 0.000000
vt 1.000000 1.000000
vt 1.000000 0.000000
vt 0.000000 1.000000
vt 1.000000 1.000000
vt 0.000000 0.000000
vt 1.000000 0.000000
vt 0.000000 1.000000
vt 0.000000 0.000000
vt 1.000000 1.000000
vt 0.000000 1.000000
vt 1.000000 0.000000
vt 0.000000 0.000000
vt 1.000000 1.000000
vt 1.000000 0.000000
vt 0.000000 1.000000
vt 1.000000 1.000000
vt 0.000000 0.000000
vt 1.000000 0.000000
vt 0.000000 1.000000
vt 0.000000 0.000000
vt 1.000000 1.000000
vt 0.000000 1.000000
vt 1.000000 0.000000
vt 0.000000 0.000000
vt 1.000000 1.000000
vt 1.000000 0.000000
vt 0.000000 1.000000
vt 1.000000 1.000000
vt 0.000000 0.000000
vt 1.000000 0.000000
vt 0.000000 1.000000
vt 0.000000 0.000000
vt 1.000000 1.000000
vt 0.000000 1.000000
vt 1.000000 0.000000
vt 0.000000 0.000000
vt 1.000000 1.000000
vt 1.000000 0.000000
vt 0.000000 1.000000
vt 1.000000 1.000000
vt 0.000000 0.000000
vt 1.000000 0.000000
vt 0.000000 1.000000
vt 0.000000 0.000000
vt 1.000000 1.000000
vt 0.000000 1.000000
vt 1.000000 0.000000
vt 0.000000 0.000000
vt 1.000000 1.000000
vt 1.000000 0.000000
vt 0.000000 1.000000
vt 1.000000 1.000000
vt 0.000000 0.000000
vt 1.000000 0.000000
vt 0.000000 1.000000
vt 0.000000 0.000000
vt 1.000000 1.000000
vt 0.000000 1.000000
vt 1.000000 0.000000
vt 0.000000 0.000000
vt 1.000000 1.000000
vt 1.000000 0.000000
vt 0.000000 1.000000
vt 1.000000 1.000000
vt 0.000000 0.000000
vt 1.000000 0.000000
vt 0.000000 1.000000
vt 0.000000 0.000000
vt 1.000000 1.000000
vt 0.000000 1.000000
vt 1.000000 0.000000
vt 1.000000 0.000000
vt 0.000000 1.000000
vt 0.000000 0.000000
vt 1.000000 1.000000
vt 0.000000 1.000000
vt 1.000000 0.000000
vt 0.000000 0.000000
vt 1.000000 1.000000
vt 1.000000 0.000000
vt 0.000000 1.000000
vt 1.000000 1.000000
vt 0.000000 0.000000
vt 1.000000 0.000000
vt 0.000000 1.000000
vt 0.000000 0.000000
vt 1.000000 1.000000
vt 0.000000 1.000000
vt 1.000000 0.000000
vt 0.000000 0.000000
vt 1.000000 1.000000
vt 1.000000 0.000000
vt 0.000000 1.000000
vt 1.000000 1.000000
vt 0.000000 0.000000
vt 1.000000 0.000000
vt 0.000000 1.000000
vt 0.000000 0.000000
vt 1.000000 1.000000
vt 0.000000 1.000000
vt 1.000000 0.000000
vt 0.000000 0.000000
vt 1.000000 1.000000
vt 1.000000 0.000000
vt 0.000000 1.000000
vt 1.000000 1.000000
vt 0.000000 0.000000
vt 1.000000 0.000000
vt 0.000000 1.000000
vt 0.000000 0.000000
vt 1.000000 1.000000
vt 0.000000 1.000000
vt 1.000000 0.000000
vt 0.000000 0.000000
vt 1.000000 1.000000
vt 1.000000 0.000000
vt 0.000000 1.000000
vt 1.000000 1.000000
vt 0.000000 0.000000
vt 1.000000 0.000000
vt 0.000000 1.000000
vt 0.000000 0.000000
vt 1.000000 1.000000
vt 0.000000 1.000000
vt 1.000000 0.000000
vt 0.000000 0.000000
vt 1.000000 1.000000
vt 1.000000 0.000000
vt 0.000000 1.000000
vt 1.000000 1.000000
vt 0.000000 0.000000
vt 1.000000 0.000000
vt 0.000000 1.000000
vt 0.000000 0.000000
vt 1.000000 1.000000
vt 0.000000 1.000000
vt 1.000000 0.000000
vt 0.000000 0.000000
vt 1.000000 1.000000
vt 1.000000 0.000000
vt 0.000000 1.000000
vt 1.000000 1.000000
vt 0.000000 0.000000
vt 1.000000 0.000000
vt 0.000000 1.000000
vt 0.000000 0.000000
vt 1.000000 1.000000
vt 0.000000 1.000000
vt 1.000000 0.000000
vt 0.000000 0.000000
vt 1.000000 1.000000
vt 1.000000 0.000000
vt 0.000000 1.000000
vt 1.000000 1.000000
vt 0.000000 0.000000
vt 0.000000 0.000000
vt 1.000000 1.000000
vt 1.000000 0.000000
vt 0.000000 1.000000
vt 1.000000 1.000000
vt 0.000000 0.000000
vt 1.000000 0.000000
vt 0.000000 1.000000
vt 0.000000 0.000000
vt 1.000000 1.000000
vt 0.000000 1.000000
vt 1.000000 0.000000
vt 0.000000 0.000000
vt 1.000000 1.000000
vt 1.000000 0.000000
vt 0.000000 1.000000
vt 1.000000 1.000000
vt 0.000000 0.000000
vt 1.000000 0.000000
vt 0.000000 1.000000
vt 0.000000 0.000000
vt 1.000000 1.000000
vt 0.000000 1.000000
vt 1.000000 0.000000
vt 0.000000 0.000000
vt 1.000000 1.000000
vt 1.000000 0.000000
vt 0.000000 1.000000
vt 1.000000 1.000000
vt 0.000000 0.000000
vt 1.000000 0.000000
vt 0.000000 1.000000
vt 0.000000 0.000000
vt 1.000000 1.000000
vt 0.000000 1.000000
vt 1.000000 0.000000
vt 0.000000 0.000000
vt 1.000000 1.000000
vt 1.000000 0.000000
vt 0.000000 1.000000
vt 1.000000 1.000000
vt 0.000000 0.000000
vt 1.000000 0.000000
vt 0.000000 1.000000
vt 0.000000 0.000000
vt 1.000000 1.000000
vt 0.000000 1.000000
vt 1.000000 0.000000
vt 0.000000 0.000000
vt 1.000000 1.000000
vt 1.000000 0.000000
vt 0.000000 1.000000
vt 1.000000 1.000000
vt 0.000000 0.000000
vt 1.000000 0.000000
vt 0.000000 1.000000
vt 0.000000 0.000000
vt 1.000000 1.000000
vt 0.000000 1.000000
vt 1.000000 0.000000
vt 0.000000 0.000000
vt 1.000000 1.000000
vt 1.000000 0.000000
vt 0.000000 1.000000
vt 1.000000 1.000000
vt 0.000000 0.000000
vt 1.000000 0.000000
vt 0.000000 1.000000
vt 0.000000 0.000000
vt 1.000000 1.000000
vt 0.000000 1.000000
vt 1.000000 0.000000
vt 0.000000 0.000000
vt 1.000000 1.000000
vt 1.000000 0.000000
vt 0.000000 1.000000
vt 1.000000 1.000000
vt 0.000000 0.000000
vt 1.000000 0.000000
vt 0.000000 1.000000
vt 0.000000 0.000000
vt 1.000000 1.000000
vt 0.000000 1.000000
vt 1.000000 0.000000
vt 0.000000 0.000000
vt 1.000000 1.000000
vt 1.000000 0.000000
vt 0.000000 1.000000
vt 1.000000 1.000000
vt 0.000000 0.000000
vt 1.000000 0.000000
vt 0.000000 1.000000
vt 0.000000 0.000000
vt 1.000000 1.000000
vt 0.000000 1.000000
vt 1.000000 0.000000
vt 0.000000 0.000000
vt 1.000000 1.000000
vt 1.000000 0.000000
vt 0.000000 1.000000
vt 1.000000 1.000000
vt 0.000000 0.000000
vt 1.000000 0.000000
vt 0.000000 1.000000
vt 0.000000 0.000000
vt 1.000000 1.000000
vt 0.000000 1.000000
vt 1.000000 0.000000
vt 0.000000 0.000000
vt 1.000000 1.000000
vt 1.000000 0.000000
vt 0.000000 1.000000
vt 1.000000 1.000000
vt 0.000000 0.000000
vt 1.000000 0.000000
vt 0.000000 1.000000
vt 0.000000 0.000000
vt 1.000000 1.000000
vt 0.000000 1.000000
vt 1.000000 0.000000
vt 0.000000 0.000000
vt 1.000000 1.000000
vt 1.000000 0.000000
vt 0.000000 1.000000
vt 1.000000 1.000000
vt 0.000000 0.000000
vt 1.000000 0.000000
vt 0.000000 1.000000
vt 0.000000 0.000000
vt 1.000000 1.000000
vt 0.000000 1.000000
vt 1.000000 0.000000
vt 0.000000 0.000000
vt 1.000000 1.000000
vt 1.000000 0.000000
vt 0.000000 1.000000
vt 1.000000 1.000000
vt 0.000000 0.000000
vt 1.000000 0.000000
vt 0.000000 1.000000
vt 0.000000 0.000000
vt 1.000000 1.000000
vt 0.000000 1.000000
vt 1.000000 0.000000
vt 0.000000 0.000000
vt 1.000000 1.000000
vt 1.000000 0.000000
vt 0.000000 1.000000
vt 1.000000 1.000000
vt 0.000000 0.000000
vt 1.000000 0.000000
vt 0.000000 1.000000
vt 0.000000 0.000000
vt 1.000000 1.000000
vt 0.000000 1.000000
vt 1.000000 0.000000
vt 0.000000 0.000000
vt 1.000000 1.000000
vt 1.000000 0.000000
vt 0.000000 1.000000
vt 1.000000 1.000000
vt 0.000000 0.000000
vt 1.000000 0.000000
vt 0.000000 1.000000
vt 0.000000 0.000000
vt 1.000000 1.000000
vt 0.000000 1.000000
vt 1.000000 0.000000
vt 0.000000 0.000000
vt 1.000000 1.000000
vt 1.000000 0.000000
vt 0.000000 1.000000
vt 1.000000 1.000000
vt 0.000000 0.000000
vt 1.000000 0.000000
vt 0.000000 1.000000
vt 0.000000 0.000000
vt 1.000000 1.000000
vt 0.000000 1.000000
vt 1.000000 0.000000
vt 0.000000 0.000000
vt 1.000000 1.000000
vt 1.000000 0.000000
vt 0.000000 1.000000
vt 1.000000 1.000000
vt 0.000000 0.000000
vt 1.000000 0.000000
vt 0.000000 1.000000
vt 0.000000 0.000000
vt 1.000000 1.000000
vt 0.000000 1.000000
vt 1.000000 0.000000
vt 0.000000 0.000000
vt 1.000000 1.000000
vt 1.000000 0.000000
vt 0.000000 1.000000
vt 1.000000 1.000000
vt 0.000000 0.000000
vt 1.000000 0.000000
vt 0.000000 1.000000
vt 0.000000 0.000000
vt 1.000000 1.000000
vt 0.000000 1.000000
vt 1.000000 0.000000
vt 0.000000 0.000000
vt 1.000000 1.000000
vt 1.000000 0.000000
vt 0.000000 1.000000
vt 1.000000 1.000000
vt 0.000000 0.000000
vt 1.000000 0.000000
vt 0.000000 1.000000
vt 0.000000 0.000000
vt 1.000000 1.000000
vt 0.000000 1.000000
vt 1.000000 0.000000
vt 0.000000 0.000000
vt 1.000000 1.000000
vt 1.000000 0.000000
vt 0.000000 1.000000
vt 1.000000 1.000000
vt 0.000000 0.000000
vt 1.000000 0.000000
vt 0.000000 1.000000
vt 0.000000 0.000000
vt 1.000000 1.000000
vt 0.000000 1.000000
vt 1.000000 0.000000
vt 0.000000 0.000000
vt 1.000000 1.000000
vt 1.000000 0.000000
vt 0.000000 1.000000
vt 1.000000 1.000000
vt 0.000000 0.000000
vt 1.000000 0.000000
vt 0.000000 1.000000
vt 0.000000 0.000000
vt 1.000000 1.000000
vt 0.000000 1.000000
vt 1.000000 0.000000
vt 0.000000 0.000000
vt 1.000000 1.000000
vt 1.000000 0.000000
vt 0.000000 1.000000
vt 1.000000 1.000000
vt 0.000000 0.000000
vt 1.000000 0.000000
vt 0.000000 1.000000
vt 0.000000 0.000000
vt 1.000000 1.000000
vt 0.000000 1.000000
vt 1.000000 0.000000
vt 0.000000 0.000000
vt 1.000000 1.000000
vt 1.000000 0.000000
vt 0.000000 1.000000
vt 1.000000 1.000000
vt 0.000000 0.000000
vt 1.000000 0.000000
vt 0.000000 1.000000
vt 0.000000 0.000000
vt 1.000000 1.000000
vt 0.000000 1.000000
vt 1.000000 0.000000
vt 0.000000 0.000000
vt 1.000000 1.000000
vt 1.000000 0.000000
vt 0.000000 1.000000
vt 1.000000 1.000000
vt 0.000000 0.000000
vt 1.000000 0.000000
vt 0.000000 1.000000
vt 0.000000 0.000000
vt 1.000000 1.000000
vt 0.000000 1.000000
vt 1.000000 0.000000
vt 1.000000 0.000000
vt 0.000000 1.000000
vt 0.000000 0.000000
vt 1.000000 1.000000
vt 0.000000 1.000000
vt 1.000000 0.000000
vt 0.000000 0.000000
vt 1.000000 1.000000
vt 1.000000 0.000000
vt 0.000000 1.000000
vt 1.000000 1.000000
vt 0.000000 0.000000
vt 1.000000 0.000000
vt 0.000000 1.000000
vt 0.000000 0.000000
vt 1.000000 1.000000
vt 0.000000 1.000000
vt 1.000000 0.000000
vt 0.000000 0.000000
vt 1.000000 1.000000
vt 1.000000 0.000000
vt 0.000000 1.000000
vt 1.000000 1.000000
vt 0.000000 0.000000
vt 1.000000 0.000000
vt 0.000000 1.000000
vt 0.000000 0.000000
vt 1.000000 1.000000
vt 0.000000 1.000000
vt 1.000000 0.000000
vt 0.000000 0.000000
vt 1.000000 1.000000
vt 1.000000 0.000000
vt 0.000000 1.000000
vt 1.000000 1.000000
vt 0.000000 0.000000
vt 1.000000 0.000000
vt 0.000000 1.000000
vt 0.000000 0.000000
vt 1.000000 1.000000
vt 0.000000 1.000000
vt 1.000000 0.000000
vt 0.000000 0.000000
vt 1.000000 1.000000
vt 1.000000 0.000000
vt 0.000000 1.000000
vt 1.000000 1.000000
vt 0.000000 0.000000
f 2101/2101/2101 2102/2102/2102 2103/2103/2103
f 2104/2104/2104 2105/2105/2105 2106/2106/2106
f 2107/2107/2107 2108/2108/2108 2109/2109/2109
f 2110/2110/2110 2111/2111/2111 2112/2112/2112
f 2113/2113/2113 2114/2114/2114 2115/2115/2115
f 2116/2116/2116 2117/2117/2117 2118/2118/2118
f 2119/2119/2119 2120/2120/2120 2121/2121/2121
f 2122/2122/2122 2123/2123/2123 2124/2124/2124
f 2125/2125/2125 2126/2126/2126 2127/2127/2127
f 2128/2128/2128 2129/2129/2129 2130/2130/2130
f 2131/2131/2131 2132/2132/2132 2133/2133/2133
f 2134/2134/2134 2135/2135/2135 2136/2136/2136
f 2137/2137/2137 2138/2138/2138 2139/2139/2139
f 2140/2140/2140 2141/2141/2141 2142/2142/2142
f 2143/2143/2143 2144/2144/2144 2145/2145/2145
f 2146/2146/2146 2147/2147/2147 2148/2148/2148
f 2149/2149/2149 2150/2150/2150 2151/2151/2151
f 2152/2152/2152 2153/2153/2153 2154/2154/2154
f 2155/2155/2155 2156/2156/2156 2157/2157/2157
f 2158/2158/2158 2159/2159/2159 2160/2160/2160
f 2161/2161/2161 2162/2162/2162 2163/2163/2163
f 2164/2164/2164 2165/2165/2165 2166/2166/2166
f 2167/2167/2167 2168/2168/2168 2169/2169/2169
f 2170/2170/2170 2171/2171/2171 2172/2172/2172
f 2173/2173/2173 2174/2174/2174 2175/2175/2175
f 2176/2176/2176 2177/2177/2177 2178/2178/2178
f 2179/2179/2179 2180/2180/2180 2181/2181/2181
f 2182/2182/2182 2183/2183/2183 2184/2184/2184
f 2185/2185/2185 2186/2186/2186 2187/2187/2187
f 2188/2188/2188 2189/2189/2189 2190/2190/2190
f 2191/2191/2191 2192/2192/2192 2193/2193/2193
f 2194/2194/2194 2195/2195/2195 2196/2196/2196
f 2197/2197/2197 2198/2198/2198 2199/2199/2199
f 2200/2200/2200 2201/2201/2201 2202/2202/2202
f 2203/2203/2203 2204/2204/2204 2205/2205/2205
f 2206/2206/2206 2207/2207/2207 2208/2208/2208
f 2209/2209/2209 2210/2210/2210 2211/2211/2211
f 2212/2212/2212 2213/2213/2213 2214/2214/2214
f 2215/2215/2215 2216/2216/2216 2217/2217/2217
f 2218/2218/2218 2219/2219/2219 2220/2220/2220
f 2221/2221/2221 2222/2222/2222 2223/2223/2223
f 2224/2224/2224 2225/2225/2225 2226/2226/2226
f 2227/2227/2227 2228/2228/2228 2229/2229/2229
f 2230/2230/2230 2231/2231/2231 2232/2232/2232
f 2233/2233/2233 2234/2234/2234 2235/2235/2235
f 2236/2236/2236 2237/2237/2237 2238/2238/2238
f 2239/2239/2239 2240/2240/2240 2241/2241/2241
f 2242/2242/2242 2243/2243/2243 2244/2244/2244
f 2245/2245/2245 2246/2246/2246 2247/2247/2247
f 2248/2248/2248 2249/2249/2249 2250/2250/2250
f 2251/2251/2251 2252/2252/2252 2253/2253/2253
f 2254/2254/2254 2255/2255/2255 2256/2256/2256
f 2257/2257/2257 2258/2258/2258 2259/2259/2259
f 2260/2260/2260 2261/2261/2261 2262/2262/2262
f 2263/2263/2263 2264/2264/2264 2265/2265/2265
f 2266/2266/2266 2267/2267/2267 2268/2268/2268
f 2269/2269/2269 2270/2270/2270 2271/2271/2271
f 2272/2272/2272 2273/2273/2273 2274/2274/2274
f 2275/2275/2275 2276/2276/2276 2277/2277/2277
f 2278/2278/2278 2279/2279/2279 2280/2280/2280
f 2281/2281/2281 2282/2282/2282 2283/2283/2283
f 2284/2284/2284 2285/2285/2285 2286/2286/2286
f 2287/2287/2287 2288/2288/2288 2289/2289/2289
f 2290/2290/2290 2291/2291/2291 2292/2292/2292
f 2293/2293/2293 2294/2294/2294 2295/2295/2295
f 2296/2296/2296 2297/2297/2297 2298/2298/2298
f 2299/2299/2299 2300/2300/2300 2301/2301/2301
f 2302/2302/2302 2303/2303/2303 2304/2304/2304
f 2305/2305/2305 2306/2306/2306 2307/2307/2307
f 2308/2308/2308 2309/2309/2309 2310/2310/2310
f 2311/2311/2311 2312/2312/2312 2313/2313/2313
f 2314/2314/2314 2315/2315/2315 2316/2316/2316
f 2317/2317/2317 2318/2318/2318 2319/2319/2319
f 2320/2320/2320 2321/2321/2321 2322/2322/2322
f 2323/2323/2323 2324/2324/2324 2325/2325/2325
f 2326/2326/2326 2327/2327/2327 2328/2328/2328
f 2329/2329/2329 2330/2330/2330 2331/2331/2331
f 2332/2332/2332 2333/2333/2333 2334/2334/2334
f 2335/2335/2335 2336/2336/2336 2337/2337/2337
f 2338/2338/2338 2339/2339/2339 2340/2340/2340
f 2341/2341/2341 2342/2342/2342 2343/2343/2343
f 2344/2344/2344 2345/2345/2345 2346/2346/2346
f 2347/2347/2347 2348/2348/2348 2349/2349/2349
f 2350/2350/2350 2351/2351/2351 2352/2352/2352
f 2353/2353/2353 2354/2354/2354 2355/2355/2355
f 2356/2356/2356 2357/2357/2357 2358/2358/2358
f 2359/2359/2359 2360/2360/2360 2361/2361/2361
f 2362/2362/2362 2363/2363/2363 2364/2364/2364
f 2365/2365/2365 2366/2366/2366 2367/2367/2367
f 2368/2368/2368 2369/2369/2369 2370/2370/2370
f 2371/2371/2371 2372/2372/2372 2373/2373/2373
f 2374/2374/2374 2375/2375/2375 2376/2376/2376
f 2377/2377/2377 2378/2378/2378 2379/2379/2379
f 2380/2380/2380 2381/2381/2381 2382/2382/2382
f 2383/2383/2383 2384/2384/2384 2385/2385/2385
f 2386/2386/2386 2387/2387/2387 2388/2388/2388
f 2389/2389/2389 2390/2390/2390 2391/2391/2391
f 2392/2392/2392 2393/2393/2393 2394/2394/2394
f 2395/2395/2395 2396/2396/2396 2397/2397/2397
f 2398/2398/2398 2399/2399/2399 2400/2400/2400
f 2401/2401/2401 2402/2402/2402 2403/2403/2403
f 2404/2404/2404 2405/2405/2405 2406/2406/2406
f 2407/2407/2407 2408/2408/2408 2409/2409/2409
f 2410/2410/2410 2411/2411/2411 2412/2412/2412
f 2413/2413/2413 2414/2414/2414 2415/2415/2415
f 2416/2416/2416 2417/2417/2417 2418/2418/2418
f 2419/2419/2419 2420/2420/2420 2421/2421/2421
f 2422/2422/2422 2423/2423/2423 2424/2424/2424
f 2425/2425/2425 2426/2426/2426 2427/2427/2427
f 2428/2428/2428 2429/2429/2429 2430/2430/2430
f 2431/2431/2431 2432/2432/2432 2433/2433/2433
f 2434/2434/2434 2435/2435/2435 2436/2436/2436
f 2437/2437/2437 2438/2438/2438 2439/2439/2439
f 2440/2440/2440 2441/2441/2441 2442/2442/2442
f 2443/2443/2443 2444/2444/2444 2445/2445/2445
f 2446/2446/2446 2447/2447/2447 2448/2448/2448
f 2449/2449/2449 2450/2450/2450 2451/2451/2451
f 2452/2452/2452 2453/2453/2453 2454/2454/2454
f 2455/2455/2455 2456/2456/2456 2457/2457/2457
f 2458/2458/2458 2459/2459/2459 2460/2460/2460
f 2461/2461/2461 2462/2462/2462 2463/2463/2463
f 2464/2464/2464 2465/2465/2465 2466/2466/2466
f 2467/2467/2467 2468/2468/2468 2469/2469/2469
f 2470/2470/2470 2471/2471/2471 2472/2472/2472
f 2473/2473/2473 2474/2474/2474 2475/2475/2475
f 2476/2476/2476 2477/2477/2477 2478/2478/2478
f 2479/2479/2479 2480/2480/2480 2481/2481/2481
f 2482/2482/2482 2483/2483/2483 2484/2484/2484
f 2485/2485/2485 2486/2486/2486 2487/2487/2487
f 2488/2488/2488 2489/2489/2489 2490/2490/2490
f 2491/2491/2491 2492/2492/2492 2493/2493/2493
f 2494/2494/2494 2495/2495/2495 2496/2496/2496
f 2497/2497/2497 2498/2498/2498 2499/2499/2499
f 2500/2500/2500 2501/2501/2501 2502/2502/2502
f 2503/2503/2503 2504/2504/2504 2505/2505/2505
f 2506/2506/2506 2507/2507/2507 2508/2508/2508
f 2509/2509/2509 2510/2510/2510 2511/2511/2511
f 2512/2512/2512 2513/2513/2513 2514/2514/2514
f 2515/2515/2515 2516/2516/2516 2517/2517/2517
f 2518/2518/2518 2519/2519/2519 2520/2520/2520
f 2521/2521/2521 2522/2522/2522 2523/2523/2523
f 2524/2524/2524 2525/2525/2525 2526/2526/2526
f 2527/2527/2527 2528/2528/2528 2529/2529/2529
f 2530/2530/2530 2531/2531/2531 2532/2532/2532
f 2533/2533/2533 2534/2534/2534 2535/2535/2535
f 2536/2536/2536 2537/2537/2537 2538/2538/2538
f 2539/2539/2539 2540/2540/2540 2541/2541/2541
f 2542/2542/2542 2543/2543/2543 2544/2544/2544
f 2545/2545/2545 2546/2546/2546 2547/2547/2547
f 2548/2548/2548 2549/2549/2549 2550/2550/2550
f 2551/2551/2551 2552/2552/2552 2553/2553/2553
f 2554/2554/2554 2555/2555/2555 2556/2556/2556
f 2557/2557/2557 2558/2558/2558 2559/2559/2559
f 2560/2560/2560 2561/2561/2561 2562/2562/2562
f 2563/2563/2563 2564/2564/2564 2565/2565/2565
f 2566/2566/2566 2567/2567/2567 2568/2568/2568
f 2569/2569/2569 2570/2570/2570 2571/2571/2571
f 2572/2572/2572 2573/2573/2573 2574/2574/2574
f 2575/2575/2575 2576/2576/2576 2577/2577/2577
f 2578/2578/2578 2579/2579/2579 2580/2580/2580
f 2581/2581/2581 2582/2582/2582 2583/2583/2583
f 2584/2584/2584 2585/2585/2585 2586/2586/2586
f 2587/2587/2587 2588/2588/2588 2589/2589/2589
f 2590/2590/2590 2591/2591/2591 2592/2592/2592
f 2593/2593/2593 2594/2594/2594 2595/2595/2595
f 2596/2596/2596 2597/2597/2597 2598/2598/2598
f 2599/2599/2599 2600/2600/2600 2601/2601/2601
f 2602/2602/2602 2603/2603/2603 2604/2604/2604
f 2605/2605/2605 2606/2606/2606 2607/2607/2607
f 2608/2608/2608 2609/2609/2609 2610/2610/2610
f 2611/2611/2611 2612/2612/2612 2613/2613/2613
f 2614/2614/2614 2615/2615/2615 2616/2616/2616
f 2617/2617/2617 2618/2618/2618 2619/2619/2619
f 2620/2620/2620 2621/2621/2621 2622/2622/2622
f 2623/2623/2623 2624/2624/2624 2625/2625/2625
f 2626/2626/2626 2627/2627/2627 2628/2628/2628
f 2629/2629/2629 2630/2630/2630 2631/2631/2631
f 2632/2632/2632 2633/2633/2633 2634/2634/2634
f 2635/2635/2635 2636/2636/2636 2637/2637/2637
f 2638/2638/2638 2639/2639/2639 2640/2640/2640
f 2641/2641/2641 2642/2642/2642 2643/2643/2643
f 2644/2644/2644 2645/2645/2645 2646/2646/2646
f 2647/2647/2647 2648/2648/2648 2649/2649/2649
f 2650/2650/2650 2651/2651/2651 2652/2652/2652
f 2653/2653/2653 2654/2654/2654 2655/2655/2655
f 2656/2656/2656 2657/2657/2657 2658/2658/2658
f 2659/2659/2659 2660/2660/2660 2661/2661/2661
f 2662/2662/2662 2663/2663/2663 2664/2664/2664
f 2665/2665/2665 2666/2666/2666 2667/2667/2667
f 2668/2668/2668 2669/2669/2669 2670/2670/2670
f 2671/2671/2671 2672/2672/2672 2673/2673/2673
f 2674/2674/2674 2675/2675/2675 2676/2676/2676
f 2677/2677/2677 2678/2678/2678 2679/2679/2679
f 2680/2680/2680 2681/2681/2681 2682/2682/2682
f 2683/2683/2683 2684/2684/2684 2685/2685/2685
f 2686/2686/2686 2687/2687/2687 2688/2688/2688
f 2689/2689/2689 2690/2690/2690 2691/2691/2691
f 2692/2692/2692 2693/2693/2693 2694/2694/2694
f 2695/2695/2695 2696/2696/2696 2697/2697/2697
f 2698/2698/2698 2699/2699/2699 2700/2700/2700
f 2701/2701/2701 2702/2702/2702 2703/2703/2703
f 2704/2704/2704 2705/2705/2705 2706/2706/2706
f 2707/2707/2707 2708/2708/2708 2709/2709/2709
f 2710/2710/2710 2711/2711/2711 2712/2712/2712
f 2713/2713/2713 2714/2714/2714 2715/2715/2715
f 2716/2716/2716 2717/2717/2717 2718/2718/2718
f 2719/2719/2719 2720/2720/2720 2721/2721/2721
f 2722/2722/2722 2723/2723/2723 2724/2724/2724
f 2725/2725/2725 2726/2726/2726 2727/2727/2727
f 2728/2728/2728 2729/2729/2729 2730/2730/2730
f 2731/2731/2731 2732/2732/2732 2733/2733/2733
f 2734/2734/2734 2735/2735/2735 2736/2736/2736
f 2737/2737/2737 2738/2738/2738 2739/2739/2739
f 2740/2740/2740 2741/2741/2741 2742/2742/2742
f 2743/2743/2743 2744/2744/2744 2745/2745/2745
f 2746/2746/2746 2747/2747/2747 2748/2748/2748
f 2749/2749/2749 2750/2750/2750 2751/2751/2751
f 2752/2752/2752 2753/2753/2753 2754/2754/2754
f 2755/2755/2755 2756/2756/2756 2757/2757/2757
f 2758/2758/2758 2759/2759/2759 2760/2760/2760
f 2761/2761/2761 2762/2762/2762 2763/2763/2763
f 2764/2764/2764 2765/2765/2765 2766/2766/2766
f 2767/2767/2767 2768/2768/2768 2769/2769/2769
f 2770/2770/2770 2771/2771/2771 2772/2772/2772
f 2773/2773/2773 2774/2774/2774 2775/2775/2775
f 2776/2776/2776 2777/2777/2777 2778/2778/2778
f 2779/2779/2779 2780/2780/2780 2781/2781/2781
f 2782/2782/2782 2783/2783/2783 2784/2784/2784
f 2785/2785/2785 2786/2786/2786 2787/2787/2787
f 2788/2788/2788 2789/2789/2789 2790/2790/2790
f 2791/2791/2791 2792/2792/2792 2793/2793/2793
f 2794/2794/2794 2795/2795/2795 2796/2796/2796
f 2797/2797/2797 2798/2798/2798 2799/2799/2799
f 2800/2800/2800 2801/2801/2801 2802/2802/2802
f 2803/2803/2803 2804/2804/2804 2805/2805/2805
f 2806/2806/2806 2807/2807/2807 2808/2808/2808
f 2809/2809/2809 2810/2810/2810 2811/2811/2811
f 2812/2812/2812 2813/2813/2813 2814/2814/2814
f 2815/2815/2815 2816/2816/2816 2817/2817/2817
f 2818/2818/2818 2819/2819/2819 2820/2820/2820
f 2821/2821/2821 2822/2822/2822 2823/2823/2823
f 2824/2824/2824 2825/2825/2825 2826/2826/2826
f 2827/2827/2827 2828/2828/2828 2829/2829/2829
f 2830/2830/2830 2831/2831/2831 2832/2832/2832
f 2833/2833/2833 2834/2834/2834 2835/2835/2835
f 2836/2836/2836 2837/2837/2837 2838/2838/2838
f 2839/2839/2839 2840/2840/2840 2841/2841/2841
f 2842/2842/2842 2843/2843/2843 2844/2844/2844
f 2845/2845/2845 2846/2846/2846 2847/2847/2847
f 2848/2848/2848 2849/2849/2849 2850/2850/2850
f 2851/2851/2851 2852/2852/2852 2853/2853/2853
f 2854/2854/2854 2855/2855/2855 2856/2856/2856
f 2857/2857/2857 2858/2858/2858 2859/2859/2859
f 2860/2860/2860 2861/2861/2861 2862/2862/2862
f 2863/2863/2863 2864/2864/2864 2865/2865/2865
f 2866/2866/2866 2867/2867/2867 2868/2868/2868
f 2869/2869/2869 2870/2870/2870 2871/2871/2871
f 2872/2872/2872 2873/2873/2873 2874/2874/2874
f 2875/2875/2875 2876/2876/2876 2877/2877/2877
f 2878/2878/2878 2879/2879/2879 2880/2880/2880
f 2881/2881/2881 2882/2882/2882 2883/2883/2883
f 2884/2884/2884 2885/2885/2885 2886/2886/2886
f 2887/2887/2887 2888/2888/2888 2889/2889/2889
f 2890/2890/2890 2891/2891/2891 2892/2892/2892
f 2893/2893/2893 2894/2894/2894 2895/2895/2895
f 2896/2896/2896 2897/2897/2897 2898/2898/2898
f 2899/2899/2899 2900/2900/2900 2901/2901/2901
f 2902/2902/2902 2903/2903/2903 2904/2904/2904
f 2905/2905/2905 2906/2906/2906 2907/2907/2907
f 2908/2908/2908 2909/2909/2909 2910/2910/2910
f 2911/2911/2911 2912/2912/2912 2913/2913/2913
f 2914/2914/2914 2915/2915/2915 2916/2916/2916
f 2917/2917/2917 2918/2918/2918 2919/2919/2919
f 2920/2920/2920 2921/2921/2921 2922/2922/2922
f 2923/2923/2923 2924/2924/2924 2925/2925/2925
f 2926/2926/2926 2927/2927/2927 2928/2928/2928
f 2929/2929/2929 2930/2930/2930 2931/2931/2931
f 2932/2932/2932 2933/2933/2933 2934/2934/2934
f 2935/2935/2935 2936/2936/2936 2937/2937/2937
f 2938/2938/2938 2939/2939/2939 2940/2940/2940
f 2941/2941/2941 2942/2942/2942 2943/2943/2943
f 2944/2944/2944 2945/2945/2945 2946/2946/2946
f 2947/2947/2947 2948/2948/2948 2949/2949/2949
f 2950/2950/2950 2951/2951/2951 2952/2952/2952
f 2953/2953/2953 2954/2954/2954 2955/2955/2955
f 2956/2956/2956 2957/2957/2957 2958/2958/2958
f 2959/2959/2959 2960/2960/2960 2961/2961/2961
f 2962/2962/2962 2963/2963/2963 2964/2964/2964
f 2965/2965/2965 2966/2966/2966 2967/2967/2967
f 2968/2968/2968 2969/2969/2969 2970/2970/2970
f 2971/2971/2971 2972/2972/2972 2973/2973/2973
f 2974/2974/2974 2975/2975/2975 2976/2976/2976
f 2977/2977/2977 2978/2978/2978 2979/2979/2979
f 2980/2980/2980 2981/2981/2981 2982/2982/2982
f 2983/2983/2983 2984/2984/2984 2985/2985/2985
f 2986/2986/2986 2987/2987/2987 2988/2988/2988
f 2989/2989/2989 2990/2990/2990 2991/2991/2991
f 2992/2992/2992 2993/2993/2993 2994/2994/2994
f 2995/2995/2995 2996/2996/2996 2997/2997/2997
f 2998/2998/2998 2999/2999/2999 3000/3000/3000
f 3001/3001/3001 3002/3002/3002 3003/3003/3003
f 3004/3004/3004 3005/3005/3005 3006/3006/3006
f 3007/3007/3007 3008/3008/3008 3009/3009/3009
f 3010/3010/3010 3011/3011/3011 3012/3012/3012
f 3013/3013/3013 3014/3014/3014 3015/3015/3015
f 3016/3016/3016 3017/3017/3017 3018/3018/3018
f 3019/3019/3019 3020/3020/3020 3021/3021/3021
f 3022/3022/3022 3023/3023/3023 3024/3024/3024
f 3025/3025/3025 3026/3026/3026 3027/3027/3027
f 3028/3028/3028 3029/3029/3029 3030/3030/3030
f 3031/3031/3031 3032/3032/3032 3033/3033/3033
f 3034/3034/3034 3035/3035/3035 3036/3036/3036
f 3037/3037/3037 3038/3038/3038 3039/3039/3039
f 3040/3040/3040 3041/3041/3041 3042/3042/3042
f 3043/3043/3043 3044/3044/3044 3045/3045/3045
f 3046/3046/3046 3047/3047/3047 3048/3048/3048
f 3049/3049/3049 3050/3050/3050 3051/3051/3051
f 3052/3052/3052 3053/3053/3053 3054/3054/3054
f 3055/3055/3055 3056/3056/3056 3057/3057/3057
f 3058/3058/3058 3059/3059/3059 3060/3060/3060
f 3061/3061/3061 3062/3062/3062 3063/3063/3063
f 3064/3064/3064 3065/3065/3065 3066/3066/3066
f 3067/3067/3067 3068/3068/3068 3069/3069/3069
f 3070/3070/3070 3071/3071/3071 3072/3072/3072
f 3073/3073/3073 3074/3074/3074 3075/3075/3075
f 3076/3076/3076 3077/3077/3077 3078/3078/3078
f 3079/3079/3079 3080/3080/3080 3081/3081/3081
f 3082/3082/3082 3083/3083/3083 3084/3084/3084
f 3085/3085/3085 3086/3086/3086 3087/3087/3087
f 3088/3088/3088 3089/3089/3089 3090/3090/3090
f 3091/3091/3091 3092/3092/3092 3093/3093/3093
f 3094/3094/3094 3095/3095/3095 3096/3096/3096
f 3097/3097/3097 3098/3098/3098 3099/3099/3099
f 3100/3100/3100 3101/3101/3101 3102/3102/3102
f 3103/3103/3103 3104/3104/3104 3105/3105/3105
f 3106/3106/3106 3107/3107/3107 3108/3108/3108
f 3109/3109/3109 3110/3110/3110 3111/3111/3111
f 3112/3112/3112 3113/3113/3113 3114/3114/3114
f 3115/3115/3115 3116/3116/3116 3117/3117/3117
f 3118/3118/3118 3119/3119/3119 3120/3120/3120
f 3121/3121/3121 3122/3122/3122 3123/3123/3123
f 3124/3124/3124 3125/3125/3125 3126/3126/3126
f 3127/3127/3127 3128/3128/3128 3129/3129/3129
f 3130/3130/3130 3131/3131/3131 3132/3132/3132
f 3133/3133/3133 3134/3134/3134 3135/3135/3135
f 3136/3136/3136 3137/3137/3137 3138/3138/3138
f 3139/3139/3139 3140/3140/3140 3141/3141/3141
f 3142/3142/3142 3143/3143/3143 3144/3144/3144
f 3145/3145/3145 3146/3146/3146 3147/3147/3147
f 3148/3148/3148 3149/3149/3149 3150/3150/3150
f 3151/3151/3151 3152/3152/3152 3153/3153/3153
f 3154/3154/3154 3155/3155/3155 3156/3156/3156
f 3157/3157/3157 3158/3158/3158 3159/3159/3159
f 3160/3160/3160 3161/3161/3161 3162/3162/3162
f 3163/3163/3163 3164/3164/3164 3165/3165/3165
f 3166/3166/3166 3167/3167/3167 3168/3168/3168
f 3169/3169/3169 3170/3170/3170 3171/3171/3171
f 3172/3172/3172 3173/3173/3173 3174/3174/3174
f 3175/3175/3175 3176/3176/3176 3177/3177/3177
f 3178/3178/3178 3179/3179/3179 3180/3180/3180
f 3181/3181/3181 3182/3182/3182 3183/3183/3183
f 3184/3184/3184 3185/3185/3185 3186/3186/3186
f 3187/3187/3187 3188/3188/3188 3189/3189/3189
f 3190/3190/3190 3191/3191/3191 3192/3192/3192
f 3193/3193/3193 3194/3194/3194 3195/3195/3195
f 3196/3196/3196 3197/3197/3197 3198/3198/3198
f 3199/3199/3199 3200/3200/3200 3201/3201/3201
f 3202/3202/3202 3203/3203/3203 3204/3204/3204
f 3205/3205/3205 3206/3206/3206 3207/3207/3207
f 3208/3208/3208 3209/3209/3209 3210/3210/3210
f 3211/3211/3211 3212/3212/3212 3213/3213/3213
f 3214/3214/3214 3215/3215/3215 3216/3216/3216
f 3217/3217/3217 3218/3218/3218 3219/3219/3219
f 3220/3220/3220 3221/3221/3221 3222/3222/3222
f 3223/3223/3223 3224/3224/3224 3225/3225/3225
f 3226/3226/3226 3227/3227/3227 3228/3228/3228
f 3229/3229/3229 3230/3230/3230 3231/3231/3231
f 3232/3232/3232 3233/3233/3233 3234/3234/3234
f 3235/3235/3235 3236/3236/3236 3237/3237/3237
f 3238/3238/3238 3239/3239/3239 3240/3240/3240
f 3241/3241/3241 3242/3242/3242 3243/3243/3243
f 3244/3244/3244 3245/3245/3245 3246/3246/3246
f 3247/3247/3247 3248/3248/3248 3249/3249/3249
f 3250/3250/3250 3251/3251/3251 3252/3252/3252
f 3253/3253/3253 3254/3254/3254 3255/3255/3255
f 3256/3256/3256 3257/3257/3257 3258/3258/3258
f 3259/3259/3259 3260/3260/3260 3261/3261/3261
f 3262/3262/3262 3263/3263/3263 3264/3264/3264
f 3265/3265/3265 3266/3266/3266 3267/3267/3267
f 3268/3268/3268 3269/3269/3269 3270/3270/3270
f 3271/3271/3271 3272/3272/3272 3273/3273/3273
f 3274/3274/3274 3275/3275/3275 3276/3276/3276
f 3277/3277/3277 3278/3278/3278 3279/3279/3279
f 3280/3280/3280 3281/3281/3281 3282/3282/3282
f 3283/3283/3283 3284/3284/3284 3285/3285/3285
f 3286/3286/3286 3287/3287/3287 3288/3288/3288
f 3289/3289/3289 3290/3290/3290 3291/3291/3291
f 3292/3292/3292 3293/3293/3293 3294/3294/3294
f 3295/3295/3295 3296/3296/3296 3297/3297/3297
f 3298/3298/3298 3299/3299/3299 3300/3300/3300
f 3301/3301/3301 3302/3302/3302 3303/3303/3303
f 3304/3304/3304 3305/3305/3305 3306/3306/3306
f 3307/3307/3307 3308/3308/3308 3309/3309/3309
f 3310/3310/3310 3311/3311/3311 3312/3312/3312
f 3313/3313/3313 3314/3314/3314 3315/3315/3315
f 3316/3316/3316 3317/3317/3317 3318/3318/3318
f 3319/3319/3319 3320/3320/3320 3321/3321/3321
f 3322/3322/3322 3323/3323/3323 3324/3324/3324
f 3325/3325/3325 3326/3326/3326 3327/3327/3327
f 3328/3328/3328 3329/3329/3329 3330/3330/3330
f 3331/3331/3331 3332/3332/3332 3333/3333/3333
f 3334/3334/3334 3335/3335/3335 3336/3336/3336
f 3337/3337/3337 3338/3338/3338 3339/3339/3339
f 3340/3340/3340 3341/3341/3341 3342/3342/3342
f 3343/3343/3343 3344/3344/3344 3345/3345/3345
f 3346/3346/3346 3347/3347/3347 3348/3348/3348
f 3349/3349/3349 3350/3350/3350 3351/3351/3351
f 3352/3352/3352 3353/3353/3353 3354/3354/3354
f 3355/3355/3355 3356/3356/3356 3357/3357/3357
f 3358/3358/3358 3359/3359/3359 3360/3360/3360
f 3361/3361/3361 3362/3362/3362 3363/3363/3363
f 3364/3364/3364 3365/3365/3365 3366/3366/3366
f 3367/3367/3367 3368/3368/3368 3369/3369/3369
f 3370/3370/3370 3371/3371/3371 3372/3372/3372
f 3373/3373/3373 3374/3374/3374 3375/3375/3375
f 3376/3376/3376 3377/3377/3377 3378/3378/3378
f 3379/3379/3379 3380/3380/3380 3381/3381/3381
f 3382/3382/3382 3383/3383/3383 3384/3384/3384
f 3385/3385/3385 3386/3386/3386 3387/3387/3387
f 3388/3388/3388 3389/3389/3389 3390/3390/3390
f 3391/3391/3391 3392/3392/3392 3393/3393/3393
f 3394/3394/3394 3395/3395/3395 3396/3396/3396
f 3397/3397/3397 3398/3398/3398 3399/3399/3399
f 3400/3400/3400 3401/3401/3401 3402/3402/3402
f 3403/3403/3403 3404/3404/3404 3405/3405/3405
f 3406/3406/3406 3407/3407/3407 3408/3408/3408
f 3409/3409/3409 3410/3410/3410 3411/3411/3411
f 3412/3412/3412 3413/3413/3413 3414/3414/3414
f 3415/3415/3415 3416/3416/3416 3417/3417/3417
f 3418/3418/3418 3419/3419/3419 3420/3420/3420
f 3421/3421/3421 3422/3422/3422 3423/3423/3423
f 3424/3424/3424 3425/3425/3425 3426/3426/3426
f 3427/3427/3427 3428/3428/3428 3429/3429/3429
f 3430/3430/3430 3431/3431/3431 3432/3432/3432
f 3433/3433/3433 3434/3434/3434 3435/3435/3435
f 3436/3436/3436 3437/3437/3437 3438/3438/3438
f 3439/3439/3439 3440/3440/3440 3441/3441/3441
f 3442/3442/3442 3443/3443/3443 3444/3444/3444
f 3445/3445/3445 3446/3446/3446 3447/3447/3447
f 3448/3448/3448 3449/3449/3449 3450/3450/3450
f 3451/3451/3451 3452/3452/3452 3453/3453/3453
f 3454/3454/3454 3455/3455/3455 3456/3456/3456
f 3457/3457/3457 3458/3458/3458 3459/3459/3459
f 3460/3460/3460 3461/3461/3461 3462/3462/3462
f 3463/3463/3463 3464/3464/3464 3465/3465/3465
f 3466/3466/3466 3467/3467/3467 3468/3468/3468
f 3469/3469/3469 3470/3470/3470 3471/3471/3471
f 3472/3472/3472 3473/3473/3473 3474/3474/3474
f 3475/3475/3475 3476/3476/3476 3477/3477/3477
f 3478/3478/3478 3479/3479/3479 3480/3480/3480
f 3481/3481/3481 3482/3482/3482 3483/3483/3483
f 3484/3484/3484 3485/3485/3485 3486/3486/3486
f 3487/3487/3487 3488/3488/3488 3489/3489/3489
f 3490/3490/3490 3491/3491/3491 3492/3492/3492
f 3493/3493/3493 3494/3494/3494 3495/3495/3495
f 3496/3496/3496 3497/3497/3497 3498/3498/3498
f 3499/3499/3499 3500/3500/3500 3501/3501/3501
f 3502/3502/3502 3503/3503/3503 3504/3504/3504
f 3505/3505/3505 3506/3506/3506 3507/3507/3507
f 3508/3508/3508 3509/3509/3509 3510/3510/3510
f 3511/3511/3511 3512/3512/3512 3513/3513/3513
f 3514/3514/3514 3515/3515/3515 3516/3516/3516
f 3517/3517/3517 3518/3518/3518 3519/3519/3519
f 3520/3520/3520 3521/3521/3521 3522/3522/3522
f 3523/3523/3523 3524/3524/3524 3525/3525/3525
f 3526/3526/3526 3527/3527/3527 3528/3528/3528
f 3529/3529/3529 3530/3530/3530 3531/3531/3531
f 3532/3532/3532 3533/3533/3533 3534/3534/3534
f 3535/3535/3535 3536/3536/3536 3537/3537/3537
f 3538/3538/3538 3539/3539/3539 3540/3540/3540
f 3541/3541/3541 3542/3542/3542 3543/3543/3543
f 3544/3544/3544 3545/3545/3545 3546/3546/3546
f 3547/3547/3547 3548/3548/3548 3549/3549/3549
f 3550/3550/3550 3551/3551/3551 3552/3552/3552
f 3553/3553/3553 3554/3554/3554 3555/3555/3555
f 3556/3556/3556 3557/3557/3557 3558/3558/3558
f 3559/3559/3559 3560/3560/3560 3561/3561/3561
f 3562/3562/3562 3563/3563/3563 3564/3564/3564
f 3565/3565/3565 3566/3566/3566 3567/3567/3567
f 3568/3568/3568 3569/3569/3569 3570/3570/3570
f 3571/3571/3571 3572/3572/3572 3573/3573/3573
f 3574/3574/3574 3575/3575/3575 3576/3576/3576
f 3577/3577/3577 3578/3578/3578 3579/3579/3579
f 3580/3580/3580 3581/3581/3581 3582/3582/3582
f 3583/3583/3583 3584/3584/3584 3585/3585/3585
f 3586/3586/3586 3587/3587/3587 3588/3588/3588
f 3589/3589/3589 3590/3590/3590 3591/3591/3591
f 3592/3592/3592 3593/3593/3593 3594/3594/3594
f 3595/3595/3595 3596/3596/3596 3597/3597/3597
f 3598/3598/3598 3599/3599/3599 3600/3600/3600
f 3601/3601/3601 3602/3602/3602 3603/3603/3603
f 3604/3604/3604 3605/3605/3605 3606/3606/3606
f 3607/3607/3607 3608/3608/3608 3609/3609/3609
f 3610/3610/3610 3611/3611/3611 3612/3612/3612
f 3613/3613/3613 3614/3614/3614 3615/3615/3615
f 3616/3616/3616 3617/3617/3617 3618/3618/3618
f 3619/3619/3619 3620/3620/3620 3621/3621/3621
f 3622/3622/3622 3623/3623/3623 3624/3624/3624
f 3625/3625/3625 3626/3626/3626 3627/3627/3627
f 3628/3628/3628 3629/3629/3629 3630/3630/3630
f 3631/3631/3631 3632/3632/3632 3633/3633/3633
f 3634/3634/3634 3635/3635/3635 3636/3636/3636
f 3637/3637/3637 3638/3638/3638 3639/3639/3639
f 3640/3640/3640 3641/3641/3641 3642/3642/3642
f 3643/3643/3643 3644/3644/3644 3645/3645/3645
f 3646/3646/3646 3647/3647/3647 3648/3648/3648
f 3649/3649/3649 3650/3650/3650 3651/3651/3651
f 3652/3652/3652 3653/3653/3653 3654/3654/3654
f 3655/3655/3655 3656/3656/3656 3657/3657/3657
f 3658/3658/3658 3659/3659/3659 3660/3660/3660
f 3661/3661/3661 3662/3662/3662 3663/3663/3663
f 3664/3664/3664 3665/3665/3665 3666/3666/3666
f 3667/3667/3667 3668/3668/3668 3669/3669/3669
f 3670/3670/3670 3671/3671/3671 3672/3672/3672
f 3673/3673/3673 3674/3674/3674 3675/3675/3675
f 3676/3676/3676 3677/3677/3677 3678/3678/3678
f 3679/3679/3679 3680/3680/3680 3681/3681/3681
f 3682/3682/3682 3683/3683/3683 3684/3684/3684
f 3685/3685/3685 3686/3686/3686 3687/3687/3687
f 3688/3688/3688 3689/3689/3689 3690/3690/3690
f 3691/3691/3691 3692/3692/3692 3693/3693/3693
f 3694/3694/3694 3695/3695/3695 3696/3696/3696
f 3697/3697/3697 3698/3698/3698 3699/3699/3699
f 3700/3700/3700 3701/3701/3701 3702/3702/3702
f 3703/3703/3703 3704/3704/3704 3705/3705/3705
f 3706/3706/3706 3707/3707/3707 3708/3708/3708
f 3709/3709/3709 3710/3710/3710 3711/3711/3711
f 3712/3712/3712 3713/3713/3713 3714/3714/3714
f 3715/3715/3715 3716/3716/3716 3717/3717/3717
f 3718/3718/3718 3719/3719/3719 3720/3720/3720
f 3721/3721/3721 3722/3722/3722 3723/3723/3723
f 3724/3724/3724 3725/3725/3725 3726/3726/3726
f 3727/3727/3727 3728/3728/3728 3729/3729/3729
f 3730/3730/3730 3731/3731/3731 3732/3732/3732
f 3733/3733/3733 3734/3734/3734 3735/3735/3735
f 3736/3736/3736 3737/3737/3737 3738/3738/3738
f 3739/3739/3739 3740/3740/3740 3741/3741/3741
f 3742/3742/3742 3743/3743/3743 3744/3744/3744
f 3745/3745/3745 3746/3746/3746 3747/3747/3747
f 3748/3748/3748 3749/3749/3749 3750/3750/3750
f 3751/3751/3751 3752/3752/3752 3753/3753/3753
f 3754/3754/3754 3755/3755/3755 3756/3756/3756
f 3757/3757/3757 3758/3758/3758 3759/3759/3759
f 3760/3760/3760 3761/3761/3761 3762/3762/3762
f 3763/3763/3763 3764/3764/3764 3765/3765/3765
f 3766/3766/3766 3767/3767/3767 3768/3768/3768
f 3769/3769/3769 3770/3770/3770 3771/3771/3771
f 3772/3772/3772 3773/3773/3773 3774/3774/3774
f 3775/3775/3775 3776/3776/3776 3777/3777/3777
f 3778/3778/3778 3779/3779/3779 3780/3780/3780
f 3781/3781/3781 3782/3782/3782 3783/3783/3783
f 3784/3784/3784 3785/3785/3785 3786/3786/3786
f 3787/3787/3787 3788/3788/3788 3789/3789/3789
f 3790/3790/3790 3791/3791/3791 3792/3792/3792
f 3793/3793/3793 3794/3794/3794 3795/3795/3795
f 3796/3796/3796 3797/3797/3797 3798/3798/3798
f 3799/3799/3799 3800/3800/3800 3801/3801/3801
f 3802/3802/3802 3803/3803/3803 3804/3804/3804
f 3805/3805/3805 3806/3806/3806 3807/3807/3807
f 3808/3808/3808 3809/3809/3809 3810/3810/3810
f 3811/3811/3811 3812/3812/3812 3813/3813/3813
f 3814/3814/3814 3815/3815/3815 3816/3816/3816
f 3817/3817/3817 3818/3818/3818 3819/3819/3819
f 3820/3820/3820 3821/3821/3821 3822/3822/3822
f 3823/3823/3823 3824/3824/3824 3825/3825/3825
f 3826/3826/3826 3827/3827/3827 3828/3828/3828
f 3829/3829/3829 3830/3830/3830 3831/3831/3831
f 3832/3832/3832 3833/3833/3833 3834/3834/3834
f 3835/3835/3835 3836/3836/3836 3837/3837/3837
f 3838/3838/3838 3839/3839/3839 3840/3840/3840
f 3841/3841/3841 3842/3842/3842 3843/3843/3843
f 3844/3844/3844 3845/3845/3845 3846/3846/3846
f 3847/3847/3847 3848/3848/3848 3849/3849/3849
f 3850/3850/3850 3851/3851/3851 3852/3852/3852
f 3853/3853/3853 3854/3854/3854 3855/3855/3855
f 3856/3856/3856 3857/3857/3857 3858/3858/3858
f 3859/3859/3859 3860/3860/3860 3861/3861/3861
f 3862/3862/3862 3863/3863/3863 3864/3864/3864
f 3865/3865/3865 3866/3866/3866 3867/3867/3867
f 3868/3868/3868 3869/3869/3869 3870/3870/3870
f 3871/3871/3871 3872/3872/3872 3873/3873/3873
f 3874/3874/3874 3875/3875/3875 3876/3876/3876
f 3877/3877/3877 3878/3878/3878 3879/3879/3879
f 3880/3880/3880 3881/3881/3881 3882/3882/3882
f 3883/3883/3883 3884/3884/3884 3885/3885/3885
f 3886/3886/3886 3887/3887/3887 3888/3888/3888
f 3889/3889/3889 3890/3890/3890 3891/3891/3891
f 3892/3892/3892 3893/3893/3893 3894/3894/3894
f 3895/3895/3895 3896/3896/3896 3897/3897/3897
f 3898/3898/3898 3899/3899/3899 3900/3900/3900
f 3901/3901/3901 3902/3902/3902 3903/3903/3903
f 3904/3904/3904 3905/3905/3905 3906/3906/3906
f 3907/3907/3907 3908/3908/3908 3909/3909/3909
f 3910/3910/3910 3911/3911/3911 3912/3912/3912
f 3913/3913/3913 3914/3914/3914 3915/3915/3915
f 3916/3916/3916 3917/3917/3917 3918/3918/3918
f 3919/3919/3919 3920/3920/3920 3921/3921/3921
f 3922/3922/3922 3923/3923/3923 3924/3924/3924
f 3925/3925/3925 3926/3926/3926 3927/3927/3927
f 3928/3928/3928 3929/3929/3929 3930/3930/3930
f 3931/3931/3931 3932/3932/3932 3933/3933/3933
f 3934/3934/3934 3935/3935/3935 3936/3936/3936
f 3937/3937/3937 3938/3938/3938 3939/3939/3939
f 3940/3940/3940 3941/3941/3941 3942/3942/3942
f 3943/3943/3943 3944/3944/3944 3945/3945/3945
f 3946/3946/3946 3947/3947/3947 3948/3948/3948
f 3949/3949/3949 3950/3950/3950 3951/3951/3951
f 3952/3952/3952 3953/3953/3953 3954/3954/3954
f 3955/3955/3955 3956/3956/3956 3957/3957/3957
f 3958/3958/3958 3959/3959/3959 3960/3960/3960
f 3961/3961/3961 3962/3962/3962 3963/3963/3963
f 3964/3964/3964 3965/3965/3965 3966/3966/3966
f 3967/3967/3967 3968/3968/3968 3969/3969/3969
f 3970/3970/3970 3971/3971/3971 3972/3972/3972
f 3973/3973/3973 3974/3974/3974 3975/3975/3975
f 3976/3976/3976 3977/3977/3977 3978/3978/3978
f 3979/3979/3979 3980/3980/3980 3981/3981/3981
f 3982/3982/3982 3983/3983/3983 3984/3984/3984
f 3985/3985/3985 3986/3986/3986 3987/3987/3987
f 3988/3988/3988 3989/3989/3989 3990/3990/3990
f 3991/3991/3991 3992/3992/3992 3993/3993/3993
f 3994/3994/3994 3995/3995/3995 3996/3996/3996
f 3997/3997/3997 3998/3998/3998 3999/3999/3999
f 4000/4000/4000 4001/4001/4001 4002/4002/4002
f 4003/4003/4003 4004/4004/4004 4005/4005/4005
f 4006/4006/4006 4007/4007/4007 4008/4008/4008
f 4009/4009/4009 4010/4010/4010 4011/4011/4011
f 4012/4012/4012 4013/4013/4013 4014/4014/4014
f 4015/4015/4015 4016/4016/4016 4017/4017/4017
f 4018/4018/4018 4019/4019/4019 4020/4020/4020
f 4021/4021/4021 4022/4022/4022 4023/4023/4023
f 4024/4024/4024 4025/4025/4025 4026/4026/4026
f 4027/4027/4027 4028/4028/4028 4029/4029/4029
f 4030/4030/4030 4031/4031/4031 4032/4032/4032
f 4033/4033/4033 4034/4034/4034 4035/4035/4035
f 4036/4036/4036 4037/4037/4037 4038/4038/4038
f 4039/4039/4039 4040/4040/4040 4041/4041/4041
f 4042/4042/4042 4043/4043/4043 4044/4044/4044
f 4045/4045/4045 4046/4046/4046 4047/4047/4047
f 4048/4048/4048 4049/4049/4049 4050/4050/4050
f 4051/4051/4051 4052/4052/4052 4053/4053/4053
f 4054/4054/4054 4055/4055/4055 4056/4056/4056
f 4057/4057/4057 4058/4058/4058 4059/4059/4059
f 4060/4060/4060 4061/4061/4061 4062/4062/4062
f 4063/4063/4063 4064/4064/4064 4065/4065/4065
f 4066/4066/4066 4067/4067/4067 4068/4068/4068
f 4069/4069/4069 4070/4070/4070 4071/4071/4071
f 4072/4072/4072 4073/4073/4073 4074/4074/4074
f 4075/4075/4075 4076/4076/4076 4077/4077/4077
f 4078/4078/4078 4079/4079/4079 4080/4080/4080
f 4081/4081/4081 4082/4082/4082 4083/4083/4083
f 4084/4084/4084 4085/4085/4085 4086/4086/4086
f 4087/4087/4087 4088/4088/4088 4089/4089/4089
f 4090/4090/4090 4091/4091/4091 4092/4092/4092
f 4093/4093/4093 4094/4094/4094 4095/4095/4095
f 4096/4096/4096 4097/4097/4097 4098/4098/4098
f 4099/4099/4099 4100/4100/4100 4101/4101/4101
f 4102/4102/4102 4103/4103/4103 4104/4104/4104
f 4105/4105/4105 4106/4106/4106 4107/4107/4107
f 4108/4108/4108 4109/4109/4109 4110/4110/4110
f 4111/4111/4111 4112/4112/4112 4113/4113/4113
f 4114/4114/4114 4115/4115/4115 4116/4116/4116
f 4117/4117/4117 4118/4118/4118 4119/4119/4119
f 4120/4120/4120 4121/4121/4121 4122/4122/4122
f 4123/4123/4123 4124/4124/4124 4125/4125/4125
f 4126/4126/4126 4127/4127/4127 4128/4128/4128
f 4129/4129/4129 4130/4130/4130 4131/4131/4131
f 4132/4132/4132 4133/4133/4133 4134/4134/4134
f 4135/4135/4135 4136/4136/4136 4137/4137/4137
f 4138/4138/4138 4139/4139/4139 4140/4140/4140
f 4141/4141/4141 4142/4142/4142 4143/4143/4143
f 4144/4144/4144 4145/4145/4145 4146/4146/4146
f 4147/4147/4147 4148/4148/4148 4149/4149/4149
f 4150/4150/4150 4151/4151/4151 4152/4152/4152
f 4153/4153/4153 4154/4154/4154 4155/4155/4155
f 4156/4156/4156 4157/4157/4157 4158/4158/4158
f 4159/4159/4159 4160/4160/4160 4161/4161/4161
f 4162/4162/4162 4163/4163/4163 4164/4164/4164
f 4165/4165/4165 4166/4166/4166 4167/4167/4167
f 4168/4168/4168 4169/4169/4169 4170/4170/4170
f 4171/4171/4171 4172/4172/4172 4173/4173/4173
f 4174/4174/4174 4175/4175/4175 4176/4176/4176
f 4177/4177/4177 4178/4178/4178 4179/4179/4179
f 4180/4180/4180 4181/4181/4181 4182/4182/4182
f 4183/4183/4183 4184/4184/4184 4185/4185/4185
f 4186/4186/4186 4187/4187/4187 4188/4188/4188
f 4189/4189/4189 4190/4190/4190 4191/4191/4191
f 4192/4192/4192 4193/4193/4193 4194/4194/4194
f 4195/4195/4195 4196/4196/4196 4197/4197/4197
f 4198/4198/4198 4199/4199/4199 4200/4200/4200
f 4201/4201/4201 4202/4202/4202 4203/4203/4203
f 4204/4204/4204 4205/4205/4205 4206/4206/4206
f 4207/4207/4207 4208/4208/4208 4209/4209/4209
f 4210/4210/4210 4211/4211/4211 4212/4212/4212
f 4213/4213/4213 4214/4214/4214 4215/4215/4215
f 4216/4216/4216 4217/4217/4217 4218/4218/4218
f 4219/4219/4219 4220/4220/4220 4221/4221/4221
f 4222/4222/4222 4223/4223/4223 4224/4224/4224
f 4225/4225/4225 4226/4226/4226 4227/4227/4227
f 4228/4228/4228 4229/4229/4229 4230/4230/4230
f 4231/4231/4231 4232/4232/4232 4233/4233/4233
f 4234/4234/4234 4235/4235/4235 4236/4236/4236
f 4237/4237/4237 4238/4238/4238 4239/4239/4239
f 4240/4240/4240 4241/4241/4241 4242/4242/4242
f 4243/4243/4243 4244/4244/4244 4245/4245/4245
f 4246/4246/4246 4247/4247/4247 4248/4248/4248
f 4249/4249/4249 4250/4250/4250 4251/4251/4251
f 4252/4252/4252 4253/4253/4253 4254/4254/4254
f 4255/4255/4255 4256/4256/4256 4257/4257/4257
f 4258/4258/4258 4259/4259/4259 4260/4260/4260
f 4261/4261/4261 4262/4262/4262 4263/4263/4263
f 4264/4264/4264 4265/4265/4265 4266/4266/4266
f 4267/4267/4267 4268/4268/4268 4269/4269/4269
f 4270/4270/4270 4271/4271/4271 4272/4272/4272
f 4273/4273/4273 4274/4274/4274 4275/4275/4275
f 4276/4276/4276 4277/4277/4277 4278/4278/4278
f 4279/4279/4279 4280/4280/4280 4281/4281/4281
f 4282/4282/4282 4283/4283/4283 4284/4284/4284
f 4285/4285/4285 4286/4286/4286 4287/4287/4287
f 4288/4288/4288 4289/4289/4289 4290/4290/4290
f 4291/4291/4291 4292/4292/4292 4293/4293/4293
f 4294/4294/4294 4295/4295/4295 4296/4296/4296
f 4297/4297/4297 4298/4298/4298 4299/4299/4299
f 4300/4300/4300 4301/4301/4301 4302/4302/4302
f 4303/4303/4303 4304/4304/4304 4305/4305/4305
f 4306/4306/4306 4307/4307/4307 4308/4308/4308
f 4309/4309/4309 4310/4310/4310 4311/4311/4311
f 4312/4312/4312 4313/4313/4313 4314/4314/4314
f 4315/4315/4315 4316/4316/4316 4317/4317/4317
f 4318/4318/4318 4319/4319/4319 4320/4320/4320
f 4321/4321/4321 4322/4322/4322 4323/4323/4323
f 4324/4324/4324 4325/4325/4325 4326/4326/4326
f 4327/4327/4327 4328/4328/4328 4329/4329/4329
f 4330/4330/4330 4331/4331/4331 4332/4332/4332
f 4333/4333/4333 4334/4334/4334 4335/4335/4335
f 4336/4336/4336 4337/4337/4337 4338/4338/4338
f 4339/4339/4339 4340/4340/4340 4341/4341/4341
f 4342/4342/4342 4343/4343/4343 4344/4344/4344
f 4345/4345/4345 4346/4346/4346 4347/4347/4347
f 4348/4348/4348 4349/4349/4349 4350/4350/4350
f 4351/4351/4351 4352/4352/4352 4353/4353/4353
f 4354/4354/4354 4355/4355/4355 4356/4356/4356
f 4357/4357/4357 4358/4358/4358 4359/4359/4359
f 4360/4360/4360 4361/4361/4361 4362/4362/4362
f 4363/4363/4363 4364/4364/4364 4365/4365/4365
f 4366/4366/4366 4367/4367/4367 4368/4368/4368
f 4369/4369/4369 4370/4370/4370 4371/4371/4371
f 4372/4372/4372 4373/4373/4373 4374/4374/4374
f 4375/4375/4375 4376/4376/4376 4377/4377/4377
f 4378/4378/4378 4379/4379/4379 4380/4380/4380
f 4381/4381/4381 4382/4382/4382 4383/4383/4383
f 4384/4384/4384 4385/4385/4385 4386/4386/4386
f 4387/4387/4387 4388/4388/4388 4389/4389/4389
f 4390/4390/4390 4391/4391/4391 4392/4392/4392
f 4393/4393/4393 4394/4394/4394 4395/4395/4395
f 4396/4396/4396 4397/4397/4397 4398/4398/4398
f 4399/4399/4399 4400/4400/4400 4401/4401/4401
f 4402/4402/4402 4403/4403/4403 4404/4404/4404
f 4405/4405/4405 4406/4406/4406 4407/4407/4407
f 4408/4408/4408 4409/4409/4409 4410/4410/4410
f 4411/4411/4411 4412/4412/4412 4413/4413/4413
f 4414/4414/4414 4415/4415/4415 4416/4416/4416
f 4417/4417/4417 4418/4418/4418 4419/4419/4419
f 4420/4420/4420 4421/4421/4421 4422/4422/4422
f 4423/4423/4423 4424/4424/4424 4425/4425/4425
f 4426/4426/4426 4427/4427/4427 4428/4428/4428
f 4429/4429/4429 4430/4430/4430 4431/4431/4431
f 4432/4432/4432 4433/4433/4433 4434/4434/4434
f 4435/4435/4435 4436/4436/4436 4437/4437/4437
f 4438/4438/4438 4439/4439/4439 4440/4440/4440
f 4441/4441/4441 4442/4442/4442 4443/4443/4443
f 4444/4444/4444 4445/4445/4445 4446/4446/4446
f 4447/4447/4447 4448/4448/4448 4449/4449/4449
f 4450/4450/4450 4451/4451/4451 4452/4452/4452
f 4453/4453/4453 4454/4454/4454 4455/4455/4455
f 4456/4456/4456 4457/4457/4457 4458/4458/4458
f 4459/4459/4459 4460/4460/4460 4461/4461/4461
f 4462/4462/4462 4463/4463/4463 4464/4464/4464
f 4465/4465/4465 4466/4466/4466 4467/4467/4467
f 4468/4468/4468 4469/4469/4469 4470/4470/4470
f 4471/4471/4471 4472/4472/4472 4473/4473/4473
f 4474/4474/4474 4475/4475/4475 4476/4476/4476
f 4477/4477/4477 4478/4478/4478 4479/4479/4479
f 4480/4480/4480 4481/4481/4481 4482/4482/4482
f 4483/4483/4483 4484/4484/4484 4485/4485/4485
f 4486/4486/4486 4487/4487/4487 4488/4488/4488
f 4489/4489/4489 4490/4490/4490 4491/4491/4491
f 4492/4492/4492 4493/4493/4493 4494/4494/4494
f 4495/4495/4495 4496/4496/4496 4497/4497/4497
f 4498/4498/4498 4499/4499/4499 4500/4500/4500
f 4501/4501/4501 4502/4502/4502 4503/4503/4503
f 4504/4504/4504 4505/4505/4505 4506/4506/4506
f 4507/4507/4507 4508/4508/4508 4509/4509/4509
f 4510/4510/4510 4511/4511/4511 4512/4512/4512
f 4513/4513/4513 4514/4514/4514 4515/4515/4515
f 4516/4516/4516 4517/4517/4517 4518/4518/4518
f 4519/4519/4519 4520/4520/4520 4521/4521/4521
f 4522/4522/4522 4523/4523/4523 4524/4524/4524
f 4525/4525/4525 4526/4526/4526 4527/4527/4527
f 4528/4528/4528 4529/4529/4529 4530/4530/4530
f 4531/4531/4531 4532/4532/4532 4533/4533/4533
f 4534/4534/4534 4535/4535/4535 4536/4536/4536
g face_texture_2
usemtl tex_2
v -340.356808 0.000000 183.455399
v -356.807512 0.000000 167.521127
v -356.779343 0.000000 183.896714
v -340.375587 0.000000 167.521127
v -356.807512 0.000000 167.521127
v -340.356808 0.000000 183.455399
v -296.666667 0.000000 297.455399
v -319.821596 0.000000 295.173709
v -309.201878 0.000000 308.084507
v -307.070423 0.000000 284.798122
v -319.821596 0.000000 295.173709
v -296.666667 0.000000 297.455399
v -33.389671 102.676056 544.779343
v -49.652582 103.230047 561.098592
v -33.830986 102.676056 561.211268
v -49.746479 103.230047 544.666667
v -49.652582 103.230047 561.098592
v -33.389671 102.676056 544.779343
v -17.098592 101.014085 545.220657
v -33.830986 102.676056 561.211268
v -17.530516 101.014085 561.643192
v -33.389671 102.676056 544.779343
v -33.830986 102.676056 561.211268
v -17.098592 101.014085 545.220657
v 243.990610 0.000000 272.845070
v 264.910798 -0.075117 281.737089
v 255.821596 0.000000 264.291080
v 251.145540 -0.075117 287.539906
v 264.910798 -0.075117 281.737089
v 243.990610 0.000000 272.845070
v 136.206573 0.009390 150.441315
v 153.755869 0.000000 159.079812
v 146.497653 0.009390 146.610329
v 144.018779 0.000000 164.816901
v 153.755869 0.000000 159.079812
v 136.206573 0.009390 150.441315
v 326.272300 0.000000 -85.830986
v 330.610329 0.000000 -67.868545
v 344.093897 0.000000 -80.600939
v 314.892019 0.000000 -74.056338
v 330.610329 0.000000 -67.868545
v 326.272300 0.000000 -85.830986
v 335.708920 0.000000 -99.201878
v 344.093897 0.000000 -80.600939
v 353.708920 0.000000 -95.765258
v 326.272300 0.000000 -85.830986
v 344.093897 0.000000 -80.600939
v 335.708920 0.000000 -99.201878
v -138.037559 -7.230047 -727.568075
v -147.652582 -8.694836 -748.507042
v -152.826291 -7.230047 -734.713615
v -132.234742 -8.694836 -742.826291
v -147.652582 -8.694836 -748.507042
v -138.037559 -7.230047 -727.568075
v -123.239437 -7.230047 -720.422535
v -132.234742 -8.694836 -742.826291
v -138.037559 -7.230047 -727.568075
v -116.816901 -8.694836 -737.145540
v -132.234742 -8.694836 -742.826291
v -123.239437 -7.230047 -720.422535
v 333.342723 0.000000 -388.262911
v 324.910798 0.000000 -371.070423
v 339.239437 0.000000 -375.211268
v 318.845070 0.000000 -380.647887
v 324.910798 0.000000 -371.070423
v 333.342723 0.000000 -388.262911
v 328.131455 0.000000 -400.685446
v 318.845070 0.000000 -380.647887
v 333.342723 0.000000 -388.262911
v 312.995305 0.000000 -392.347418
v 318.845070 0.000000 -380.647887
v 328.131455 0.000000 -400.685446
v 570.516432 0.000000 -462.826291
v 554.112676 4.685446 -454.694836
v 570.516432 4.685446 -462.826291
v 554.112676 0.000000 -454.694836
v 554.112676 4.685446 -454.694836
v 570.516432 0.000000 -462.826291
v 585.924883 0.000000 -470.638498
v 570.516432 4.685446 -462.826291
v 585.924883 4.685446 -470.638498
v 570.516432 0.000000 -462.826291
v 570.516432 4.685446 -462.826291
v 585.924883 0.000000 -470.638498
v 600.000000 0.000000 -482.779343
v 585.924883 4.685446 -470.638498
v 600.000000 4.685446 -482.779343
v 585.924883 0.000000 -470.638498
v 585.924883 4.685446 -470.638498
v 600.000000 0.000000 -482.779343
v 611.680751 0.000000 -496.845070
v 600.000000 4.685446 -482.779343
v 611.680751 4.685446 -496.845070
v 600.000000 0.000000 -482.779343
v 600.000000 4.685446 -482.779343
v 611.680751 0.000000 -496.845070
v 600.760563 0.000000 -504.497653
v 600.000000 0.000000 -482.779343
v 611.680751 0.000000 -496.845070
v 589.342723 0.000000 -493.023474
v 600.000000 0.000000 -482.779343
v 600.760563 0.000000 -504.497653
v 620.948357 0.000000 -511.793427
v 611.680751 4.685446 -496.845070
v 620.948357 4.685446 -511.793427
v 611.680751 0.000000 -496.845070
v 611.680751 4.685446 -496.845070
v 620.948357 0.000000 -511.793427
v 628.347418 0.000000 -529.539906
v 620.948357 4.685446 -511.793427
v 628.347418 4.685446 -529.539906
v 620.948357 0.000000 -511.793427
v 620.948357 4.685446 -511.793427
v 628.347418 0.000000 -529.539906
v 633.239437 0.000000 -547.164319
v 628.347418 4.685446 -529.539906
v 633.239437 4.685446 -547.164319
v 628.347418 0.000000 -529.539906
v 628.347418 4.685446 -529.539906
v 633.239437 0.000000 -547.164319
v 607.812207 0.000000 -939.671362
v 619.586854 0.000000 -917.868545
v 623.183099 0.000000 -933.859155
v 601.774648 0.000000 -920.967136
v 619.586854 0.000000 -917.868545
v 607.812207 0.000000 -939.671362
v 798.131455 0.000000 -1077.661972
v 802.431925 0.000000 -1054.676056
v 812.478873 0.000000 -1069.652582
v 788.957746 0.000000 -1064.084507
v 802.431925 0.000000 -1054.676056
v 798.131455 0.000000 -1077.661972
v 805.896714 0.000000 -1092.084507
v 812.478873 0.000000 -1069.652582
v 820.948357 0.000000 -1085.492958
v 798.131455 0.000000 -1077.661972
v 812.478873 0.000000 -1069.652582
v 805.896714 0.000000 -1092.084507
v 812.253521 0.000000 -1107.183099
v 820.948357 0.000000 -1085.492958
v 827.840376 0.000000 -1102.000000
v 805.896714 0.000000 -1092.084507
v 820.948357 0.000000 -1085.492958
v 812.253521 0.000000 -1107.183099
v 373.502347 0.000000 -1358.929577
v 387.765258 0.000000 -1377.239437
v 371.427230 0.000000 -1375.230047
v 389.765258 0.000000 -1360.929577
v 387.765258 0.000000 -1377.239437
v 373.502347 0.000000 -1358.929577
v 62.206573 13.962441 -1279.718310
v 64.197183 10.666667 -1302.685446
v 51.154930 13.962441 -1291.887324
v 74.572770 10.657277 -1289.953052
v 64.197183 10.666667 -1302.685446
v 62.206573 13.962441 -1279.718310
v -22.169014 54.694836 -1147.568075
v -27.906103 50.366197 -1169.455399
v -36.253521 54.694836 -1156.037559
v -13.971831 50.366197 -1160.741784
v -27.906103 50.366197 -1169.455399
v -22.169014 54.694836 -1147.568075
vn 0.000000 1.000000 0.000000
vn 0.000000 1.000000 0.000000
vn 0.000000 1.000000 0.000000
vn 0.000000 1.000000 0.000000
vn 0.000000 1.000000 0.000000
vn 0.000000 1.000000 0.000000
vn 0.000000 1.000000 0.000000
vn 0.000000 1.000000 0.000000
vn 0.000000 1.000000 0.000000
vn 0.000000 1.000000 0.000000
vn 0.000000 1.000000 0.000000
vn 0.000000 1.000000 0.000000
vn 0.033691 0.999268 0.000977
vn 0.033691 0.999268 0.000977
vn 0.033691 0.999268 0.000977
vn 0.033691 0.999268 0.000977
vn 0.033691 0.999268 0.000977
vn 0.033691 0.999268 0.000977
vn 0.101074 0.994629 0.002441
vn 0.101074 0.994629 0.002441
vn 0.101074 0.994629 0.002441
vn 0.101074 0.994629 0.002441
vn 0.101074 0.994629 0.002441
vn 0.101074 0.994629 0.002441
vn 0.002441 0.999756 0.004150
vn 0.002441 0.999756 0.004150
vn 0.002441 0.999756 0.004150
vn 0.002441 0.999756 0.004150
vn 0.002441 0.999756 0.004150
vn 0.002441 0.999756 0.004150
vn 0.000244 0.999756 0.000732
vn 0.000244 0.999756 0.000732
vn 0.000244 0.999756 0.000732
vn 0.000244 0.999756 0.000732
vn 0.000244 0.999756 0.000732
vn 0.000244 0.999756 0.000732
vn 0.000000 1.000000 0.000000
vn 0.000000 1.000000 0.000000
vn 0.000000 1.000000 0.000000
vn 0.000000 1.000000 0.000000
vn 0.000000 1.000000 0.000000
vn 0.000000 1.000000 0.000000
vn 0.000000 1.000000 0.000000
vn 0.000000 1.000000 0.000000
vn 0.000000 1.000000 0.000000
vn 0.000000 1.000000 0.000000
vn 0.000000 1.000000 0.000000
vn 0.000000 1.000000 0.000000
vn 0.038574 0.995850 -0.080322
vn 0.038574 0.995850 -0.080322
vn 0.038574 0.995850 -0.080322
vn 0.038574 0.995850 -0.080322
vn 0.038574 0.995850 -0.080322
vn 0.038574 0.995850 -0.080322
vn 0.035156 0.996582 -0.073242
vn 0.035156 0.996582 -0.073242
vn 0.035156 0.996582 -0.073242
vn 0.035156 0.996582 -0.073242
vn 0.035156 0.996582 -0.073242
vn 0.035156 0.996582 -0.073242
vn 0.000000 1.000000 0.000000
vn 0.000000 1.000000 0.000000
vn 0.000000 1.000000 0.000000
vn 0.000000 1.000000 0.000000
vn 0.000000 1.000000 0.000000
vn 0.000000 1.000000 0.000000
vn 0.000000 1.000000 0.000000
vn 0.000000 1.000000 0.000000
vn 0.000000 1.000000 0.000000
vn 0.000000 1.000000 0.000000
vn 0.000000 1.000000 0.000000
vn 0.000000 1.000000 0.000000
vn -0.443848 -0.000000 -0.895996
vn -0.443848 -0.000000 -0.895996
vn -0.443848 -0.000000 -0.895996
vn -0.443848 -0.000000 -0.895996
vn -0.443848 -0.000000 -0.895996
vn -0.443848 -0.000000 -0.895996
vn -0.452148 -0.000000 -0.891602
vn -0.452148 -0.000000 -0.891602
vn -0.452148 -0.000000 -0.891602
vn -0.452148 -0.000000 -0.891602
vn -0.452148 -0.000000 -0.891602
vn -0.452148 -0.000000 -0.891602
vn -0.652832 -0.000000 -0.757080
vn -0.652832 -0.000000 -0.757080
vn -0.652832 -0.000000 -0.757080
vn -0.652832 -0.000000 -0.757080
vn -0.652832 -0.000000 -0.757080
vn -0.652832 -0.000000 -0.757080
vn -0.769287 -0.000000 -0.638672
vn -0.769287 -0.000000 -0.638672
vn -0.769287 -0.000000 -0.638672
vn -0.769287 -0.000000 -0.638672
vn -0.769287 -0.000000 -0.638672
vn -0.769287 -0.000000 -0.638672
vn 0.000000 1.000000 0.000000
vn 0.000000 1.000000 0.000000
vn 0.000000 1.000000 0.000000
vn 0.000000 1.000000 0.000000
vn 0.000000 1.000000 0.000000
vn 0.000000 1.000000 0.000000
vn -0.849609 -0.000000 -0.527100
vn -0.849609 -0.000000 -0.527100
vn -0.849609 -0.000000 -0.527100
vn -0.849609 -0.000000 -0.527100
vn -0.849609 -0.000000 -0.527100
vn -0.849609 -0.000000 -0.527100
vn -0.923096 -0.000000 -0.384277
vn -0.923096 -0.000000 -0.384277
vn -0.923096 -0.000000 -0.384277
vn -0.923096 -0.000000 -0.384277
vn -0.923096 -0.000000 -0.384277
vn -0.923096 -0.000000 -0.384277
vn -0.963379 -0.000000 -0.267578
vn -0.963379 -0.000000 -0.267578
vn -0.963379 -0.000000 -0.267578
vn -0.963379 -0.000000 -0.267578
vn -0.963379 -0.000000 -0.267578
vn -0.963379 -0.000000 -0.267578
vn 0.000000 1.000000 0.000000
vn 0.000000 1.000000 0.000000
vn 0.000000 1.000000 0.000000
vn 0.000000 1.000000 0.000000
vn 0.000000 1.000000 0.000000
vn 0.000000 1.000000 0.000000
vn 0.000000 1.000000 0.000000
vn 0.000000 1.000000 0.000000
vn 0.000000 1.000000 0.000000
vn 0.000000 1.000000 0.000000
vn 0.000000 1.000000 0.000000
vn 0.000000 1.000000 0.000000
vn 0.000000 1.000000 0.000000
vn 0.000000 1.000000 0.000000
vn 0.000000 1.000000 0.000000
vn 0.000000 1.000000 0.000000
vn 0.000000 1.000000 0.000000
vn 0.000000 1.000000 0.000000
vn 0.000000 1.000000 0.000000
vn 0.000000 1.000000 0.000000
vn 0.000000 1.000000 0.000000
vn 0.000000 1.000000 0.000000
vn 0.000000 1.000000 0.000000
vn 0.000000 1.000000 0.000000
vn 0.000000 1.000000 0.000000
vn 0.000000 1.000000 0.000000
vn 0.000000 1.000000 0.000000
vn 0.000000 1.000000 0.000000
vn 0.000000 1.000000 0.000000
vn 0.000000 1.000000 0.000000
vn 0.149414 0.979248 -0.135254
vn 0.149414 0.979248 -0.135254
vn 0.149414 0.979248 -0.135254
vn 0.149414 0.979248 -0.135254
vn 0.149414 0.979248 -0.135254
vn 0.149414 0.979248 -0.135254
vn 0.138428 0.962891 -0.230469
vn 0.138428 0.962891 -0.230469
vn 0.138428 0.962891 -0.230469
vn 0.138428 0.962891 -0.230469
vn 0.138428 0.962891 -0.230469
vn 0.138428 0.962891 -0.230469
vt 0.000000 0.000000
vt 1.000000 1.000000
vt 1.000000 0.000000
vt 0.000000 1.000000
vt 1.000000 1.000000
vt 0.000000 0.000000
vt 1.000000 0.000000
vt 0.000000 1.000000
vt 0.000000 0.000000
vt 1.000000 1.000000
vt 0.000000 1.000000
vt 1.000000 0.000000
vt 1.000000 0.000000
vt 0.000000 1.000000
vt 0.000000 0.000000
vt 1.000000 1.000000
vt 0.000000 1.000000
vt 1.000000 0.000000
vt 1.000000 0.000000
vt 0.000000 1.000000
vt 0.000000 0.000000
vt 1.000000 1.000000
vt 0.000000 1.000000
vt 1.000000 0.000000
vt 1.000000 0.000000
vt 0.000000 1.000000
vt 0.000000 0.000000
vt 1.000000 1.000000
vt 0.000000 1.000000
vt 1.000000 0.000000
vt 1.000000 0.000000
vt 0.000000 1.000000
vt 0.000000 0.000000
vt 1.000000 1.000000
vt 0.000000 1.000000
vt 1.000000 0.000000
vt 1.000000 0.000000
vt 0.000000 1.000000
vt 0.000000 0.000000
vt 1.000000 1.000000
vt 0.000000 1.000000
vt 1.000000 0.000000
vt 1.000000 0.000000
vt 0.000000 1.000000
vt 0.000000 0.000000
vt 1.000000 1.000000
vt 0.000000 1.000000
vt 1.000000 0.000000
vt 1.000000 0.000000
vt 0.000000 1.000000
vt 0.000000 0.000000
vt 1.000000 1.000000
vt 0.000000 1.000000
vt 1.000000 0.000000
vt 0.000000 0.000000
vt 1.000000 1.000000
vt 1.000000 0.000000
vt 0.000000 1.000000
vt 1.000000 1.000000
vt 0.000000 0.000000
vt 1.000000 0.000000
vt 0.000000 1.000000
vt 0.000000 0.000000
vt 1.000000 1.000000
vt 0.000000 1.000000
vt 1.000000 0.000000
vt 0.000000 0.000000
vt 1.000000 1.000000
vt 1.000000 0.000000
vt 0.000000 1.000000
vt 1.000000 1.000000
vt 0.000000 0.000000
vt 1.000000 0.000000
vt 0.000000 1.000000
vt 0.000000 0.000000
vt 1.000000 1.000000
vt 0.000000 1.000000
vt 1.000000 0.000000
vt 1.000000 0.000000
vt 0.000000 1.000000
vt 0.000000 0.000000
vt 1.000000 1.000000
vt 0.000000 1.000000
vt 1.000000 0.000000
vt 1.000000 0.000000
vt 0.000000 1.000000
vt 0.000000 0.000000
vt 1.000000 1.000000
vt 0.000000 1.000000
vt 1.000000 0.000000
vt 1.000000 0.000000
vt 0.000000 1.000000
vt 0.000000 0.000000
vt 1.000000 1.000000
vt 0.000000 1.000000
vt 1.000000 0.000000
vt 1.000000 0.000000
vt 0.000000 1.000000
vt 0.000000 0.000000
vt 1.000000 1.000000
vt 0.000000 1.000000
vt 1.000000 0.000000
vt 1.000000 0.000000
vt 0.000000 1.000000
vt 0.000000 0.000000
vt 1.000000 1.000000
vt 0.000000 1.000000
vt 1.000000 0.000000
vt 1.000000 0.000000
vt 0.000000 1.000000
vt 0.000000 0.000000
vt 1.000000 1.000000
vt 0.000000 1.000000
vt 1.000000 0.000000
vt 1.000000 0.000000
vt 0.000000 1.000000
vt 0.000000 0.000000
vt 1.000000 1.000000
vt 0.000000 1.000000
vt 1.000000 0.000000
vt 0.000000 0.000000
vt 1.000000 1.000000
vt 1.000000 0.000000
vt 0.000000 1.000000
vt 1.000000 1.000000
vt 0.000000 0.000000
vt 1.000000 0.000000
vt 0.000000 1.000000
vt 0.000000 0.000000
vt 1.000000 1.000000
vt 0.000000 1.000000
vt 1.000000 0.000000
vt 1.000000 0.000000
vt 0.000000 1.000000
vt 0.000000 0.000000
vt 1.000000 1.000000
vt 0.000000 1.000000
vt 1.000000 0.000000
vt 1.000000 0.000000
vt 0.000000 1.000000
vt 0.000000 0.000000
vt 1.000000 1.000000
vt 0.000000 1.000000
vt 1.000000 0.000000
vt 1.000000 0.000000
vt 0.000000 1.000000
vt 0.000000 0.000000
vt 1.000000 1.000000
vt 0.000000 1.000000
vt 1.000000 0.000000
vt 1.000000 0.000000
vt 0.000000 1.000000
vt 0.000000 0.000000
vt 1.000000 1.000000
vt 0.000000 1.000000
vt 1.000000 0.000000
vt 0.000000 0.000000
vt 1.000000 1.000000
vt 1.000000 0.000000
vt 0.000000 1.000000
vt 1.000000 1.000000
vt 0.000000 0.000000
f 4537/4537/4537 4538/4538/4538 4539/4539/4539
f 4540/4540/4540 4541/4541/4541 4542/4542/4542
f 4543/4543/4543 4544/4544/4544 4545/4545/4545
f 4546/4546/4546 4547/4547/4547 4548/4548/4548
f 4549/4549/4549 4550/4550/4550 4551/4551/4551
f 4552/4552/4552 4553/4553/4553 4554/4554/4554
f 4555/4555/4555 4556/4556/4556 4557/4557/4557
f 4558/4558/4558 4559/4559/4559 4560/4560/4560
f 4561/4561/4561 4562/4562/4562 4563/4563/4563
f 4564/4564/4564 4565/4565/4565 4566/4566/4566
f 4567/4567/4567 4568/4568/4568 4569/4569/4569
f 4570/4570/4570 4571/4571/4571 4572/4572/4572
f 4573/4573/4573 4574/4574/4574 4575/4575/4575
f 4576/4576/4576 4577/4577/4577 4578/4578/4578
f 4579/4579/4579 4580/4580/4580 4581/4581/4581
f 4582/4582/4582 4583/4583/4583 4584/4584/4584
f 4585/4585/4585 4586/4586/4586 4587/4587/4587
f 4588/4588/4588 4589/4589/4589 4590/4590/4590
f 4591/4591/4591 4592/4592/4592 4593/4593/4593
f 4594/4594/4594 4595/4595/4595 4596/4596/4596
f 4597/4597/4597 4598/4598/4598 4599/4599/4599
f 4600/4600/4600 4601/4601/4601 4602/4602/4602
f 4603/4603/4603 4604/4604/4604 4605/4605/4605
f 4606/4606/4606 4607/4607/4607 4608/4608/4608
f 4609/4609/4609 4610/4610/4610 4611/4611/4611
f 4612/4612/4612 4613/4613/4613 4614/4614/4614
f 4615/4615/4615 4616/4616/4616 4617/4617/4617
f 4618/4618/4618 4619/4619/4619 4620/4620/4620
f 4621/4621/4621 4622/4622/4622 4623/4623/4623
f 4624/4624/4624 4625/4625/4625 4626/4626/4626
f 4627/4627/4627 4628/4628/4628 4629/4629/4629
f 4630/4630/4630 4631/4631/4631 4632/4632/4632
f 4633/4633/4633 4634/4634/4634 4635/4635/4635
f 4636/4636/4636 4637/4637/4637 4638/4638/4638
f 4639/4639/4639 4640/4640/4640 4641/4641/4641
f 4642/4642/4642 4643/4643/4643 4644/4644/4644
f 4645/4645/4645 4646/4646/4646 4647/4647/4647
f 4648/4648/4648 4649/4649/4649 4650/4650/4650
f 4651/4651/4651 4652/4652/4652 4653/4653/4653
f 4654/4654/4654 4655/4655/4655 4656/4656/4656
f 4657/4657/4657 4658/4658/4658 4659/4659/4659
f 4660/4660/4660 4661/4661/4661 4662/4662/4662
f 4663/4663/4663 4664/4664/4664 4665/4665/4665
f 4666/4666/4666 4667/4667/4667 4668/4668/4668
f 4669/4669/4669 4670/4670/4670 4671/4671/4671
f 4672/4672/4672 4673/4673/4673 4674/4674/4674
f 4675/4675/4675 4676/4676/4676 4677/4677/4677
f 4678/4678/4678 4679/4679/4679 4680/4680/4680
f 4681/4681/4681 4682/4682/4682 4683/4683/4683
f 4684/4684/4684 4685/4685/4685 4686/4686/4686
f 4687/4687/4687 4688/4688/4688 4689/4689/4689
f 4690/4690/4690 4691/4691/4691 4692/4692/4692
f 4693/4693/4693 4694/4694/4694 4695/4695/4695
f 4696/4696/4696 4697/4697/4697 4698/4698/4698
g face_texture_3
usemtl tex_3
v -138.854460 67.661972 501.399061
v -158.816901 58.816901 503.352113
v -149.737089 67.661972 513.718310
v -146.112676 58.816901 492.938967
v -158.816901 58.816901 503.352113
v -138.854460 67.661972 501.399061
v 214.478873 36.751174 521.539906
v 208.798122 44.103286 543.230047
v 224.638498 36.741784 534.460094
v 201.605634 44.112676 528.450704
v 208.798122 44.103286 543.230047
v 214.478873 36.751174 521.539906
v 189.568075 -0.394366 4.553991
v 182.582160 -0.431925 22.347418
v 195.370892 -0.394366 12.103286
v 176.535211 -0.431925 14.882629
v 182.582160 -0.431925 22.347418
v 189.568075 -0.394366 4.553991
v 307.427230 0.000000 -174.657277
v 329.962441 0.000000 -161.971831
v 324.516432 0.000000 -177.417840
v 312.751174 0.000000 -159.276995
v 329.962441 0.000000 -161.971831
v 307.427230 0.000000 -174.657277
v -119.596244 78.798122 -985.295775
v -132.920188 84.572770 -1003.549296
v -135.915493 78.798122 -987.239437
v -116.798122 84.572770 -1000.366197
v -132.920188 84.572770 -1003.549296
v -119.596244 78.798122 -985.295775
v -103.286385 78.798122 -983.342723
v -116.798122 84.572770 -1000.366197
v -119.596244 78.798122 -985.295775
v -100.676056 84.572770 -997.192488
v -116.798122 84.572770 -1000.366197
v -103.286385 78.798122 -983.342723
v -216.272300 29.539906 -630.967136
v -217.342723 22.619718 -653.107981
v -228.760563 29.539906 -641.652582
v -205.746479 22.619718 -641.464789
v -217.342723 22.619718 -653.107981
v -216.272300 29.539906 -630.967136
v -203.784038 29.539906 -620.291080
v -205.746479 22.619718 -641.464789
v -216.272300 29.539906 -630.967136
v -194.159624 22.619718 -629.812207
v -205.746479 22.619718 -641.464789
v -203.784038 29.539906 -620.291080
v 502.413146 0.000000 -450.469484
v 490.863850 0.000000 -433.492958
v 505.708920 0.000000 -440.338028
v 486.957746 0.000000 -445.014085
v 490.863850 0.000000 -433.492958
v 502.413146 0.000000 -450.469484
v 499.267606 0.000000 -459.164319
v 486.957746 0.000000 -445.014085
v 502.413146 0.000000 -450.469484
v 483.032864 0.000000 -456.150235
v 486.957746 0.000000 -445.014085
v 499.267606 0.000000 -459.164319
v 730.215962 0.000000 -1352.600939
v 753.333333 0.000000 -1357.014085
v 737.154930 0.000000 -1367.492958
v 743.868545 0.000000 -1343.577465
v 753.333333 0.000000 -1357.014085
v 730.215962 0.000000 -1352.600939
v 537.455399 0.000000 -1357.577465
v 552.985915 0.000000 -1374.657277
v 536.610329 0.000000 -1373.990610
v 553.624413 0.000000 -1358.234742
v 552.985915 0.000000 -1374.657277
v 537.455399 0.000000 -1357.577465
v 109.887324 5.014085 -1294.046948
v 115.680751 2.835681 -1315.549296
v 101.276995 5.023474 -1308.046948
v 123.117371 2.835681 -1300.901408
v 115.680751 2.835681 -1315.549296
v 109.887324 5.014085 -1294.046948
vn -0.468506 0.780273 -0.413574
vn -0.468506 0.780273 -0.413574
vn -0.468506 0.780273 -0.413574
vn -0.468506 0.780273 -0.413574
vn -0.468506 0.780273 -0.413574
vn -0.468506 0.780273 -0.413574
vn 0.358154 0.890137 -0.281250
vn 0.358154 0.890137 -0.281250
vn 0.358154 0.890137 -0.281250
vn 0.358154 0.890137 -0.281250
vn 0.358154 0.890137 -0.281250
vn 0.358154 0.890137 -0.281250
vn -0.001465 0.999756 0.001465
vn -0.001465 0.999756 0.001465
vn -0.001465 0.999756 0.001465
vn -0.001465 0.999756 0.001465
vn -0.001465 0.999756 0.001465
vn -0.001465 0.999756 0.001465
vn 0.000000 1.000000 0.000000
vn 0.000000 1.000000 0.000000
vn 0.000000 1.000000 0.000000
vn 0.000000 1.000000 0.000000
vn 0.000000 1.000000 0.000000
vn 0.000000 1.000000 0.000000
vn -0.041748 0.935547 0.350586
vn -0.041748 0.935547 0.350586
vn -0.041748 0.935547 0.350586
vn -0.041748 0.935547 0.350586
vn -0.041748 0.935547 0.350586
vn -0.041748 0.935547 0.350586
vn -0.044922 0.924805 0.377441
vn -0.044922 0.924805 0.377441
vn -0.044922 0.924805 0.377441
vn -0.044922 0.924805 0.377441
vn -0.044922 0.924805 0.377441
vn -0.044922 0.924805 0.377441
vn 0.274902 0.906006 -0.321533
vn 0.274902 0.906006 -0.321533
vn 0.274902 0.906006 -0.321533
vn 0.274902 0.906006 -0.321533
vn 0.274902 0.906006 -0.321533
vn 0.274902 0.906006 -0.321533
vn 0.296387 0.889648 -0.346680
vn 0.296387 0.889648 -0.346680
vn 0.296387 0.889648 -0.346680
vn 0.296387 0.889648 -0.346680
vn 0.296387 0.889648 -0.346680
vn 0.296387 0.889648 -0.346680
vn 0.000000 1.000000 0.000000
vn 0.000000 1.000000 0.000000
vn 0.000000 1.000000 0.000000
vn 0.000000 1.000000 0.000000
vn 0.000000 1.000000 0.000000
vn 0.000000 1.000000 0.000000
vn 0.000000 1.000000 0.000000
vn 0.000000 1.000000 0.000000
vn 0.000000 1.000000 0.000000
vn 0.000000 1.000000 0.000000
vn 0.000000 1.000000 0.000000
vn 0.000000 1.000000 0.000000
vn 0.000000 1.000000 0.000000
vn 0.000000 1.000000 0.000000
vn 0.000000 1.000000 0.000000
vn 0.000000 1.000000 0.000000
vn 0.000000 1.000000 0.000000
vn 0.000000 1.000000 0.000000
vn 0.000000 1.000000 0.000000
vn 0.000000 1.000000 0.000000
vn 0.000000 1.000000 0.000000
vn 0.000000 1.000000 0.000000
vn 0.000000 1.000000 0.000000
vn 0.000000 1.000000 0.000000
vn 0.123779 0.989258 -0.075684
vn 0.123779 0.989258 -0.075684
vn 0.123779 0.989258 -0.075684
vn 0.123779 0.989258 -0.075684
vn 0.123779 0.989258 -0.075684
vn 0.123779 0.989258 -0.075684
vt 0.000000 0.000000
vt 1.000000 1.000000
vt 1.000000 0.000000
vt 0.000000 1.000000
vt 1.000000 1.000000
vt 0.000000 0.000000
vt 1.000000 0.000000
vt 0.000000 1.000000
vt 0.000000 0.000000
vt 1.000000 1.000000
vt 0.000000 1.000000
vt 1.000000 0.000000
vt 0.000000 0.000000
vt 1.000000 1.000000
vt 1.000000 0.000000
vt 0.000000 1.000000
vt 1.000000 1.000000
vt 0.000000 0.000000
vt 0.000000 0.000000
vt 1.000000 1.000000
vt 1.000000 0.000000
vt 0.000000 1.000000
vt 1.000000 1.000000
vt 0.000000 0.000000
vt 1.000000 0.000000
vt 0.000000 1.000000
vt 0.000000 0.000000
vt 1.000000 1.000000
vt 0.000000 1.000000
vt 1.000000 0.000000
vt 0.000000 0.000000
vt 1.000000 1.000000
vt 1.000000 0.000000
vt 0.000000 1.000000
vt 1.000000 1.000000
vt 0.000000 0.000000
vt 1.000000 0.000000
vt 0.000000 1.000000
vt 0.000000 0.000000
vt 1.000000 1.000000
vt 0.000000 1.000000
vt 1.000000 0.000000
vt 0.000000 0.000000
vt 1.000000 1.000000
vt 1.000000 0.000000
vt 0.000000 1.000000
vt 1.000000 1.000000
vt 0.000000 0.000000
vt 1.000000 0.000000
vt 0.000000 1.000000
vt 0.000000 0.000000
vt 1.000000 1.000000
vt 0.000000 1.000000
vt 1.000000 0.000000
vt 0.000000 0.000000
vt 1.000000 1.000000
vt 1.000000 0.000000
vt 0.000000 1.000000
vt 1.000000 1.000000
vt 0.000000 0.000000
vt 1.000000 0.000000
vt 0.000000 1.000000
vt 0.000000 0.000000
vt 1.000000 1.000000
vt 0.000000 1.000000
vt 1.000000 0.000000
vt 0.000000 0.000000
vt 1.000000 1.000000
vt 1.000000 0.000000
vt 0.000000 1.000000
vt 1.000000 1.000000
vt 0.000000 0.000000
vt 0.000000 0.000000
vt 1.000000 1.000000
vt 1.000000 0.000000
vt 0.000000 1.000000
vt 1.000000 1.000000
vt 0.000000 0.000000
f 4699/4699/4699 4700/4700/4700 4701/4701/4701
f 4702/4702/4702 4703/4703/4703 4704/4704/4704
f 4705/4705/4705 4706/4706/4706 4707/4707/4707
f 4708/4708/4708 4709/4709/4709 4710/4710/4710
f 4711/4711/4711 4712/4712/4712 4713/4713/4713
f 4714/4714/4714 4715/4715/4715 4716/4716/4716
f 4717/4717/4717 4718/4718/4718 4719/4719/4719
f 4720/4720/4720 4721/4721/4721 4722/4722/4722
f 4723/4723/4723 4724/4724/4724 4725/4725/4725
f 4726/4726/4726 4727/4727/4727 4728/4728/4728
f 4729/4729/4729 4730/4730/4730 4731/4731/4731
f 4732/4732/4732 4733/4733/4733 4734/4734/4734
f 4735/4735/4735 4736/4736/4736 4737/4737/4737
f 4738/4738/4738 4739/4739/4739 4740/4740/4740
f 4741/4741/4741 4742/4742/4742 4743/4743/4743
f 4744/4744/4744 4745/4745/4745 4746/4746/4746
f 4747/4747/4747 4748/4748/4748 4749/4749/4749
f 4750/4750/4750 4751/4751/4751 4752/4752/4752
f 4753/4753/4753 4754/4754/4754 4755/4755/4755
f 4756/4756/4756 4757/4757/4757 4758/4758/4758
f 4759/4759/4759 4760/4760/4760 4761/4761/4761
f 4762/4762/4762 4763/4763/4763 4764/4764/4764
f 4765/4765/4765 4766/4766/4766 4767/4767/4767
f 4768/4768/4768 4769/4769/4769 4770/4770/4770
f 4771/4771/4771 4772/4772/4772 4773/4773/4773
f 4774/4774/4774 4775/4775/4775 4776/4776/4776
g face_texture_4
usemtl tex_4
v -339.530516 0.000000 196.103286
v -356.779343 0.000000 183.896714
v -355.446009 0.000000 200.178404
v -340.356808 0.000000 183.455399
v -356.779343 0.000000 183.896714
v -339.530516 0.000000 196.103286
v -286.037559 0.000000 309.924883
v -309.201878 0.000000 308.084507
v -298.422535 0.000000 320.713615
v -296.666667 0.000000 297.455399
v -309.201878 0.000000 308.084507
v -286.037559 0.000000 309.924883
v -130.460094 76.488263 508.300469
v -149.737089 67.661972 513.718310
v -138.995305 76.488263 522.347418
v -138.854460 67.661972 501.399061
v -149.737089 67.661972 513.718310
v -130.460094 76.488263 508.300469
v -0.826291 99.126761 545.633803
v -17.530516 101.014085 561.643192
v -1.211268 99.126761 562.065728
v -17.098592 101.014085 545.220657
v -17.530516 101.014085 561.643192
v -0.826291 99.126761 545.633803
v 225.004695 28.497653 512.150235
v 224.638498 36.741784 534.460094
v 237.877934 28.497653 522.356808
v 214.478873 36.751174 521.539906
v 224.638498 36.741784 534.460094
v 225.004695 28.497653 512.150235
v 234.056338 0.000000 259.821596
v 255.821596 0.000000 264.291080
v 244.685446 0.000000 250.338028
v 243.990610 0.000000 272.845070
v 255.821596 0.000000 264.291080
v 234.056338 0.000000 259.821596
v 131.070423 0.093897 134.901408
v 146.497653 0.009390 146.610329
v 141.615023 0.093897 133.117371
v 136.206573 0.009390 150.441315
v 146.497653 0.009390 146.610329
v 131.070423 0.093897 134.901408
v 202.798122 -0.319249 -5.408451
v 195.370892 -0.394366 12.103286
v 208.403756 -0.319249 2.178404
v 189.568075 -0.394366 4.553991
v 195.370892 -0.394366 12.103286
v 202.798122 -0.319249 -5.408451
v 341.295775 0.000000 -114.535211
v 353.708920 0.000000 -95.765258
v 360.413146 0.000000 -114.441315
v 335.708920 0.000000 -99.201878
v 353.708920 0.000000 -95.765258
v 341.295775 0.000000 -114.535211
v 301.896714 0.000000 -190.018779
v 324.516432 0.000000 -177.417840
v 318.892019 0.000000 -192.807512
v 307.427230 0.000000 -174.657277
v 324.516432 0.000000 -177.417840
v 301.896714 0.000000 -190.018779
v -121.267606 72.159624 -970.403756
v -135.915493 78.798122 -987.239437
v -137.661972 72.159624 -971.549296
v -119.596244 78.798122 -985.295775
v -135.915493 78.798122 -987.239437
v -121.267606 72.159624 -970.403756
v -145.239437 -5.004695 -713.023474
v -152.826291 -7.230047 -734.713615
v -159.323944 -5.004695 -721.474178
v -138.037559 -7.230047 -727.568075
v -152.826291 -7.230047 -734.713615
v -145.239437 -5.004695 -713.023474
v -131.145540 -5.004695 -704.572770
v -138.037559 -7.230047 -727.568075
v -145.239437 -5.004695 -713.023474
v -123.239437 -7.230047 -720.422535
v -138.037559 -7.230047 -727.568075
v -131.145540 -5.004695 -704.572770
v 618.159624 0.000000 -956.582160
v 623.183099 0.000000 -933.859155
v 631.981221 0.000000 -947.708920
v 607.812207 0.000000 -939.671362
v 623.183099 0.000000 -933.859155
v 618.159624 0.000000 -956.582160
v 817.211268 0.000000 -1122.798122
v 827.840376 0.000000 -1102.000000
v 833.201878 0.000000 -1118.995305
v 812.253521 0.000000 -1107.183099
v 827.840376 0.000000 -1102.000000
v 817.211268 0.000000 -1122.798122
v 715.230047 0.000000 -1359.230047
v 737.154930 0.000000 -1367.492958
v 720.366197 0.000000 -1374.835681
v 730.215962 0.000000 -1352.600939
v 737.154930 0.000000 -1367.492958
v 715.230047 0.000000 -1359.230047
v 521.276995 0.000000 -1356.723005
v 536.610329 0.000000 -1373.990610
v 520.244131 0.000000 -1373.126761
v 537.455399 0.000000 -1357.577465
v 536.610329 0.000000 -1373.990610
v 521.276995 0.000000 -1356.723005
v 357.248826 0.000000 -1356.854460
v 371.427230 0.000000 -1375.230047
v 355.107981 0.000000 -1373.145540
v 373.502347 0.000000 -1358.929577
v 371.427230 0.000000 -1375.230047
v 357.248826 0.000000 -1356.854460
v 97.164319 7.652582 -1286.093897
v 101.276995 5.023474 -1308.046948
v 87.586854 7.652582 -1299.446009
v 109.887324 5.014085 -1294.046948
v 101.276995 5.023474 -1308.046948
v 97.164319 7.652582 -1286.093897
v 50.431925 17.502347 -1268.892019
v 51.154930 13.962441 -1291.887324
v 38.826291 17.511737 -1280.525822
v 62.206573 13.962441 -1279.718310
v 51.154930 13.962441 -1291.887324
v 50.431925 17.502347 -1268.892019
v -30.150235 59.023474 -1134.234742
v -36.253521 54.694836 -1156.037559
v -44.366197 59.023474 -1142.478873
v -22.169014 54.694836 -1147.568075
v -36.253521 54.694836 -1156.037559
v -30.150235 59.023474 -1134.234742
vn -0.000244 0.999756 -0.000244
vn -0.000244 0.999756 -0.000244
vn -0.000244 0.999756 -0.000244
vn -0.000244 0.999756 -0.000244
vn -0.000244 0.999756 -0.000244
vn -0.000244 0.999756 -0.000244
vn -0.000244 0.999756 0.000244
vn -0.000244 0.999756 0.000244
vn -0.000244 0.999756 0.000244
vn -0.000244 0.999756 0.000244
vn -0.000244 0.999756 0.000244
vn -0.000244 0.999756 0.000244
vn -0.541748 0.773193 -0.329102
vn -0.541748 0.773193 -0.329102
vn -0.541748 0.773193 -0.329102
vn -0.541748 0.773193 -0.329102
vn -0.541748 0.773193 -0.329102
vn -0.541748 0.773193 -0.329102
vn 0.115479 0.993164 0.002686
vn 0.115479 0.993164 0.002686
vn 0.115479 0.993164 0.002686
vn 0.115479 0.993164 0.002686
vn 0.115479 0.993164 0.002686
vn 0.115479 0.993164 0.002686
vn 0.317139 0.859863 -0.399414
vn 0.317139 0.859863 -0.399414
vn 0.317139 0.859863 -0.399414
vn 0.317139 0.859863 -0.399414
vn 0.317139 0.859863 -0.399414
vn 0.317139 0.859863 -0.399414
vn 0.000000 1.000000 0.000000
vn 0.000000 1.000000 0.000000
vn 0.000000 1.000000 0.000000
vn 0.000000 1.000000 0.000000
vn 0.000000 1.000000 0.000000
vn 0.000000 1.000000 0.000000
vn 0.000732 0.999756 0.005127
vn 0.000732 0.999756 0.005127
vn 0.000732 0.999756 0.005127
vn 0.000732 0.999756 0.005127
vn 0.000732 0.999756 0.005127
vn 0.000732 0.999756 0.005127
vn -0.003418 0.999756 0.002686
vn -0.003418 0.999756 0.002686
vn -0.003418 0.999756 0.002686
vn -0.003418 0.999756 0.002686
vn -0.003418 0.999756 0.002686
vn -0.003418 0.999756 0.002686
vn 0.000000 1.000000 0.000000
vn 0.000000 1.000000 0.000000
vn 0.000000 1.000000 0.000000
vn 0.000000 1.000000 0.000000
vn 0.000000 1.000000 0.000000
vn 0.000000 1.000000 0.000000
vn 0.000000 1.000000 0.000000
vn 0.000000 1.000000 0.000000
vn 0.000000 1.000000 0.000000
vn 0.000000 1.000000 0.000000
vn 0.000000 1.000000 0.000000
vn 0.000000 1.000000 0.000000
vn -0.028076 0.914062 0.404297
vn -0.028076 0.914062 0.404297
vn -0.028076 0.914062 0.404297
vn -0.028076 0.914062 0.404297
vn -0.028076 0.914062 0.404297
vn -0.028076 0.914062 0.404297
vn 0.070068 0.990479 -0.116943
vn 0.070068 0.990479 -0.116943
vn 0.070068 0.990479 -0.116943
vn 0.070068 0.990479 -0.116943
vn 0.070068 0.990479 -0.116943
vn 0.070068 0.990479 -0.116943
vn 0.064209 0.991943 -0.107178
vn 0.064209 0.991943 -0.107178
vn 0.064209 0.991943 -0.107178
vn 0.064209 0.991943 -0.107178
vn 0.064209 0.991943 -0.107178
vn 0.064209 0.991943 -0.107178
vn 0.000000 1.000000 0.000000
vn 0.000000 1.000000 0.000000
vn 0.000000 1.000000 0.000000
vn 0.000000 1.000000 0.000000
vn 0.000000 1.000000 0.000000
vn 0.000000 1.000000 0.000000
vn 0.000000 1.000000 0.000000
vn 0.000000 1.000000 0.000000
vn 0.000000 1.000000 0.000000
vn 0.000000 1.000000 0.000000
vn 0.000000 1.000000 0.000000
vn 0.000000 1.000000 0.000000
vn 0.000000 1.000000 0.000000
vn 0.000000 1.000000 0.000000
vn 0.000000 1.000000 0.000000
vn 0.000000 1.000000 0.000000
vn 0.000000 1.000000 0.000000
vn 0.000000 1.000000 0.000000
vn 0.000000 1.000000 0.000000
vn 0.000000 1.000000 0.000000
vn 0.000000 1.000000 0.000000
vn 0.000000 1.000000 0.000000
vn 0.000000 1.000000 0.000000
vn 0.000000 1.000000 0.000000
vn 0.000000 1.000000 0.000000
vn 0.000000 1.000000 0.000000
vn 0.000000 1.000000 0.000000
vn 0.000000 1.000000 0.000000
vn 0.000000 1.000000 0.000000
vn 0.000000 1.000000 0.000000
vn 0.140869 0.984863 -0.100586
vn 0.140869 0.984863 -0.100586
vn 0.140869 0.984863 -0.100586
vn 0.140869 0.984863 -0.100586
vn 0.140869 0.984863 -0.100586
vn 0.140869 0.984863 -0.100586
vn 0.153320 0.976074 -0.152588
vn 0.153320 0.976074 -0.152588
vn 0.153320 0.976074 -0.152588
vn 0.153320 0.976074 -0.152588
vn 0.153320 0.976074 -0.152588
vn 0.153320 0.976074 -0.152588
vn 0.134277 0.963379 -0.231689
vn 0.134277 0.963379 -0.231689
vn 0.134277 0.963379 -0.231689
vn 0.134277 0.963379 -0.231689
vn 0.134277 0.963379 -0.231689
vn 0.134277 0.963379 -0.231689
vt 0.000000 0.000000
vt 1.000000 1.000000
vt 1.000000 0.000000
vt 0.000000 1.000000
vt 1.000000 1.000000
vt 0.000000 0.000000
vt 1.000000 0.000000
vt 0.000000 1.000000
vt 0.000000 0.000000
vt 1.000000 1.000000
vt 0.000000 1.000000
vt 1.000000 0.000000
vt 0.000000 0.000000
vt 1.000000 1.000000
vt 1.000000 0.000000
vt 0.000000 1.000000
vt 1.000000 1.000000
vt 0.000000 0.000000
vt 1.000000 0.000000
vt 0.000000 1.000000
vt 0.000000 0.000000
vt 1.000000 1.000000
vt 0.000000 1.000000
vt 1.000000 0.000000
vt 1.000000 0.000000
vt 0.000000 1.000000
vt 0.000000 0.000000
vt 1.000000 1.000000
vt 0.000000 1.000000
vt 1.000000 0.000000
vt 1.000000 0.000000
vt 0.000000 1.000000
vt 0.000000 0.000000
vt 1.000000 1.000000
vt 0.000000 1.000000
vt 1.000000 0.000000
vt 1.000000 0.000000
vt 0.000000 1.000000
vt 0.000000 0.000000
vt 1.000000 1.000000
vt 0.000000 1.000000
vt 1.000000 0.000000
vt 0.000000 0.000000
vt 1.000000 1.000000
vt 1.000000 0.000000
vt 0.000000 1.000000
vt 1.000000 1.000000
vt 0.000000 0.000000
vt 1.000000 0.000000
vt 0.000000 1.000000
vt 0.000000 0.000000
vt 1.000000 1.000000
vt 0.000000 1.000000
vt 1.000000 0.000000
vt 0.000000 0.000000
vt 1.000000 1.000000
vt 1.000000 0.000000
vt 0.000000 1.000000
vt 1.000000 1.000000
vt 0.000000 0.000000
vt 1.000000 0.000000
vt 0.000000 1.000000
vt 0.000000 0.000000
vt 1.000000 1.000000
vt 0.000000 1.000000
vt 1.000000 0.000000
vt 1.000000 0.000000
vt 0.000000 1.000000
vt 0.000000 0.000000
vt 1.000000 1.000000
vt 0.000000 1.000000
vt 1.000000 0.000000
vt 0.000000 0.000000
vt 1.000000 1.000000
vt 1.000000 0.000000
vt 0.000000 1.000000
vt 1.000000 1.000000
vt 0.000000 0.000000
vt 0.000000 0.000000
vt 1.000000 1.000000
vt 1.000000 0.000000
vt 0.000000 1.000000
vt 1.000000 1.000000
vt 0.000000 0.000000
vt 1.000000 0.000000
vt 0.000000 1.000000
vt 0.000000 0.000000
vt 1.000000 1.000000
vt 0.000000 1.000000
vt 1.000000 0.000000
vt 1.000000 0.000000
vt 0.000000 1.000000
vt 0.000000 0.000000
vt 1.000000 1.000000
vt 0.000000 1.000000
vt 1.000000 0.000000
vt 0.000000 0.000000
vt 1.000000 1.000000
vt 1.000000 0.000000
vt 0.000000 1.000000
vt 1.000000 1.000000
vt 0.000000 0.000000
vt 1.000000 0.000000
vt 0.000000 1.000000
vt 0.000000 0.000000
vt 1.000000 1.000000
vt 0.000000 1.000000
vt 1.000000 0.000000
vt 0.000000 0.000000
vt 1.000000 1.000000
vt 1.000000 0.000000
vt 0.000000 1.000000
vt 1.000000 1.000000
vt 0.000000 0.000000
vt 1.000000 0.000000
vt 0.000000 1.000000
vt 0.000000 0.000000
vt 1.000000 1.000000
vt 0.000000 1.000000
vt 1.000000 0.000000
vt 0.000000 0.000000
vt 1.000000 1.000000
vt 1.000000 0.000000
vt 0.000000 1.000000
vt 1.000000 1.000000
vt 0.000000 0.000000
f 4777/4777/4777 4778/4778/4778 4779/4779/4779
f 4780/4780/4780 4781/4781/4781 4782/4782/4782
f 4783/4783/4783 4784/4784/4784 4785/4785/4785
f 4786/4786/4786 4787/4787/4787 4788/4788/4788
f 4789/4789/4789 4790/4790/4790 4791/4791/4791
f 4792/4792/4792 4793/4793/4793 4794/4794/4794
f 4795/4795/4795 4796/4796/4796 4797/4797/4797
f 4798/4798/4798 4799/4799/4799 4800/4800/4800
f 4801/4801/4801 4802/4802/4802 4803/4803/4803
f 4804/4804/4804 4805/4805/4805 4806/4806/4806
f 4807/4807/4807 4808/4808/4808 4809/4809/4809
f 4810/4810/4810 4811/4811/4811 4812/4812/4812
f 4813/4813/4813 4814/4814/4814 4815/4815/4815
f 4816/4816/4816 4817/4817/4817 4818/4818/4818
f 4819/4819/4819 4820/4820/4820 4821/4821/4821
f 4822/4822/4822 4823/4823/4823 4824/4824/4824
f 4825/4825/4825 4826/4826/4826 4827/4827/4827
f 4828/4828/4828 4829/4829/4829 4830/4830/4830
f 4831/4831/4831 4832/4832/4832 4833/4833/4833
f 4834/4834/4834 4835/4835/4835 4836/4836/4836
f 4837/4837/4837 4838/4838/4838 4839/4839/4839
f 4840/4840/4840 4841/4841/4841 4842/4842/4842
f 4843/4843/4843 4844/4844/4844 4845/4845/4845
f 4846/4846/4846 4847/4847/4847 4848/4848/4848
f 4849/4849/4849 4850/4850/4850 4851/4851/4851
f 4852/4852/4852 4853/4853/4853 4854/4854/4854
f 4855/4855/4855 4856/4856/4856 4857/4857/4857
f 4858/4858/4858 4859/4859/4859 4860/4860/4860
f 4861/4861/4861 4862/4862/4862 4863/4863/4863
f 4864/4864/4864 4865/4865/4865 4866/4866/4866
f 4867/4867/4867 4868/4868/4868 4869/4869/4869
f 4870/4870/4870 4871/4871/4871 4872/4872/4872
f 4873/4873/4873 4874/4874/4874 4875/4875/4875
f 4876/4876/4876 4877/4877/4877 4878/4878/4878
f 4879/4879/4879 4880/4880/4880 4881/4881/4881
f 4882/4882/4882 4883/4883/4883 4884/4884/4884
f 4885/4885/4885 4886/4886/4886 4887/4887/4887
f 4888/4888/4888 4889/4889/4889 4890/4890/4890
f 4891/4891/4891 4892/4892/4892 4893/4893/4893
f 4894/4894/4894 4895/4895/4895 4896/4896/4896
f 4897/4897/4897 4898/4898/4898 4899/4899/4899
f 4900/4900/4900 4901/4901/4901 4902/4902/4902
g face_texture_5
usemtl tex_5
v -358.028169 4.441315 -425.765258
v -358.375587 11.323944 -443.474178
v -362.638498 9.107981 -426.826291
v -353.342723 6.676056 -442.150235
v -358.375587 11.323944 -443.474178
v -358.028169 4.441315 -425.765258
v -322.835681 9.107981 -412.629108
v -319.859155 6.676056 -428.525822
v -327.079812 4.441315 -414.723005
v -315.323944 11.323944 -425.962441
v -319.859155 6.676056 -428.525822
v -322.835681 9.107981 -412.629108
v -363.568075 2.657277 -409.492958
v -362.638498 9.107981 -426.826291
v -368.197183 7.333333 -410.422535
v -358.028169 4.441315 -425.765258
v -362.638498 9.107981 -426.826291
v -363.568075 2.657277 -409.492958
v -327.671362 7.333333 -398.441315
v -327.079812 4.441315 -414.723005
v -332.056338 2.657277 -400.178404
v -322.835681 9.107981 -412.629108
v -327.079812 4.441315 -414.723005
v -327.671362 7.333333 -398.441315
v -368.215962 1.295775 -392.629108
v -368.197183 7.333333 -410.422535
v -372.863850 5.981221 -393.352113
v -363.568075 2.657277 -409.492958
v -368.197183 7.333333 -410.422535
v -368.215962 1.295775 -392.629108
v -331.596244 5.981221 -384.291080
v -332.056338 2.657277 -400.178404
v -336.122066 1.295775 -385.586854
v -327.671362 7.333333 -398.441315
v -332.056338 2.657277 -400.178404
v -331.596244 5.981221 -384.291080
v -371.615023 0.394366 -375.014085
v -372.863850 5.981221 -393.352113
v -376.291080 5.089202 -375.427230
v -368.215962 1.295775 -392.629108
v -372.863850 5.981221 -393.352113
v -371.615023 0.394366 -375.014085
v -334.338028 5.089202 -370.403756
v -336.122066 1.295775 -385.586854
v -338.985915 0.394366 -371.107981
v -331.596244 5.981221 -384.291080
v -336.122066 1.295775 -385.586854
v -334.338028 5.089202 -370.403756
v -373.183099 0.009390 -356.863850
v -376.291080 5.089202 -375.427230
v -377.877934 4.704225 -356.882629
v -371.615023 0.394366 -375.014085
v -376.291080 5.089202 -375.427230
v -373.183099 0.009390 -356.863850
v -335.624413 4.704225 -356.629108
v -338.985915 0.394366 -371.107981
v -340.319249 0.009390 -356.666667
v -334.338028 5.089202 -370.403756
v -338.985915 0.394366 -371.107981
v -335.624413 4.704225 -356.629108
v -373.239437 0.000000 -340.384977
v -377.877934 4.704225 -356.882629
v -377.934272 4.685446 -340.384977
v -373.183099 0.009390 -356.863850
v -377.877934 4.704225 -356.882629
v -373.239437 0.000000 -340.384977
v -335.680751 4.685446 -340.384977
v -340.319249 0.009390 -356.666667
v -340.375587 0.000000 -340.384977
v -335.624413 4.704225 -356.629108
v -340.319249 0.009390 -356.666667
v -335.680751 4.685446 -340.384977
v 131.511737 4.685446 172.197183
v 144.685446 0.000000 185.107981
v 134.291080 0.000000 170.563380
v 142.075117 4.685446 187.154930
v 144.685446 0.000000 185.107981
v 131.511737 4.685446 172.197183
v 122.976526 4.704225 155.399061
v 134.291080 0.000000 170.563380
v 125.906103 0.009390 154.281690
v 131.511737 4.685446 172.197183
v 134.291080 0.000000 170.563380
v 122.976526 4.704225 155.399061
v 117.511737 4.788732 137.239437
v 125.906103 0.009390 154.281690
v 120.516432 0.093897 136.694836
v 122.976526 4.704225 155.399061
v 125.906103 0.009390 154.281690
v 117.511737 4.788732 137.239437
v 115.530516 4.920188 118.431925
v 120.516432 0.093897 136.694836
v 118.516432 0.225352 118.450704
v 117.511737 4.788732 137.239437
v 120.516432 0.093897 136.694836
v 115.530516 4.920188 118.431925
v 117.004695 5.051643 99.774648
v 118.516432 0.225352 118.450704
v 119.877934 0.356808 100.328638
v 115.530516 4.920188 118.431925
v 118.516432 0.225352 118.450704
v 117.004695 5.051643 99.774648
v 121.539906 5.126761 81.887324
v 119.877934 0.356808 100.328638
v 124.225352 0.431925 82.892019
v 117.004695 5.051643 99.774648
v 119.877934 0.356808 100.328638
v 121.539906 5.126761 81.887324
v 128.647887 5.070423 65.070423
v 124.225352 0.431925 82.892019
v 131.107981 0.375587 66.488263
v 121.539906 5.126761 81.887324
v 124.225352 0.431925 82.892019
v 128.647887 5.070423 65.070423
v 138.018779 4.798122 49.370892
v 131.107981 0.375587 66.488263
v 140.178404 0.103286 51.164319
v 128.647887 5.070423 65.070423
v 131.107981 0.375587 66.488263
v 138.018779 4.798122 49.370892
v 165.230047 -0.262911 51.314554
v 158.197183 4.798122 64.600939
v 167.230047 4.422535 53.258216
v 155.887324 0.103286 63.004695
v 158.197183 4.798122 64.600939
v 165.230047 -0.262911 51.314554
v 149.549296 4.422535 35.446009
v 140.178404 0.103286 51.164319
v 151.483568 -0.262911 37.455399
v 138.018779 4.798122 49.370892
v 140.178404 0.103286 51.164319
v 149.549296 4.422535 35.446009
v 176.525822 -0.403756 40.309859
v 167.230047 4.422535 53.258216
v 178.356808 4.281690 42.384977
v 165.230047 -0.262911 51.314554
v 167.230047 4.422535 53.258216
v 176.525822 -0.403756 40.309859
v 161.971831 4.281690 23.643192
v 151.483568 -0.262911 37.455399
v 163.784038 -0.403756 25.727700
v 149.549296 4.422535 35.446009
v 151.483568 -0.262911 37.455399
v 161.971831 4.281690 23.643192
v 188.619718 -0.431925 29.802817
v 178.356808 4.281690 42.384977
v 190.347418 4.253521 31.943662
v 176.525822 -0.403756 40.309859
v 178.356808 4.281690 42.384977
v 188.619718 -0.431925 29.802817
v 174.807512 4.253521 12.760563
v 163.784038 -0.403756 25.727700
v 176.535211 -0.431925 14.882629
v 161.971831 4.281690 23.643192
v 163.784038 -0.403756 25.727700
v 174.807512 4.253521 12.760563
v 201.164319 -0.394366 19.652582
v 190.347418 4.253521 31.943662
v 202.807512 4.281690 21.821596
v 188.619718 -0.431925 29.802817
v 190.347418 4.253521 31.943662
v 201.164319 -0.394366 19.652582
v 187.896714 4.291080 2.413146
v 176.535211 -0.431925 14.882629
v 189.568075 -0.394366 4.553991
v 174.807512 4.253521 12.760563
v 176.535211 -0.431925 14.882629
v 187.896714 4.291080 2.413146
v 214.000000 -0.328638 9.765258
v 202.807512 4.281690 21.821596
v 215.586854 4.356808 11.953052
v 201.164319 -0.394366 19.652582
v 202.807512 4.281690 21.821596
v 214.000000 -0.328638 9.765258
v 201.183099 4.366197 -7.558685
v 189.568075 -0.394366 4.553991
v 202.798122 -0.319249 -5.408451
v 187.896714 4.291080 2.413146
v 189.568075 -0.394366 4.553991
v 201.183099 4.366197 -7.558685
v 227.042254 -0.225352 0.093897
v 215.586854 4.356808 11.953052
v 228.572770 4.460094 2.291080
v 214.000000 -0.328638 9.765258
v 215.586854 4.356808 11.953052
v 227.042254 -0.225352 0.093897
v 214.610329 4.460094 -17.267606
v 202.798122 -0.319249 -5.408451
v 216.187793 -0.225352 -15.107981
v 201.183099 4.366197 -7.558685
v 202.798122 -0.319249 -5.408451
v 214.610329 4.460094 -17.267606
v 240.253521 -0.122066 -9.380282
v 228.572770 4.460094 2.291080
v 241.737089 4.563380 -7.192488
v 227.042254 -0.225352 0.093897
v 228.572770 4.460094 2.291080
v 240.253521 -0.122066 -9.380282
v 228.169014 4.572770 -26.751174
v 216.187793 -0.225352 -15.107981
v 229.699531 -0.112676 -24.591549
v 214.610329 4.460094 -17.267606
v 216.187793 -0.225352 -15.107981
v 228.169014 4.572770 -26.751174
v 253.586854 -0.028169 -18.694836
v 241.737089 4.563380 -7.192488
v 255.042254 4.657277 -16.516432
v 240.253521 -0.122066 -9.380282
v 241.737089 4.563380 -7.192488
v 253.586854 -0.028169 -18.694836
v 241.859155 4.657277 -36.056338
v 229.699531 -0.112676 -24.591549
v 243.333333 -0.028169 -33.896714
v 228.169014 4.572770 -26.751174
v 229.699531 -0.112676 -24.591549
v 241.859155 4.657277 -36.056338
v 267.023474 0.000000 -27.793427
v 255.042254 4.657277 -16.516432
v 268.431925 4.685446 -25.615023
v 253.586854 -0.028169 -18.694836
v 255.042254 4.657277 -16.516432
v 267.023474 0.000000 -27.793427
v 255.718310 4.694836 -45.192488
v 243.333333 -0.028169 -33.896714
v 257.126761 0.000000 -43.014085
v 241.859155 4.657277 -36.056338
v 243.333333 -0.028169 -33.896714
v 255.718310 4.694836 -45.192488
v 280.826291 0.000000 -36.901408
v 268.431925 4.685446 -25.615023
v 282.262911 4.685446 -34.769953
v 267.023474 0.000000 -27.793427
v 268.431925 4.685446 -25.615023
v 280.826291 0.000000 -36.901408
v 266.779343 4.694836 -53.934272
v 257.126761 0.000000 -43.014085
v 268.215962 0.000000 -51.802817
v 255.718310 4.694836 -45.192488
v 257.126761 0.000000 -43.014085
v 266.779343 4.694836 -53.934272
v 297.061033 0.000000 -46.431925
v 282.262911 4.685446 -34.769953
v 298.563380 4.685446 -44.375587
v 280.826291 0.000000 -36.901408
v 282.262911 4.685446 -34.769953
v 297.061033 0.000000 -46.431925
v 278.469484 4.694836 -62.826291
v 268.215962 0.000000 -51.802817
v 279.971831 0.000000 -60.779343
v 266.779343 4.694836 -53.934272
v 268.215962 0.000000 -51.802817
v 278.469484 4.694836 -62.826291
v 315.877934 0.000000 -56.647887
v 298.563380 4.685446 -44.375587
v 317.483568 4.685446 -54.704225
v 297.061033 0.000000 -46.431925
v 298.563380 4.685446 -44.375587
v 315.877934 0.000000 -56.647887
v 289.877934 4.694836 -72.140845
v 279.971831 0.000000 -60.779343
v 291.483568 0.000000 -70.206573
v 278.469484 4.694836 -62.826291
v 279.971831 0.000000 -60.779343
v 289.877934 4.694836 -72.140845
v 330.610329 0.000000 -67.868545
v 317.483568 4.685446 -54.704225
v 332.366197 4.685446 -66.093897
v 315.877934 0.000000 -56.647887
v 317.483568 4.685446 -54.704225
v 330.610329 0.000000 -67.868545
v 303.615023 4.694836 -82.018779
v 291.483568 0.000000 -70.206573
v 305.370892 0.000000 -80.253521
v 289.877934 4.694836 -72.140845
v 291.483568 0.000000 -70.206573
v 303.615023 4.694836 -82.018779
v 344.093897 0.000000 -80.600939
v 332.366197 4.685446 -66.093897
v 346.056338 4.694836 -79.107981
v 330.610329 0.000000 -67.868545
v 332.366197 4.685446 -66.093897
v 344.093897 0.000000 -80.600939
v 312.197183 4.694836 -92.563380
v 305.370892 0.000000 -80.253521
v 314.159624 0.000000 -91.061033
v 303.615023 4.694836 -82.018779
v 305.370892 0.000000 -80.253521
v 312.197183 4.694836 -92.563380
v 353.708920 0.000000 -95.765258
v 346.056338 4.694836 -79.107981
v 355.934272 4.694836 -94.779343
v 344.093897 0.000000 -80.600939
v 346.056338 4.694836 -79.107981
v 353.708920 0.000000 -95.765258
v 318.244131 4.694836 -103.615023
v 314.159624 0.000000 -91.061033
v 320.478873 0.000000 -102.638498
v 312.197183 4.694836 -92.563380
v 314.159624 0.000000 -91.061033
v 318.244131 4.694836 -103.615023
v 360.413146 0.000000 -114.441315
v 355.934272 4.694836 -94.779343
v 362.816901 4.694836 -114.403756
v 353.708920 0.000000 -95.765258
v 355.934272 4.694836 -94.779343
v 360.413146 0.000000 -114.441315
v 320.929577 4.694836 -114.666667
v 320.478873 0.000000 -102.638498
v 323.333333 0.000000 -114.638498
v 318.244131 4.694836 -103.615023
v 320.478873 0.000000 -102.638498
v 320.929577 4.694836 -114.666667
v 361.164319 0.000000 -133.145540
v 362.816901 4.694836 -114.403756
v 363.455399 4.694836 -133.821596
v 360.413146 0.000000 -114.441315
v 362.816901 4.694836 -114.403756
v 361.164319 0.000000 -133.145540
v 319.680751 4.685446 -127.671362
v 323.333333 0.000000 -114.638498
v 321.962441 0.000000 -128.356808
v 320.929577 4.694836 -114.666667
v 323.333333 0.000000 -114.638498
v 319.680751 4.685446 -127.671362
v 356.816901 0.000000 -148.985915
v 363.455399 4.694836 -133.821596
v 359.061033 4.694836 -149.718310
v 361.164319 0.000000 -133.145540
v 363.455399 4.694836 -133.821596
v 356.816901 0.000000 -148.985915
v 315.230047 4.685446 -143.107981
v 321.962441 0.000000 -128.356808
v 317.464789 0.000000 -143.849765
v 319.680751 4.685446 -127.671362
v 321.962441 0.000000 -128.356808
v 315.230047 4.685446 -143.107981
v 350.769953 0.000000 -164.657277
v 359.061033 4.694836 -149.718310
v 352.976526 4.694836 -165.427230
v 356.816901 0.000000 -148.985915
v 359.061033 4.694836 -149.718310
v 350.769953 0.000000 -164.657277
v 310.544601 4.694836 -158.507042
v 317.464789 0.000000 -143.849765
v 312.751174 0.000000 -159.276995
v 315.230047 4.685446 -143.107981
v 317.464789 0.000000 -143.849765
v 310.544601 4.694836 -158.507042
v 343.868545 0.000000 -180.187793
v 352.976526 4.694836 -165.427230
v 346.037559 4.694836 -180.976526
v 350.769953 0.000000 -164.657277
v 352.976526 4.694836 -165.427230
v 343.868545 0.000000 -180.187793
v 305.258216 4.694836 -173.868545
v 312.751174 0.000000 -159.276995
v 307.427230 0.000000 -174.657277
v 310.544601 4.694836 -158.507042
v 312.751174 0.000000 -159.276995
v 305.258216 4.694836 -173.868545
v 338.140845 0.000000 -195.596244
v 346.037559 4.694836 -180.976526
v 340.281690 4.694836 -196.394366
v 343.868545 0.000000 -180.187793
v 346.037559 4.694836 -180.976526
v 338.140845 0.000000 -195.596244
v 299.755869 4.694836 -189.220657
v 307.427230 0.000000 -174.657277
v 301.896714 0.000000 -190.018779
v 305.258216 4.694836 -173.868545
v 307.427230 0.000000 -174.657277
v 299.755869 4.694836 -189.220657
v 332.319249 0.000000 -210.938967
v 340.281690 4.694836 -196.394366
v 334.441315 4.694836 -211.727700
v 338.140845 0.000000 -195.596244
v 340.281690 4.694836 -196.394366
v 332.319249 0.000000 -210.938967
v 294.131455 4.685446 -204.582160
v 301.896714 0.000000 -190.018779
v 296.244131 0.000000 -205.370892
v 299.755869 4.694836 -189.220657
v 301.896714 0.000000 -190.018779
v 294.131455 4.685446 -204.582160
v 326.507042 0.000000 -226.225352
v 334.441315 4.694836 -211.727700
v 328.600939 4.694836 -227.004695
v 332.319249 0.000000 -210.938967
v 334.441315 4.694836 -211.727700
v 326.507042 0.000000 -226.225352
v 288.460094 4.694836 -219.990610
v 296.244131 0.000000 -205.370892
v 290.563380 0.000000 -220.769953
v 294.131455 4.685446 -204.582160
v 296.244131 0.000000 -205.370892
v 288.460094 4.694836 -219.990610
v 320.769953 0.000000 -241.502347
v 328.600939 4.694836 -227.004695
v 322.854460 4.694836 -242.253521
v 326.507042 0.000000 -226.225352
v 328.600939 4.694836 -227.004695
v 320.769953 0.000000 -241.502347
v 282.835681 4.685446 -235.464789
v 290.563380 0.000000 -220.769953
v 284.920188 0.000000 -236.225352
v 288.460094 4.694836 -219.990610
v 290.563380 0.000000 -220.769953
v 282.835681 4.685446 -235.464789
v 314.948357 0.000000 -257.183099
v 322.854460 4.694836 -242.253521
v 316.976526 4.694836 -258.028169
v 320.769953 0.000000 -241.502347
v 322.854460 4.694836 -242.253521
v 314.948357 0.000000 -257.183099
v 277.464789 4.694836 -250.478873
v 284.920188 0.000000 -236.225352
v 279.492958 0.000000 -251.314554
v 282.835681 4.685446 -235.464789
v 284.920188 0.000000 -236.225352
v 277.464789 4.694836 -250.478873
v 308.497653 0.000000 -272.338028
v 316.976526 4.694836 -258.028169
v 310.497653 4.694836 -273.192488
v 314.948357 0.000000 -257.183099
v 316.976526 4.694836 -258.028169
v 308.497653 0.000000 -272.338028
v 271.230047 4.694836 -265.511737
v 279.492958 0.000000 -251.314554
v 273.230047 0.000000 -266.366197
v 277.464789 4.694836 -250.478873
v 279.492958 0.000000 -251.314554
v 271.230047 4.694836 -265.511737
v 302.272300 0.000000 -287.004695
v 310.497653 4.694836 -273.192488
v 304.300469 4.694836 -287.727700
v 308.497653 0.000000 -272.338028
v 310.497653 4.694836 -273.192488
v 302.272300 0.000000 -287.004695
v 264.779343 4.694836 -281.201878
v 273.230047 0.000000 -266.366197
v 266.807512 0.000000 -281.924883
v 271.230047 4.694836 -265.511737
v 273.230047 0.000000 -266.366197
v 264.779343 4.694836 -281.201878
v 297.295775 0.000000 -301.502347
v 304.300469 4.694836 -287.727700
v 299.389671 4.694836 -301.924883
v 302.272300 0.000000 -287.004695
v 304.300469 4.694836 -287.727700
v 297.295775 0.000000 -301.502347
v 259.295775 4.685446 -298.056338
v 266.807512 0.000000 -281.924883
v 261.389671 0.000000 -298.488263
v 264.779343 4.694836 -281.201878
v 266.807512 0.000000 -281.924883
v 259.295775 4.685446 -298.056338
v 292.469484 0.000000 -315.887324
v 299.389671 4.694836 -301.924883
v 294.591549 4.694836 -315.812207
v 297.295775 0.000000 -301.502347
v 299.389671 4.694836 -301.924883
v 292.469484 0.000000 -315.887324
v 256.497653 4.694836 -316.460094
v 261.389671 0.000000 -298.488263
v 258.610329 0.000000 -316.384977
v 259.295775 4.685446 -298.056338
v 261.389671 0.000000 -298.488263
v 256.497653 4.694836 -316.460094
v 291.727700 0.000000 -330.000000
v 294.591549 4.694836 -315.812207
v 293.708920 4.694836 -329.314554
v 292.469484 0.000000 -315.887324
v 294.591549 4.694836 -315.812207
v 291.727700 0.000000 -330.000000
v 257.755869 4.694836 -336.347418
v 258.610329 0.000000 -316.384977
v 259.746479 0.000000 -335.652582
v 256.497653 4.694836 -316.460094
v 258.610329 0.000000 -316.384977
v 257.755869 4.694836 -336.347418
v 292.685446 0.000000 -343.361502
v 293.708920 4.694836 -329.314554
v 294.394366 4.694836 -342.169014
v 291.727700 0.000000 -330.000000
v 293.708920 4.694836 -329.314554
v 292.685446 0.000000 -343.361502
v 267.549296 4.694836 -355.361502
v 259.746479 0.000000 -335.652582
v 269.258216 0.000000 -354.159624
v 257.755869 4.694836 -336.347418
v 259.746479 0.000000 -335.652582
v 267.549296 4.694836 -355.361502
v 299.708920 0.000000 -352.619718
v 294.394366 4.694836 -342.169014
v 301.145540 4.685446 -351.117371
v 292.685446 0.000000 -343.361502
v 294.394366 4.694836 -342.169014
v 299.708920 0.000000 -352.619718
v 280.713615 4.694836 -371.089202
v 269.258216 0.000000 -354.159624
v 282.140845 0.000000 -369.586854
v 267.549296 4.694836 -355.361502
v 269.258216 0.000000 -354.159624
v 280.713615 4.694836 -371.089202
v 311.558685 0.000000 -362.694836
v 301.145540 4.685446 -351.117371
v 312.751174 4.685446 -361.014085
v 299.708920 0.000000 -352.619718
v 301.145540 4.685446 -351.117371
v 311.558685 0.000000 -362.694836
v 294.845070 4.694836 -385.042254
v 282.140845 0.000000 -369.586854
v 296.037559 0.000000 -383.361502
v 280.713615 4.694836 -371.089202
v 282.140845 0.000000 -369.586854
v 294.845070 4.694836 -385.042254
v 324.910798 0.000000 -371.070423
v 312.751174 4.685446 -361.014085
v 325.887324 4.685446 -369.267606
v 311.558685 0.000000 -362.694836
v 312.751174 4.685446 -361.014085
v 324.910798 0.000000 -371.070423
v 312.018779 4.694836 -394.150235
v 296.037559 0.000000 -383.361502
v 312.995305 0.000000 -392.347418
v 294.845070 4.694836 -385.042254
v 296.037559 0.000000 -383.361502
v 312.018779 4.694836 -394.150235
v 619.699531 0.000000 -582.309859
v 633.737089 0.000000 -564.319249
v 633.830986 0.000000 -582.291080
v 619.539906 0.000000 -565.915493
v 633.737089 0.000000 -564.319249
v 619.699531 0.000000 -582.309859
v 607.953052 0.000000 -583.070423
v 619.539906 0.000000 -565.915493
v 619.699531 0.000000 -582.309859
v 607.943662 0.000000 -569.023474
v 619.539906 0.000000 -565.915493
v 607.953052 0.000000 -583.070423
v 619.708920 0.084507 -598.694836
v 633.830986 0.000000 -582.291080
v 633.370892 0.084507 -598.694836
v 619.699531 0.000000 -582.309859
v 633.830986 0.000000 -582.291080
v 619.708920 0.084507 -598.694836
v 607.971831 0.084507 -598.375587
v 619.699531 0.000000 -582.309859
v 619.708920 0.084507 -598.694836
v 607.953052 0.000000 -583.070423
v 619.699531 0.000000 -582.309859
v 607.971831 0.084507 -598.375587
v 619.708920 1.276995 -615.032864
v 633.370892 0.084507 -598.694836
v 632.910798 1.276995 -615.032864
v 619.708920 0.084507 -598.694836
v 633.370892 0.084507 -598.694836
v 619.708920 1.276995 -615.032864
v 608.112676 1.276995 -615.032864
v 619.708920 0.084507 -598.694836
v 619.708920 1.276995 -615.032864
v 607.971831 0.084507 -598.375587
v 619.708920 0.084507 -598.694836
v 608.112676 1.276995 -615.032864
v 619.708920 3.849765 -631.211268
v 632.910798 1.276995 -615.032864
v 633.098592 3.849765 -631.211268
v 619.708920 1.276995 -615.032864
v 632.910798 1.276995 -615.032864
v 619.708920 3.849765 -631.211268
v 607.924883 3.849765 -631.211268
v 619.708920 1.276995 -615.032864
v 619.708920 3.849765 -631.211268
v 608.112676 1.276995 -615.032864
v 619.708920 1.276995 -615.032864
v 607.924883 3.849765 -631.211268
v 619.708920 7.887324 -647.089202
v 633.098592 3.849765 -631.211268
v 633.295775 7.887324 -647.089202
v 619.708920 3.849765 -631.211268
v 633.098592 3.849765 -631.211268
v 619.708920 7.887324 -647.089202
v 607.727700 7.887324 -647.089202
v 619.708920 3.849765 -631.211268
v 619.708920 7.887324 -647.089202
v 607.924883 3.849765 -631.211268
v 619.708920 3.849765 -631.211268
v 607.727700 7.887324 -647.089202
v 619.708920 13.474178 -662.478873
v 633.295775 7.887324 -647.089202
v 633.502347 13.474178 -662.478873
v 619.708920 7.887324 -647.089202
v 633.295775 7.887324 -647.089202
v 619.708920 13.474178 -662.478873
v 607.521127 13.474178 -662.478873
v 619.708920 7.887324 -647.089202
v 619.708920 13.474178 -662.478873
v 607.727700 7.887324 -647.089202
v 619.708920 7.887324 -647.089202
v 607.521127 13.474178 -662.478873
v 619.708920 20.741784 -677.164319
v 633.502347 13.474178 -662.478873
v 633.089202 20.741784 -677.164319
v 619.708920 13.474178 -662.478873
v 633.502347 13.474178 -662.478873
v 619.708920 20.741784 -677.164319
v 607.192488 20.741784 -677.164319
v 619.708920 13.474178 -662.478873
v 619.708920 20.741784 -677.164319
v 607.521127 13.474178 -662.478873
v 619.708920 13.474178 -662.478873
v 607.192488 20.741784 -677.164319
vn 0.649658 0.705811 0.281738
vn 0.649658 0.705811 0.281738
vn 0.649658 0.705811 0.281738
vn 0.649658 0.705811 0.281738
vn 0.649658 0.705811 0.281738
vn 0.649658 0.705811 0.281738
vn -0.656982 0.710205 -0.251953
vn -0.656982 0.710205 -0.251953
vn -0.656982 0.710205 -0.251953
vn -0.656982 0.710205 -0.251953
vn -0.656982 0.710205 -0.251953
vn -0.656982 0.710205 -0.251953
vn 0.648438 0.700195 0.298096
vn 0.648438 0.700195 0.298096
vn 0.648438 0.700195 0.298096
vn 0.648438 0.700195 0.298096
vn 0.648438 0.700195 0.298096
vn 0.648438 0.700195 0.298096
vn -0.693359 0.704834 -0.147949
vn -0.693359 0.704834 -0.147949
vn -0.693359 0.704834 -0.147949
vn -0.693359 0.704834 -0.147949
vn -0.693359 0.704834 -0.147949
vn -0.693359 0.704834 -0.147949
vn 0.670166 0.701904 0.240967
vn 0.670166 0.701904 0.240967
vn 0.670166 0.701904 0.240967
vn 0.670166 0.701904 0.240967
vn 0.670166 0.701904 0.240967
vn 0.670166 0.701904 0.240967
vn -0.696045 0.706543 -0.125488
vn -0.696045 0.706543 -0.125488
vn -0.696045 0.706543 -0.125488
vn -0.696045 0.706543 -0.125488
vn -0.696045 0.706543 -0.125488
vn -0.696045 0.706543 -0.125488
vn 0.690430 0.703125 0.168945
vn 0.690430 0.703125 0.168945
vn 0.690430 0.703125 0.168945
vn 0.690430 0.703125 0.168945
vn 0.690430 0.703125 0.168945
vn 0.690430 0.703125 0.168945
vn -0.700439 0.707275 -0.092773
vn -0.700439 0.707275 -0.092773
vn -0.700439 0.707275 -0.092773
vn -0.700439 0.707275 -0.092773
vn -0.700439 0.707275 -0.092773
vn -0.700439 0.707275 -0.092773
vn 0.704834 0.705078 0.075684
vn 0.704834 0.705078 0.075684
vn 0.704834 0.705078 0.075684
vn 0.704834 0.705078 0.075684
vn 0.704834 0.705078 0.075684
vn 0.704834 0.705078 0.075684
vn -0.706055 0.706299 -0.045898
vn -0.706055 0.706299 -0.045898
vn -0.706055 0.706299 -0.045898
vn -0.706055 0.706299 -0.045898
vn -0.706055 0.706299 -0.045898
vn -0.706055 0.706299 -0.045898
vn 0.707031 0.707031 0.002930
vn 0.707031 0.707031 0.002930
vn 0.707031 0.707031 0.002930
vn 0.707031 0.707031 0.002930
vn 0.707031 0.707031 0.002930
vn 0.707031 0.707031 0.002930
vn -0.707031 0.707031 -0.001709
vn -0.707031 0.707031 -0.001709
vn -0.707031 0.707031 -0.001709
vn -0.707031 0.707031 -0.001709
vn -0.707031 0.707031 -0.001709
vn -0.707031 0.707031 -0.001709
vn 0.673340 0.565430 -0.475830
vn 0.673340 0.565430 -0.475830
vn 0.673340 0.565430 -0.475830
vn 0.673340 0.565430 -0.475830
vn 0.673340 0.565430 -0.475830
vn 0.673340 0.565430 -0.475830
vn 0.742676 0.553467 -0.376465
vn 0.742676 0.553467 -0.376465
vn 0.742676 0.553467 -0.376465
vn 0.742676 0.553467 -0.376465
vn 0.742676 0.553467 -0.376465
vn 0.742676 0.553467 -0.376465
vn 0.804443 0.543213 -0.239502
vn 0.804443 0.543213 -0.239502
vn 0.804443 0.543213 -0.239502
vn 0.804443 0.543213 -0.239502
vn 0.804443 0.543213 -0.239502
vn 0.804443 0.543213 -0.239502
vn 0.841064 0.534180 -0.084717
vn 0.841064 0.534180 -0.084717
vn 0.841064 0.534180 -0.084717
vn 0.841064 0.534180 -0.084717
vn 0.841064 0.534180 -0.084717
vn 0.841064 0.534180 -0.084717
vn 0.847168 0.526123 0.070557
vn 0.847168 0.526123 0.070557
vn 0.847168 0.526123 0.070557
vn 0.847168 0.526123 0.070557
vn 0.847168 0.526123 0.070557
vn 0.847168 0.526123 0.070557
vn 0.827637 0.519531 0.211914
vn 0.827637 0.519531 0.211914
vn 0.827637 0.519531 0.211914
vn 0.827637 0.519531 0.211914
vn 0.827637 0.519531 0.211914
vn 0.827637 0.519531 0.211914
vn 0.790527 0.513916 0.332275
vn 0.790527 0.513916 0.332275
vn 0.790527 0.513916 0.332275
vn 0.790527 0.513916 0.332275
vn 0.790527 0.513916 0.332275
vn 0.790527 0.513916 0.332275
vn 0.742920 0.509033 0.434326
vn 0.742920 0.509033 0.434326
vn 0.742920 0.509033 0.434326
vn 0.742920 0.509033 0.434326
vn 0.742920 0.509033 0.434326
vn 0.742920 0.509033 0.434326
vn -0.664062 0.509277 -0.547119
vn -0.664062 0.509277 -0.547119
vn -0.664062 0.509277 -0.547119
vn -0.664062 0.509277 -0.547119
vn -0.664062 0.509277 -0.547119
vn -0.664062 0.509277 -0.547119
vn 0.669922 0.507568 0.541504
vn 0.669922 0.507568 0.541504
vn 0.669922 0.507568 0.541504
vn 0.669922 0.507568 0.541504
vn 0.669922 0.507568 0.541504
vn 0.669922 0.507568 0.541504
vn -0.597900 0.507324 -0.620361
vn -0.597900 0.507324 -0.620361
vn -0.597900 0.507324 -0.620361
vn -0.597900 0.507324 -0.620361
vn -0.597900 0.507324 -0.620361
vn -0.597900 0.507324 -0.620361
vn 0.596680 0.506836 0.622070
vn 0.596680 0.506836 0.622070
vn 0.596680 0.506836 0.622070
vn 0.596680 0.506836 0.622070
vn 0.596680 0.506836 0.622070
vn 0.596680 0.506836 0.622070
vn -0.565430 0.504395 -0.652344
vn -0.565430 0.504395 -0.652344
vn -0.565430 0.504395 -0.652344
vn -0.565430 0.504395 -0.652344
vn -0.565430 0.504395 -0.652344
vn -0.565430 0.504395 -0.652344
vn 0.559082 0.503906 0.657959
vn 0.559082 0.503906 0.657959
vn 0.559082 0.503906 0.657959
vn 0.559082 0.503906 0.657959
vn 0.559082 0.503906 0.657959
vn 0.559082 0.503906 0.657959
vn -0.545166 0.501221 -0.671631
vn -0.545166 0.501221 -0.671631
vn -0.545166 0.501221 -0.671631
vn -0.545166 0.501221 -0.671631
vn -0.545166 0.501221 -0.671631
vn -0.545166 0.501221 -0.671631
vn 0.535645 0.500977 0.679688
vn 0.535645 0.500977 0.679688
vn 0.535645 0.500977 0.679688
vn 0.535645 0.500977 0.679688
vn 0.535645 0.500977 0.679688
vn 0.535645 0.500977 0.679688
vn -0.530762 0.497803 -0.685547
vn -0.530762 0.497803 -0.685547
vn -0.530762 0.497803 -0.685547
vn -0.530762 0.497803 -0.685547
vn -0.530762 0.497803 -0.685547
vn -0.530762 0.497803 -0.685547
vn 0.519043 0.497559 0.694580
vn 0.519043 0.497559 0.694580
vn 0.519043 0.497559 0.694580
vn 0.519043 0.497559 0.694580
vn 0.519043 0.497559 0.694580
vn 0.519043 0.497559 0.694580
vn -0.519775 0.494385 -0.696289
vn -0.519775 0.494385 -0.696289
vn -0.519775 0.494385 -0.696289
vn -0.519775 0.494385 -0.696289
vn -0.519775 0.494385 -0.696289
vn -0.519775 0.494385 -0.696289
vn 0.506836 0.494141 0.706299
vn 0.506836 0.494141 0.706299
vn 0.506836 0.494141 0.706299
vn 0.506836 0.494141 0.706299
vn 0.506836 0.494141 0.706299
vn 0.506836 0.494141 0.706299
vn -0.510498 0.490967 -0.705566
vn -0.510498 0.490967 -0.705566
vn -0.510498 0.490967 -0.705566
vn -0.510498 0.490967 -0.705566
vn -0.510498 0.490967 -0.705566
vn -0.510498 0.490967 -0.705566
vn 0.496826 0.490479 0.715576
vn 0.496826 0.490479 0.715576
vn 0.496826 0.490479 0.715576
vn 0.496826 0.490479 0.715576
vn 0.496826 0.490479 0.715576
vn 0.496826 0.490479 0.715576
vn -0.501953 0.487305 -0.714111
vn -0.501953 0.487305 -0.714111
vn -0.501953 0.487305 -0.714111
vn -0.501953 0.487305 -0.714111
vn -0.501953 0.487305 -0.714111
vn -0.501953 0.487305 -0.714111
vn 0.488770 0.486816 0.723633
vn 0.488770 0.486816 0.723633
vn 0.488770 0.486816 0.723633
vn 0.488770 0.486816 0.723633
vn 0.488770 0.486816 0.723633
vn 0.488770 0.486816 0.723633
vn -0.491455 0.483643 -0.723877
vn -0.491455 0.483643 -0.723877
vn -0.491455 0.483643 -0.723877
vn -0.491455 0.483643 -0.723877
vn -0.491455 0.483643 -0.723877
vn -0.491455 0.483643 -0.723877
vn 0.480957 0.483154 0.731201
vn 0.480957 0.483154 0.731201
vn 0.480957 0.483154 0.731201
vn 0.480957 0.483154 0.731201
vn 0.480957 0.483154 0.731201
vn 0.480957 0.483154 0.731201
vn -0.483154 0.479980 -0.731934
vn -0.483154 0.479980 -0.731934
vn -0.483154 0.479980 -0.731934
vn -0.483154 0.479980 -0.731934
vn -0.483154 0.479980 -0.731934
vn -0.483154 0.479980 -0.731934
vn 0.544189 0.478516 0.688721
vn 0.544189 0.478516 0.688721
vn 0.544189 0.478516 0.688721
vn 0.544189 0.478516 0.688721
vn 0.544189 0.478516 0.688721
vn 0.544189 0.478516 0.688721
vn -0.445312 0.474365 -0.759033
vn -0.445312 0.474365 -0.759033
vn -0.445312 0.474365 -0.759033
vn -0.445312 0.474365 -0.759033
vn -0.445312 0.474365 -0.759033
vn -0.445312 0.474365 -0.759033
vn 0.532227 0.475586 0.699951
vn 0.532227 0.475586 0.699951
vn 0.532227 0.475586 0.699951
vn 0.532227 0.475586 0.699951
vn 0.532227 0.475586 0.699951
vn 0.532227 0.475586 0.699951
vn -0.421875 0.465332 -0.777832
vn -0.421875 0.465332 -0.777832
vn -0.421875 0.465332 -0.777832
vn -0.421875 0.465332 -0.777832
vn -0.421875 0.465332 -0.777832
vn -0.421875 0.465332 -0.777832
vn 0.557617 0.471924 0.682617
vn 0.557617 0.471924 0.682617
vn 0.557617 0.471924 0.682617
vn 0.557617 0.471924 0.682617
vn 0.557617 0.471924 0.682617
vn 0.557617 0.471924 0.682617
vn -0.536133 0.465332 -0.703857
vn -0.536133 0.465332 -0.703857
vn -0.536133 0.465332 -0.703857
vn -0.536133 0.465332 -0.703857
vn -0.536133 0.465332 -0.703857
vn -0.536133 0.465332 -0.703857
vn 0.517090 0.463623 0.719238
vn 0.517090 0.463623 0.719238
vn 0.517090 0.463623 0.719238
vn 0.517090 0.463623 0.719238
vn 0.517090 0.463623 0.719238
vn 0.517090 0.463623 0.719238
vn -0.609863 0.459717 -0.645264
vn -0.609863 0.459717 -0.645264
vn -0.609863 0.459717 -0.645264
vn -0.609863 0.459717 -0.645264
vn -0.609863 0.459717 -0.645264
vn -0.609863 0.459717 -0.645264
vn 0.686768 0.464111 0.559082
vn 0.686768 0.464111 0.559082
vn 0.686768 0.464111 0.559082
vn 0.686768 0.464111 0.559082
vn 0.686768 0.464111 0.559082
vn 0.686768 0.464111 0.559082
vn -0.751465 0.456299 -0.476074
vn -0.751465 0.456299 -0.476074
vn -0.751465 0.456299 -0.476074
vn -0.751465 0.456299 -0.476074
vn -0.751465 0.456299 -0.476074
vn -0.751465 0.456299 -0.476074
vn 0.779297 0.459229 0.426025
vn 0.779297 0.459229 0.426025
vn 0.779297 0.459229 0.426025
vn 0.779297 0.459229 0.426025
vn 0.779297 0.459229 0.426025
vn 0.779297 0.459229 0.426025
vn -0.846680 0.436523 -0.303955
vn -0.846680 0.436523 -0.303955
vn -0.846680 0.436523 -0.303955
vn -0.846680 0.436523 -0.303955
vn -0.846680 0.436523 -0.303955
vn -0.846680 0.436523 -0.303955
vn 0.868896 0.447266 0.210693
vn 0.868896 0.447266 0.210693
vn 0.868896 0.447266 0.210693
vn 0.868896 0.447266 0.210693
vn 0.868896 0.447266 0.210693
vn 0.868896 0.447266 0.210693
vn -0.900635 0.432617 -0.036377
vn -0.900635 0.432617 -0.036377
vn -0.900635 0.432617 -0.036377
vn -0.900635 0.432617 -0.036377
vn -0.900635 0.432617 -0.036377
vn -0.900635 0.432617 -0.036377
vn 0.890625 0.446045 -0.085449
vn 0.890625 0.446045 -0.085449
vn 0.890625 0.446045 -0.085449
vn 0.890625 0.446045 -0.085449
vn 0.890625 0.446045 -0.085449
vn 0.890625 0.446045 -0.085449
vn -0.861816 0.448242 0.236328
vn -0.861816 0.448242 0.236328
vn -0.861816 0.448242 0.236328
vn -0.861816 0.448242 0.236328
vn -0.861816 0.448242 0.236328
vn -0.861816 0.448242 0.236328
vn 0.858398 0.448975 -0.247559
vn 0.858398 0.448975 -0.247559
vn 0.858398 0.448975 -0.247559
vn 0.858398 0.448975 -0.247559
vn 0.858398 0.448975 -0.247559
vn 0.858398 0.448975 -0.247559
vn -0.835449 0.444824 0.322266
vn -0.835449 0.444824 0.322266
vn -0.835449 0.444824 0.322266
vn -0.835449 0.444824 0.322266
vn -0.835449 0.444824 0.322266
vn -0.835449 0.444824 0.322266
vn 0.856689 0.444824 -0.260254
vn 0.856689 0.444824 -0.260254
vn 0.856689 0.444824 -0.260254
vn 0.856689 0.444824 -0.260254
vn 0.856689 0.444824 -0.260254
vn 0.856689 0.444824 -0.260254
vn -0.820312 0.440430 0.364502
vn -0.820312 0.440430 0.364502
vn -0.820312 0.440430 0.364502
vn -0.820312 0.440430 0.364502
vn -0.820312 0.440430 0.364502
vn -0.820312 0.440430 0.364502
vn 0.848389 0.441162 -0.292236
vn 0.848389 0.441162 -0.292236
vn 0.848389 0.441162 -0.292236
vn 0.848389 0.441162 -0.292236
vn 0.848389 0.441162 -0.292236
vn 0.848389 0.441162 -0.292236
vn -0.842773 0.437500 0.313232
vn -0.842773 0.437500 0.313232
vn -0.842773 0.437500 0.313232
vn -0.842773 0.437500 0.313232
vn -0.842773 0.437500 0.313232
vn -0.842773 0.437500 0.313232
vn 0.846191 0.437500 -0.303223
vn 0.846191 0.437500 -0.303223
vn 0.846191 0.437500 -0.303223
vn 0.846191 0.437500 -0.303223
vn 0.846191 0.437500 -0.303223
vn 0.846191 0.437500 -0.303223
vn -0.842285 0.433594 0.319336
vn -0.842285 0.433594 0.319336
vn -0.842285 0.433594 0.319336
vn -0.842285 0.433594 0.319336
vn -0.842285 0.433594 0.319336
vn -0.842285 0.433594 0.319336
vn 0.845703 0.434082 -0.309814
vn 0.845703 0.434082 -0.309814
vn 0.845703 0.434082 -0.309814
vn 0.845703 0.434082 -0.309814
vn 0.845703 0.434082 -0.309814
vn 0.845703 0.434082 -0.309814
vn -0.843506 0.430420 0.320801
vn -0.843506 0.430420 0.320801
vn -0.843506 0.430420 0.320801
vn -0.843506 0.430420 0.320801
vn -0.843506 0.430420 0.320801
vn -0.843506 0.430420 0.320801
vn 0.847168 0.430420 -0.311279
vn 0.847168 0.430420 -0.311279
vn 0.847168 0.430420 -0.311279
vn 0.847168 0.430420 -0.311279
vn 0.847168 0.430420 -0.311279
vn 0.847168 0.430420 -0.311279
vn -0.846436 0.426514 0.317871
vn -0.846436 0.426514 0.317871
vn -0.846436 0.426514 0.317871
vn -0.846436 0.426514 0.317871
vn -0.846436 0.426514 0.317871
vn -0.846436 0.426514 0.317871
vn 0.849609 0.427246 -0.308838
vn 0.849609 0.427246 -0.308838
vn 0.849609 0.427246 -0.308838
vn 0.849609 0.427246 -0.308838
vn 0.849609 0.427246 -0.308838
vn 0.849609 0.427246 -0.308838
vn -0.849365 0.423340 0.314941
vn -0.849365 0.423340 0.314941
vn -0.849365 0.423340 0.314941
vn -0.849365 0.423340 0.314941
vn -0.849365 0.423340 0.314941
vn -0.849365 0.423340 0.314941
vn 0.853027 0.423096 -0.305176
vn 0.853027 0.423096 -0.305176
vn 0.853027 0.423096 -0.305176
vn 0.853027 0.423096 -0.305176
vn 0.853027 0.423096 -0.305176
vn 0.853027 0.423096 -0.305176
vn -0.834717 0.420166 0.355469
vn -0.834717 0.420166 0.355469
vn -0.834717 0.420166 0.355469
vn -0.834717 0.420166 0.355469
vn -0.834717 0.420166 0.355469
vn -0.834717 0.420166 0.355469
vn 0.838135 0.420166 -0.347168
vn 0.838135 0.420166 -0.347168
vn 0.838135 0.420166 -0.347168
vn 0.838135 0.420166 -0.347168
vn 0.838135 0.420166 -0.347168
vn 0.838135 0.420166 -0.347168
vn -0.836670 0.416504 0.354980
vn -0.836670 0.416504 0.354980
vn -0.836670 0.416504 0.354980
vn -0.836670 0.416504 0.354980
vn -0.836670 0.416504 0.354980
vn -0.836670 0.416504 0.354980
vn 0.840332 0.416748 -0.345703
vn 0.840332 0.416748 -0.345703
vn 0.840332 0.416748 -0.345703
vn 0.840332 0.416748 -0.345703
vn 0.840332 0.416748 -0.345703
vn 0.840332 0.416748 -0.345703
vn -0.862061 0.411133 0.295898
vn -0.862061 0.411133 0.295898
vn -0.862061 0.411133 0.295898
vn -0.862061 0.411133 0.295898
vn -0.862061 0.411133 0.295898
vn -0.862061 0.411133 0.295898
vn 0.866211 0.412354 -0.281738
vn 0.866211 0.412354 -0.281738
vn 0.866211 0.412354 -0.281738
vn 0.866211 0.412354 -0.281738
vn 0.866211 0.412354 -0.281738
vn 0.866211 0.412354 -0.281738
vn -0.873047 0.389404 0.292725
vn -0.873047 0.389404 0.292725
vn -0.873047 0.389404 0.292725
vn -0.873047 0.389404 0.292725
vn -0.873047 0.389404 0.292725
vn -0.873047 0.389404 0.292725
vn 0.903564 0.405518 -0.137207
vn 0.903564 0.405518 -0.137207
vn 0.903564 0.405518 -0.137207
vn 0.903564 0.405518 -0.137207
vn 0.903564 0.405518 -0.137207
vn 0.903564 0.405518 -0.137207
vn -0.922363 0.383057 0.048584
vn -0.922363 0.383057 0.048584
vn -0.922363 0.383057 0.048584
vn -0.922363 0.383057 0.048584
vn -0.922363 0.383057 0.048584
vn -0.922363 0.383057 0.048584
vn 0.916260 0.396240 0.058105
vn 0.916260 0.396240 0.058105
vn 0.916260 0.396240 0.058105
vn 0.916260 0.396240 0.058105
vn 0.916260 0.396240 0.058105
vn 0.916260 0.396240 0.058105
vn -0.931641 0.356689 -0.066895
vn -0.931641 0.356689 -0.066895
vn -0.931641 0.356689 -0.066895
vn -0.931641 0.356689 -0.066895
vn -0.931641 0.356689 -0.066895
vn -0.931641 0.356689 -0.066895
vn 0.813477 0.403320 0.418701
vn 0.813477 0.403320 0.418701
vn 0.813477 0.403320 0.418701
vn 0.813477 0.403320 0.418701
vn 0.813477 0.403320 0.418701
vn 0.813477 0.403320 0.418701
vn -0.729980 0.399902 -0.553955
vn -0.729980 0.399902 -0.553955
vn -0.729980 0.399902 -0.553955
vn -0.729980 0.399902 -0.553955
vn -0.729980 0.399902 -0.553955
vn -0.729980 0.399902 -0.553955
vn 0.702148 0.401611 0.587646
vn 0.702148 0.401611 0.587646
vn 0.702148 0.401611 0.587646
vn 0.702148 0.401611 0.587646
vn 0.702148 0.401611 0.587646
vn 0.702148 0.401611 0.587646
vn -0.593262 0.400879 -0.697754
vn -0.593262 0.400879 -0.697754
vn -0.593262 0.400879 -0.697754
vn -0.593262 0.400879 -0.697754
vn -0.593262 0.400879 -0.697754
vn -0.593262 0.400879 -0.697754
vn 0.644531 0.397461 0.652832
vn 0.644531 0.397461 0.652832
vn 0.644531 0.397461 0.652832
vn 0.644531 0.397461 0.652832
vn 0.644531 0.397461 0.652832
vn 0.644531 0.397461 0.652832
vn -0.487061 0.399658 -0.776367
vn -0.487061 0.399658 -0.776367
vn -0.487061 0.399658 -0.776367
vn -0.487061 0.399658 -0.776367
vn -0.487061 0.399658 -0.776367
vn -0.487061 0.399658 -0.776367
vn 0.429199 0.400146 0.809570
vn 0.429199 0.400146 0.809570
vn 0.429199 0.400146 0.809570
vn 0.429199 0.400146 0.809570
vn 0.429199 0.400146 0.809570
vn 0.429199 0.400146 0.809570
vn 0.000000 1.000000 0.000000
vn 0.000000 1.000000 0.000000
vn 0.000000 1.000000 0.000000
vn 0.000000 1.000000 0.000000
vn 0.000000 1.000000 0.000000
vn 0.000000 1.000000 0.000000
vn 0.000000 1.000000 0.000000
vn 0.000000 1.000000 0.000000
vn 0.000000 1.000000 0.000000
vn 0.000000 1.000000 0.000000
vn 0.000000 1.000000 0.000000
vn 0.000000 1.000000 0.000000
vn 0.000000 0.999756 0.005127
vn 0.000000 0.999756 0.005127
vn 0.000000 0.999756 0.005127
vn 0.000000 0.999756 0.005127
vn 0.000000 0.999756 0.005127
vn 0.000000 0.999756 0.005127
vn 0.000000 0.999756 0.005371
vn 0.000000 0.999756 0.005371
vn 0.000000 0.999756 0.005371
vn 0.000000 0.999756 0.005371
vn 0.000000 0.999756 0.005371
vn 0.000000 0.999756 0.005371
vn 0.000000 0.997314 0.072998
vn 0.000000 0.997314 0.072998
vn 0.000000 0.997314 0.072998
vn 0.000000 0.997314 0.072998
vn 0.000000 0.997314 0.072998
vn 0.000000 0.997314 0.072998
vn 0.000000 0.997314 0.071533
vn 0.000000 0.997314 0.071533
vn 0.000000 0.997314 0.071533
vn 0.000000 0.997314 0.071533
vn 0.000000 0.997314 0.071533
vn 0.000000 0.997314 0.071533
vn 0.000000 0.987549 0.156738
vn 0.000000 0.987549 0.156738
vn 0.000000 0.987549 0.156738
vn 0.000000 0.987549 0.156738
vn 0.000000 0.987549 0.156738
vn 0.000000 0.987549 0.156738
vn 0.000000 0.987549 0.156738
vn 0.000000 0.987549 0.156738
vn 0.000000 0.987549 0.156738
vn 0.000000 0.987549 0.156738
vn 0.000000 0.987549 0.156738
vn 0.000000 0.987549 0.156738
vn 0.000000 0.968994 0.246338
vn 0.000000 0.968994 0.246338
vn 0.000000 0.968994 0.246338
vn 0.000000 0.968994 0.246338
vn 0.000000 0.968994 0.246338
vn 0.000000 0.968994 0.246338
vn 0.000000 0.968994 0.246338
vn 0.000000 0.968994 0.246338
vn 0.000000 0.968994 0.246338
vn 0.000000 0.968994 0.246338
vn 0.000000 0.968994 0.246338
vn 0.000000 0.968994 0.246338
vn 0.000000 0.939697 0.341309
vn 0.000000 0.939697 0.341309
vn 0.000000 0.939697 0.341309
vn 0.000000 0.939697 0.341309
vn 0.000000 0.939697 0.341309
vn 0.000000 0.939697 0.341309
vn 0.000000 0.939697 0.341309
vn 0.000000 0.939697 0.341309
vn 0.000000 0.939697 0.341309
vn 0.000000 0.939697 0.341309
vn 0.000000 0.939697 0.341309
vn 0.000000 0.939697 0.341309
vn 0.000000 0.896240 0.443115
vn 0.000000 0.896240 0.443115
vn 0.000000 0.896240 0.443115
vn 0.000000 0.896240 0.443115
vn 0.000000 0.896240 0.443115
vn 0.000000 0.896240 0.443115
vn 0.000000 0.896240 0.443115
vn 0.000000 0.896240 0.443115
vn 0.000000 0.896240 0.443115
vn 0.000000 0.896240 0.443115
vn 0.000000 0.896240 0.443115
vn 0.000000 0.896240 0.443115
vt 1.000000 0.000000
vt 0.000000 1.000000
vt 0.000000 0.000000
vt 1.000000 1.000000
vt 0.000000 1.000000
vt 1.000000 0.000000
vt 0.000000 0.000000
vt 1.000000 1.000000
vt 1.000000 0.000000
vt 0.000000 1.000000
vt 1.000000 1.000000
vt 0.000000 0.000000
vt 1.000000 0.000000
vt 0.000000 1.000000
vt 0.000000 0.000000
vt 1.000000 1.000000
vt 0.000000 1.000000
vt 1.000000 0.000000
vt 0.000000 0.000000
vt 1.000000 1.000000
vt 1.000000 0.000000
vt 0.000000 1.000000
vt 1.000000 1.000000
vt 0.000000 0.000000
vt 1.000000 0.000000
vt 0.000000 1.000000
vt 0.000000 0.000000
vt 1.000000 1.000000
vt 0.000000 1.000000
vt 1.000000 0.000000
vt 0.000000 0.000000
vt 1.000000 1.000000
vt 1.000000 0.000000
vt 0.000000 1.000000
vt 1.000000 1.000000
vt 0.000000 0.000000
vt 1.000000 0.000000
vt 0.000000 1.000000
vt 0.000000 0.000000
vt 1.000000 1.000000
vt 0.000000 1.000000
vt 1.000000 0.000000
vt 0.000000 0.000000
vt 1.000000 1.000000
vt 1.000000 0.000000
vt 0.000000 1.000000
vt 1.000000 1.000000
vt 0.000000 0.000000
vt 1.000000 0.000000
vt 0.000000 1.000000
vt 0.000000 0.000000
vt 1.000000 1.000000
vt 0.000000 1.000000
vt 1.000000 0.000000
vt 0.000000 0.000000
vt 1.000000 1.000000
vt 1.000000 0.000000
vt 0.000000 1.000000
vt 1.000000 1.000000
vt 0.000000 0.000000
vt 1.000000 0.000000
vt 0.000000 1.000000
vt 0.000000 0.000000
vt 1.000000 1.000000
vt 0.000000 1.000000
vt 1.000000 0.000000
vt 0.000000 0.000000
vt 1.000000 1.000000
vt 1.000000 0.000000
vt 0.000000 1.000000
vt 1.000000 1.000000
vt 0.000000 0.000000
vt 0.000000 0.000000
vt 1.000000 1.000000
vt 1.000000 0.000000
vt 0.000000 1.000000
vt 1.000000 1.000000
vt 0.000000 0.000000
vt 0.000000 0.000000
vt 1.000000 1.000000
vt 1.000000 0.000000
vt 0.000000 1.000000
vt 1.000000 1.000000
vt 0.000000 0.000000
vt 0.000000 0.000000
vt 1.000000 1.000000
vt 1.000000 0.000000
vt 0.000000 1.000000
vt 1.000000 1.000000
vt 0.000000 0.000000
vt 0.000000 0.000000
vt 1.000000 1.000000
vt 1.000000 0.000000
vt 0.000000 1.000000
vt 1.000000 1.000000
vt 0.000000 0.000000
vt 0.000000 0.000000
vt 1.000000 1.000000
vt 1.000000 0.000000
vt 0.000000 1.000000
vt 1.000000 1.000000
vt 0.000000 0.000000
vt 0.000000 0.000000
vt 1.000000 1.000000
vt 1.000000 0.000000
vt 0.000000 1.000000
vt 1.000000 1.000000
vt 0.000000 0.000000
vt 0.000000 0.000000
vt 1.000000 1.000000
vt 1.000000 0.000000
vt 0.000000 1.000000
vt 1.000000 1.000000
vt 0.000000 0.000000
vt 0.000000 0.000000
vt 1.000000 1.000000
vt 1.000000 0.000000
vt 0.000000 1.000000
vt 1.000000 1.000000
vt 0.000000 0.000000
vt 1.000000 0.000000
vt 0.000000 1.000000
vt 0.000000 0.000000
vt 1.000000 1.000000
vt 0.000000 1.000000
vt 1.000000 0.000000
vt 0.000000 0.000000
vt 1.000000 1.000000
vt 1.000000 0.000000
vt 0.000000 1.000000
vt 1.000000 1.000000
vt 0.000000 0.000000
vt 1.000000 0.000000
vt 0.000000 1.000000
vt 0.000000 0.000000
vt 1.000000 1.000000
vt 0.000000 1.000000
vt 1.000000 0.000000
vt 0.000000 0.000000
vt 1.000000 1.000000
vt 1.000000 0.000000
vt 0.000000 1.000000
vt 1.000000 1.000000
vt 0.000000 0.000000
vt 1.000000 0.000000
vt 0.000000 1.000000
vt 0.000000 0.000000
vt 1.000000 1.000000
vt 0.000000 1.000000
vt 1.000000 0.000000
vt 0.000000 0.000000
vt 1.000000 1.000000
vt 1.000000 0.000000
vt 0.000000 1.000000
vt 1.000000 1.000000
vt 0.000000 0.000000
vt 1.000000 0.000000
vt 0.000000 1.000000
vt 0.000000 0.000000
vt 1.000000 1.000000
vt 0.000000 1.000000
vt 1.000000 0.000000
vt 0.000000 0.000000
vt 1.000000 1.000000
vt 1.000000 0.000000
vt 0.000000 1.000000
vt 1.000000 1.000000
vt 0.000000 0.000000
vt 1.000000 0.000000
vt 0.000000 1.000000
vt 0.000000 0.000000
vt 1.000000 1.000000
vt 0.000000 1.000000
vt 1.000000 0.000000
vt 0.000000 0.000000
vt 1.000000 1.000000
vt 1.000000 0.000000
vt 0.000000 1.000000
vt 1.000000 1.000000
vt 0.000000 0.000000
vt 1.000000 0.000000
vt 0.000000 1.000000
vt 0.000000 0.000000
vt 1.000000 1.000000
vt 0.000000 1.000000
vt 1.000000 0.000000
vt 0.000000 0.000000
vt 1.000000 1.000000
vt 1.000000 0.000000
vt 0.000000 1.000000
vt 1.000000 1.000000
vt 0.000000 0.000000
vt 1.000000 0.000000
vt 0.000000 1.000000
vt 0.000000 0.000000
vt 1.000000 1.000000
vt 0.000000 1.000000
vt 1.000000 0.000000
vt 0.000000 0.000000
vt 1.000000 1.000000
vt 1.000000 0.000000
vt 0.000000 1.000000
vt 1.000000 1.000000
vt 0.000000 0.000000
vt 1.000000 0.000000
vt 0.000000 1.000000
vt 0.000000 0.000000
vt 1.000000 1.000000
vt 0.000000 1.000000
vt 1.000000 0.000000
vt 0.000000 0.000000
vt 1.000000 1.000000
vt 1.000000 0.000000
vt 0.000000 1.000000
vt 1.000000 1.000000
vt 0.000000 0.000000
vt 1.000000 0.000000
vt 0.000000 1.000000
vt 0.000000 0.000000
vt 1.000000 1.000000
vt 0.000000 1.000000
vt 1.000000 0.000000
vt 0.000000 0.000000
vt 1.000000 1.000000
vt 1.000000 0.000000
vt 0.000000 1.000000
vt 1.000000 1.000000
vt 0.000000 0.000000
vt 1.000000 0.000000
vt 0.000000 1.000000
vt 0.000000 0.000000
vt 1.000000 1.000000
vt 0.000000 1.000000
vt 1.000000 0.000000
vt 0.000000 0.000000
vt 1.000000 1.000000
vt 1.000000 0.000000
vt 0.000000 1.000000
vt 1.000000 1.000000
vt 0.000000 0.000000
vt 1.000000 0.000000
vt 0.000000 1.000000
vt 0.000000 0.000000
vt 1.000000 1.000000
vt 0.000000 1.000000
vt 1.000000 0.000000
vt 0.000000 0.000000
vt 1.000000 1.000000
vt 1.000000 0.000000
vt 0.000000 1.000000
vt 1.000000 1.000000
vt 0.000000 0.000000
vt 1.000000 0.000000
vt 0.000000 1.000000
vt 0.000000 0.000000
vt 1.000000 1.000000
vt 0.000000 1.000000
vt 1.000000 0.000000
vt 0.000000 0.000000
vt 1.000000 1.000000
vt 1.000000 0.000000
vt 0.000000 1.000000
vt 1.000000 1.000000
vt 0.000000 0.000000
vt 1.000000 0.000000
vt 0.000000 1.000000
vt 0.000000 0.000000
vt 1.000000 1.000000
vt 0.000000 1.000000
vt 1.000000 0.000000
vt 0.000000 0.000000
vt 1.000000 1.000000
vt 1.000000 0.000000
vt 0.000000 1.000000
vt 1.000000 1.000000
vt 0.000000 0.000000
vt 1.000000 0.000000
vt 0.000000 1.000000
vt 0.000000 0.000000
vt 1.000000 1.000000
vt 0.000000 1.000000
vt 1.000000 0.000000
vt 0.000000 0.000000
vt 1.000000 1.000000
vt 1.000000 0.000000
vt 0.000000 1.000000
vt 1.000000 1.000000
vt 0.000000 0.000000
vt 1.000000 0.000000
vt 0.000000 1.000000
vt 0.000000 0.000000
vt 1.000000 1.000000
vt 0.000000 1.000000
vt 1.000000 0.000000
vt 0.000000 0.000000
vt 1.000000 1.000000
vt 1.000000 0.000000
vt 0.000000 1.000000
vt 1.000000 1.000000
vt 0.000000 0.000000
vt 1.000000 0.000000
vt 0.000000 1.000000
vt 0.000000 0.000000
vt 1.000000 1.000000
vt 0.000000 1.000000
vt 1.000000 0.000000
vt 0.000000 0.000000
vt 1.000000 1.000000
vt 1.000000 0.000000
vt 0.000000 1.000000
vt 1.000000 1.000000
vt 0.000000 0.000000
vt 1.000000 0.000000
vt 0.000000 1.000000
vt 0.000000 0.000000
vt 1.000000 1.000000
vt 0.000000 1.000000
vt 1.000000 0.000000
vt 0.000000 0.000000
vt 1.000000 1.000000
vt 1.000000 0.000000
vt 0.000000 1.000000
vt 1.000000 1.000000
vt 0.000000 0.000000
vt 1.000000 0.000000
vt 0.000000 1.000000
vt 0.000000 0.000000
vt 1.000000 1.000000
vt 0.000000 1.000000
vt 1.000000 0.000000
vt 0.000000 0.000000
vt 1.000000 1.000000
vt 1.000000 0.000000
vt 0.000000 1.000000
vt 1.000000 1.000000
vt 0.000000 0.000000
vt 1.000000 0.000000
vt 0.000000 1.000000
vt 0.000000 0.000000
vt 1.000000 1.000000
vt 0.000000 1.000000
vt 1.000000 0.000000
vt 0.000000 0.000000
vt 1.000000 1.000000
vt 1.000000 0.000000
vt 0.000000 1.000000
vt 1.000000 1.000000
vt 0.000000 0.000000
vt 1.000000 0.000000
vt 0.000000 1.000000
vt 0.000000 0.000000
vt 1.000000 1.000000
vt 0.000000 1.000000
vt 1.000000 0.000000
vt 0.000000 0.000000
vt 1.000000 1.000000
vt 1.000000 0.000000
vt 0.000000 1.000000
vt 1.000000 1.000000
vt 0.000000 0.000000
vt 1.000000 0.000000
vt 0.000000 1.000000
vt 0.000000 0.000000
vt 1.000000 1.000000
vt 0.000000 1.000000
vt 1.000000 0.000000
vt 0.000000 0.000000
vt 1.000000 1.000000
vt 1.000000 0.000000
vt 0.000000 1.000000
vt 1.000000 1.000000
vt 0.000000 0.000000
vt 1.000000 0.000000
vt 0.000000 1.000000
vt 0.000000 0.000000
vt 1.000000 1.000000
vt 0.000000 1.000000
vt 1.000000 0.000000
vt 0.000000 0.000000
vt 1.000000 1.000000
vt 1.000000 0.000000
vt 0.000000 1.000000
vt 1.000000 1.000000
vt 0.000000 0.000000
vt 1.000000 0.000000
vt 0.000000 1.000000
vt 0.000000 0.000000
vt 1.000000 1.000000
vt 0.000000 1.000000
vt 1.000000 0.000000
vt 0.000000 0.000000
vt 1.000000 1.000000
vt 1.000000 0.000000
vt 0.000000 1.000000
vt 1.000000 1.000000
vt 0.000000 0.000000
vt 1.000000 0.000000
vt 0.000000 1.000000
vt 0.000000 0.000000
vt 1.000000 1.000000
vt 0.000000 1.000000
vt 1.000000 0.000000
vt 0.000000 0.000000
vt 1.000000 1.000000
vt 1.000000 0.000000
vt 0.000000 1.000000
vt 1.000000 1.000000
vt 0.000000 0.000000
vt 1.000000 0.000000
vt 0.000000 1.000000
vt 0.000000 0.000000
vt 1.000000 1.000000
vt 0.000000 1.000000
vt 1.000000 0.000000
vt 0.000000 0.000000
vt 1.000000 1.000000
vt 1.000000 0.000000
vt 0.000000 1.000000
vt 1.000000 1.000000
vt 0.000000 0.000000
vt 1.000000 0.000000
vt 0.000000 1.000000
vt 0.000000 0.000000
vt 1.000000 1.000000
vt 0.000000 1.000000
vt 1.000000 0.000000
vt 0.000000 0.000000
vt 1.000000 1.000000
vt 1.000000 0.000000
vt 0.000000 1.000000
vt 1.000000 1.000000
vt 0.000000 0.000000
vt 1.000000 0.000000
vt 0.000000 1.000000
vt 0.000000 0.000000
vt 1.000000 1.000000
vt 0.000000 1.000000
vt 1.000000 0.000000
vt 0.000000 0.000000
vt 1.000000 1.000000
vt 1.000000 0.000000
vt 0.000000 1.000000
vt 1.000000 1.000000
vt 0.000000 0.000000
vt 1.000000 0.000000
vt 0.000000 1.000000
vt 0.000000 0.000000
vt 1.000000 1.000000
vt 0.000000 1.000000
vt 1.000000 0.000000
vt 0.000000 0.000000
vt 1.000000 1.000000
vt 1.000000 0.000000
vt 0.000000 1.000000
vt 1.000000 1.000000
vt 0.000000 0.000000
vt 1.000000 0.000000
vt 0.000000 1.000000
vt 0.000000 0.000000
vt 1.000000 1.000000
vt 0.000000 1.000000
vt 1.000000 0.000000
vt 0.000000 0.000000
vt 1.000000 1.000000
vt 1.000000 0.000000
vt 0.000000 1.000000
vt 1.000000 1.000000
vt 0.000000 0.000000
vt 1.000000 0.000000
vt 0.000000 1.000000
vt 0.000000 0.000000
vt 1.000000 1.000000
vt 0.000000 1.000000
vt 1.000000 0.000000
vt 0.000000 0.000000
vt 1.000000 1.000000
vt 1.000000 0.000000
vt 0.000000 1.000000
vt 1.000000 1.000000
vt 0.000000 0.000000
vt 1.000000 0.000000
vt 0.000000 1.000000
vt 0.000000 0.000000
vt 1.000000 1.000000
vt 0.000000 1.000000
vt 1.000000 0.000000
vt 0.000000 0.000000
vt 1.000000 1.000000
vt 1.000000 0.000000
vt 0.000000 1.000000
vt 1.000000 1.000000
vt 0.000000 0.000000
vt 1.000000 0.000000
vt 0.000000 1.000000
vt 0.000000 0.000000
vt 1.000000 1.000000
vt 0.000000 1.000000
vt 1.000000 0.000000
vt 0.000000 0.000000
vt 1.000000 1.000000
vt 1.000000 0.000000
vt 0.000000 1.000000
vt 1.000000 1.000000
vt 0.000000 0.000000
vt 1.000000 0.000000
vt 0.000000 1.000000
vt 0.000000 0.000000
vt 1.000000 1.000000
vt 0.000000 1.000000
vt 1.000000 0.000000
vt 0.000000 0.000000
vt 1.000000 1.000000
vt 1.000000 0.000000
vt 0.000000 1.000000
vt 1.000000 1.000000
vt 0.000000 0.000000
vt 1.000000 0.000000
vt 0.000000 1.000000
vt 0.000000 0.000000
vt 1.000000 1.000000
vt 0.000000 1.000000
vt 1.000000 0.000000
vt 0.000000 0.000000
vt 1.000000 1.000000
vt 1.000000 0.000000
vt 0.000000 1.000000
vt 1.000000 1.000000
vt 0.000000 0.000000
vt 0.000000 0.000000
vt 1.000000 1.000000
vt 1.000000 0.000000
vt 0.000000 1.000000
vt 1.000000 1.000000
vt 0.000000 0.000000
vt 1.000000 0.000000
vt 0.000000 1.000000
vt 0.000000 0.000000
vt 1.000000 1.000000
vt 0.000000 1.000000
vt 1.000000 0.000000
vt 0.000000 0.000000
vt 1.000000 1.000000
vt 1.000000 0.000000
vt 0.000000 1.000000
vt 1.000000 1.000000
vt 0.000000 0.000000
vt 1.000000 0.000000
vt 0.000000 1.000000
vt 0.000000 0.000000
vt 1.000000 1.000000
vt 0.000000 1.000000
vt 1.000000 0.000000
vt 0.000000 0.000000
vt 1.000000 1.000000
vt 1.000000 0.000000
vt 0.000000 1.000000
vt 1.000000 1.000000
vt 0.000000 0.000000
vt 1.000000 0.000000
vt 0.000000 1.000000
vt 0.000000 0.000000
vt 1.000000 1.000000
vt 0.000000 1.000000
vt 1.000000 0.000000
vt 0.000000 0.000000
vt 1.000000 1.000000
vt 1.000000 0.000000
vt 0.000000 1.000000
vt 1.000000 1.000000
vt 0.000000 0.000000
vt 1.000000 0.000000
vt 0.000000 1.000000
vt 0.000000 0.000000
vt 1.000000 1.000000
vt 0.000000 1.000000
vt 1.000000 0.000000
vt 0.000000 0.000000
vt 1.000000 1.000000
vt 1.000000 0.000000
vt 0.000000 1.000000
vt 1.000000 1.000000
vt 0.000000 0.000000
vt 1.000000 0.000000
vt 0.000000 1.000000
vt 0.000000 0.000000
vt 1.000000 1.000000
vt 0.000000 1.000000
vt 1.000000 0.000000
vt 0.000000 0.000000
vt 1.000000 1.000000
vt 1.000000 0.000000
vt 0.000000 1.000000
vt 1.000000 1.000000
vt 0.000000 0.000000
vt 1.000000 0.000000
vt 0.000000 1.000000
vt 0.000000 0.000000
vt 1.000000 1.000000
vt 0.000000 1.000000
vt 1.000000 0.000000
vt 0.000000 0.000000
vt 1.000000 1.000000
vt 1.000000 0.000000
vt 0.000000 1.000000
vt 1.000000 1.000000
vt 0.000000 0.000000
vt 1.000000 0.000000
vt 0.000000 1.000000
vt 0.000000 0.000000
vt 1.000000 1.000000
vt 0.000000 1.000000
vt 1.000000 0.000000
f 4903/4903/4903 4904/4904/4904 4905/4905/4905
f 4906/4906/4906 4907/4907/4907 4908/4908/4908
f 4909/4909/4909 4910/4910/4910 4911/4911/4911
f 4912/4912/4912 4913/4913/4913 4914/4914/4914
f 4915/4915/4915 4916/4916/4916 4917/4917/4917
f 4918/4918/4918 4919/4919/4919 4920/4920/4920
f 4921/4921/4921 4922/4922/4922 4923/4923/4923
f 4924/4924/4924 4925/4925/4925 4926/4926/4926
f 4927/4927/4927 4928/4928/4928 4929/4929/4929
f 4930/4930/4930 4931/4931/4931 4932/4932/4932
f 4933/4933/4933 4934/4934/4934 4935/4935/4935
f 4936/4936/4936 4937/4937/4937 4938/4938/4938
f 4939/4939/4939 4940/4940/4940 4941/4941/4941
f 4942/4942/4942 4943/4943/4943 4944/4944/4944
f 4945/4945/4945 4946/4946/4946 4947/4947/4947
f 4948/4948/4948 4949/4949/4949 4950/4950/4950
f 4951/4951/4951 4952/4952/4952 4953/4953/4953
f 4954/4954/4954 4955/4955/4955 4956/4956/4956
f 4957/4957/4957 4958/4958/4958 4959/4959/4959
f 4960/4960/4960 4961/4961/4961 4962/4962/4962
f 4963/4963/4963 4964/4964/4964 4965/4965/4965
f 4966/4966/4966 4967/4967/4967 4968/4968/4968
f 4969/4969/4969 4970/4970/4970 4971/4971/4971
f 4972/4972/4972 4973/4973/4973 4974/4974/4974
f 4975/4975/4975 4976/4976/4976 4977/4977/4977
f 4978/4978/4978 4979/4979/4979 4980/4980/4980
f 4981/4981/4981 4982/4982/4982 4983/4983/4983
f 4984/4984/4984 4985/4985/4985 4986/4986/4986
f 4987/4987/4987 4988/4988/4988 4989/4989/4989
f 4990/4990/4990 4991/4991/4991 4992/4992/4992
f 4993/4993/4993 4994/4994/4994 4995/4995/4995
f 4996/4996/4996 4997/4997/4997 4998/4998/4998
f 4999/4999/4999 5000/5000/5000 5001/5001/5001
f 5002/5002/5002 5003/5003/5003 5004/5004/5004
f 5005/5005/5005 5006/5006/5006 5007/5007/5007
f 5008/5008/5008 5009/5009/5009 5010/5010/5010
f 5011/5011/5011 5012/5012/5012 5013/5013/5013
f 5014/5014/5014 5015/5015/5015 5016/5016/5016
f 5017/5017/5017 5018/5018/5018 5019/5019/5019
f 5020/5020/5020 5021/5021/5021 5022/5022/5022
f 5023/5023/5023 5024/5024/5024 5025/5025/5025
f 5026/5026/5026 5027/5027/5027 5028/5028/5028
f 5029/5029/5029 5030/5030/5030 5031/5031/5031
f 5032/5032/5032 5033/5033/5033 5034/5034/5034
f 5035/5035/5035 5036/5036/5036 5037/5037/5037
f 5038/5038/5038 5039/5039/5039 5040/5040/5040
f 5041/5041/5041 5042/5042/5042 5043/5043/5043
f 5044/5044/5044 5045/5045/5045 5046/5046/5046
f 5047/5047/5047 5048/5048/5048 5049/5049/5049
f 5050/5050/5050 5051/5051/5051 5052/5052/5052
f 5053/5053/5053 5054/5054/5054 5055/5055/5055
f 5056/5056/5056 5057/5057/5057 5058/5058/5058
f 5059/5059/5059 5060/5060/5060 5061/5061/5061
f 5062/5062/5062 5063/5063/5063 5064/5064/5064
f 5065/5065/5065 5066/5066/5066 5067/5067/5067
f 5068/5068/5068 5069/5069/5069 5070/5070/5070
f 5071/5071/5071 5072/5072/5072 5073/5073/5073
f 5074/5074/5074 5075/5075/5075 5076/5076/5076
f 5077/5077/5077 5078/5078/5078 5079/5079/5079
f 5080/5080/5080 5081/5081/5081 5082/5082/5082
f 5083/5083/5083 5084/5084/5084 5085/5085/5085
f 5086/5086/5086 5087/5087/5087 5088/5088/5088
f 5089/5089/5089 5090/5090/5090 5091/5091/5091
f 5092/5092/5092 5093/5093/5093 5094/5094/5094
f 5095/5095/5095 5096/5096/5096 5097/5097/5097
f 5098/5098/5098 5099/5099/5099 5100/5100/5100
f 5101/5101/5101 5102/5102/5102 5103/5103/5103
f 5104/5104/5104 5105/5105/5105 5106/5106/5106
f 5107/5107/5107 5108/5108/5108 5109/5109/5109
f 5110/5110/5110 5111/5111/5111 5112/5112/5112
f 5113/5113/5113 5114/5114/5114 5115/5115/5115
f 5116/5116/5116 5117/5117/5117 5118/5118/5118
f 5119/5119/5119 5120/5120/5120 5121/5121/5121
f 5122/5122/5122 5123/5123/5123 5124/5124/5124
f 5125/5125/5125 5126/5126/5126 5127/5127/5127
f 5128/5128/5128 5129/5129/5129 5130/5130/5130
f 5131/5131/5131 5132/5132/5132 5133/5133/5133
f 5134/5134/5134 5135/5135/5135 5136/5136/5136
f 5137/5137/5137 5138/5138/5138 5139/5139/5139
f 5140/5140/5140 5141/5141/5141 5142/5142/5142
f 5143/5143/5143 5144/5144/5144 5145/5145/5145
f 5146/5146/5146 5147/5147/5147 5148/5148/5148
f 5149/5149/5149 5150/5150/5150 5151/5151/5151
f 5152/5152/5152 5153/5153/5153 5154/5154/5154
f 5155/5155/5155 5156/5156/5156 5157/5157/5157
f 5158/5158/5158 5159/5159/5159 5160/5160/5160
f 5161/5161/5161 5162/5162/5162 5163/5163/5163
f 5164/5164/5164 5165/5165/5165 5166/5166/5166
f 5167/5167/5167 5168/5168/5168 5169/5169/5169
f 5170/5170/5170 5171/5171/5171 5172/5172/5172
f 5173/5173/5173 5174/5174/5174 5175/5175/5175
f 5176/5176/5176 5177/5177/5177 5178/5178/5178
f 5179/5179/5179 5180/5180/5180 5181/5181/5181
f 5182/5182/5182 5183/5183/5183 5184/5184/5184
f 5185/5185/5185 5186/5186/5186 5187/5187/5187
f 5188/5188/5188 5189/5189/5189 5190/5190/5190
f 5191/5191/5191 5192/5192/5192 5193/5193/5193
f 5194/5194/5194 5195/5195/5195 5196/5196/5196
f 5197/5197/5197 5198/5198/5198 5199/5199/5199
f 5200/5200/5200 5201/5201/5201 5202/5202/5202
f 5203/5203/5203 5204/5204/5204 5205/5205/5205
f 5206/5206/5206 5207/5207/5207 5208/5208/5208
f 5209/5209/5209 5210/5210/5210 5211/5211/5211
f 5212/5212/5212 5213/5213/5213 5214/5214/5214
f 5215/5215/5215 5216/5216/5216 5217/5217/5217
f 5218/5218/5218 5219/5219/5219 5220/5220/5220
f 5221/5221/5221 5222/5222/5222 5223/5223/5223
f 5224/5224/5224 5225/5225/5225 5226/5226/5226
f 5227/5227/5227 5228/5228/5228 5229/5229/5229
f 5230/5230/5230 5231/5231/5231 5232/5232/5232
f 5233/5233/5233 5234/5234/5234 5235/5235/5235
f 5236/5236/5236 5237/5237/5237 5238/5238/5238
f 5239/5239/5239 5240/5240/5240 5241/5241/5241
f 5242/5242/5242 5243/5243/5243 5244/5244/5244
f 5245/5245/5245 5246/5246/5246 5247/5247/5247
f 5248/5248/5248 5249/5249/5249 5250/5250/5250
f 5251/5251/5251 5252/5252/5252 5253/5253/5253
f 5254/5254/5254 5255/5255/5255 5256/5256/5256
f 5257/5257/5257 5258/5258/5258 5259/5259/5259
f 5260/5260/5260 5261/5261/5261 5262/5262/5262
f 5263/5263/5263 5264/5264/5264 5265/5265/5265
f 5266/5266/5266 5267/5267/5267 5268/5268/5268
f 5269/5269/5269 5270/5270/5270 5271/5271/5271
f 5272/5272/5272 5273/5273/5273 5274/5274/5274
f 5275/5275/5275 5276/5276/5276 5277/5277/5277
f 5278/5278/5278 5279/5279/5279 5280/5280/5280
f 5281/5281/5281 5282/5282/5282 5283/5283/5283
f 5284/5284/5284 5285/5285/5285 5286/5286/5286
f 5287/5287/5287 5288/5288/5288 5289/5289/5289
f 5290/5290/5290 5291/5291/5291 5292/5292/5292
f 5293/5293/5293 5294/5294/5294 5295/5295/5295
f 5296/5296/5296 5297/5297/5297 5298/5298/5298
f 5299/5299/5299 5300/5300/5300 5301/5301/5301
f 5302/5302/5302 5303/5303/5303 5304/5304/5304
f 5305/5305/5305 5306/5306/5306 5307/5307/5307
f 5308/5308/5308 5309/5309/5309 5310/5310/5310
f 5311/5311/5311 5312/5312/5312 5313/5313/5313
f 5314/5314/5314 5315/5315/5315 5316/5316/5316
f 5317/5317/5317 5318/5318/5318 5319/5319/5319
f 5320/5320/5320 5321/5321/5321 5322/5322/5322
f 5323/5323/5323 5324/5324/5324 5325/5325/5325
f 5326/5326/5326 5327/5327/5327 5328/5328/5328
f 5329/5329/5329 5330/5330/5330 5331/5331/5331
f 5332/5332/5332 5333/5333/5333 5334/5334/5334
f 5335/5335/5335 5336/5336/5336 5337/5337/5337
f 5338/5338/5338 5339/5339/5339 5340/5340/5340
f 5341/5341/5341 5342/5342/5342 5343/5343/5343
f 5344/5344/5344 5345/5345/5345 5346/5346/5346
f 5347/5347/5347 5348/5348/5348 5349/5349/5349
f 5350/5350/5350 5351/5351/5351 5352/5352/5352
f 5353/5353/5353 5354/5354/5354 5355/5355/5355
f 5356/5356/5356 5357/5357/5357 5358/5358/5358
f 5359/5359/5359 5360/5360/5360 5361/5361/5361
f 5362/5362/5362 5363/5363/5363 5364/5364/5364
f 5365/5365/5365 5366/5366/5366 5367/5367/5367
f 5368/5368/5368 5369/5369/5369 5370/5370/5370
f 5371/5371/5371 5372/5372/5372 5373/5373/5373
f 5374/5374/5374 5375/5375/5375 5376/5376/5376
f 5377/5377/5377 5378/5378/5378 5379/5379/5379
f 5380/5380/5380 5381/5381/5381 5382/5382/5382
f 5383/5383/5383 5384/5384/5384 5385/5385/5385
f 5386/5386/5386 5387/5387/5387 5388/5388/5388
f 5389/5389/5389 5390/5390/5390 5391/5391/5391
f 5392/5392/5392 5393/5393/5393 5394/5394/5394
f 5395/5395/5395 5396/5396/5396 5397/5397/5397
f 5398/5398/5398 5399/5399/5399 5400/5400/5400
f 5401/5401/5401 5402/5402/5402 5403/5403/5403
f 5404/5404/5404 5405/5405/5405 5406/5406/5406
f 5407/5407/5407 5408/5408/5408 5409/5409/5409
f 5410/5410/5410 5411/5411/5411 5412/5412/5412
f 5413/5413/5413 5414/5414/5414 5415/5415/5415
f 5416/5416/5416 5417/5417/5417 5418/5418/5418
f 5419/5419/5419 5420/5420/5420 5421/5421/5421
f 5422/5422/5422 5423/5423/5423 5424/5424/5424
f 5425/5425/5425 5426/5426/5426 5427/5427/5427
f 5428/5428/5428 5429/5429/5429 5430/5430/5430
f 5431/5431/5431 5432/5432/5432 5433/5433/5433
f 5434/5434/5434 5435/5435/5435 5436/5436/5436
f 5437/5437/5437 5438/5438/5438 5439/5439/5439
f 5440/5440/5440 5441/5441/5441 5442/5442/5442
f 5443/5443/5443 5444/5444/5444 5445/5445/5445
f 5446/5446/5446 5447/5447/5447 5448/5448/5448
f 5449/5449/5449 5450/5450/5450 5451/5451/5451
f 5452/5452/5452 5453/5453/5453 5454/5454/5454
f 5455/5455/5455 5456/5456/5456 5457/5457/5457
f 5458/5458/5458 5459/5459/5459 5460/5460/5460
f 5461/5461/5461 5462/5462/5462 5463/5463/5463
f 5464/5464/5464 5465/5465/5465 5466/5466/5466
f 5467/5467/5467 5468/5468/5468 5469/5469/5469
f 5470/5470/5470 5471/5471/5471 5472/5472/5472
f 5473/5473/5473 5474/5474/5474 5475/5475/5475
f 5476/5476/5476 5477/5477/5477 5478/5478/5478
f 5479/5479/5479 5480/5480/5480 5481/5481/5481
f 5482/5482/5482 5483/5483/5483 5484/5484/5484
f 5485/5485/5485 5486/5486/5486 5487/5487/5487
f 5488/5488/5488 5489/5489/5489 5490/5490/5490
f 5491/5491/5491 5492/5492/5492 5493/5493/5493
f 5494/5494/5494 5495/5495/5495 5496/5496/5496
f 5497/5497/5497 5498/5498/5498 5499/5499/5499
f 5500/5500/5500 5501/5501/5501 5502/5502/5502
f 5503/5503/5503 5504/5504/5504 5505/5505/5505
f 5506/5506/5506 5507/5507/5507 5508/5508/5508
f 5509/5509/5509 5510/5510/5510 5511/5511/5511
f 5512/5512/5512 5513/5513/5513 5514/5514/5514
g face_texture_6
usemtl tex_6
v 215.586854 4.356808 11.953052
v 200.300469 13.680751 18.610329
v 213.145540 13.746479 8.732394
v 202.807512 4.281690 21.821596
v 200.300469 13.680751 18.610329
v 215.586854 4.356808 11.953052
v 203.539906 13.755869 -4.272300
v 187.896714 4.291080 2.413146
v 201.183099 4.366197 -7.558685
v 190.356808 13.680751 5.671362
v 187.896714 4.291080 2.413146
v 203.539906 13.755869 -4.272300
v 228.572770 4.460094 2.291080
v 213.145540 13.746479 8.732394
v 226.206573 13.849765 -0.929577
v 215.586854 4.356808 11.953052
v 213.145540 13.746479 8.732394
v 228.572770 4.460094 2.291080
v 216.892019 13.849765 -13.971831
v 201.183099 4.366197 -7.558685
v 214.610329 4.460094 -17.267606
v 203.539906 13.755869 -4.272300
v 201.183099 4.366197 -7.558685
v 216.892019 13.849765 -13.971831
v 241.737089 4.563380 -7.192488
v 226.206573 13.849765 -0.929577
v 239.436620 13.953052 -10.413146
v 228.572770 4.460094 2.291080
v 226.206573 13.849765 -0.929577
v 241.737089 4.563380 -7.192488
v 230.384977 13.953052 -23.455399
v 214.610329 4.460094 -17.267606
v 228.169014 4.572770 -26.751174
v 216.892019 13.849765 -13.971831
v 214.610329 4.460094 -17.267606
v 230.384977 13.953052 -23.455399
v 255.042254 4.657277 -16.516432
v 239.436620 13.953052 -10.413146
v 252.826291 14.046948 -19.755869
v 241.737089 4.563380 -7.192488
v 239.436620 13.953052 -10.413146
v 255.042254 4.657277 -16.516432
v 244.037559 14.046948 -32.779343
v 228.169014 4.572770 -26.751174
v 241.859155 4.657277 -36.056338
v 230.384977 13.953052 -23.455399
v 228.169014 4.572770 -26.751174
v 244.037559 14.046948 -32.779343
v 268.431925 4.685446 -25.615023
v 252.826291 14.046948 -19.755869
v 266.309859 14.075117 -28.873239
v 255.042254 4.657277 -16.516432
v 252.826291 14.046948 -19.755869
v 268.431925 4.685446 -25.615023
v 257.830986 14.084507 -41.924883
v 241.859155 4.657277 -36.056338
v 255.718310 4.694836 -45.192488
v 244.037559 14.046948 -32.779343
v 241.859155 4.657277 -36.056338
v 257.830986 14.084507 -41.924883
v 298.563380 4.685446 -44.375587
v 280.103286 14.075117 -37.962441
v 296.309859 14.075117 -47.446009
v 282.262911 4.685446 -34.769953
v 280.103286 14.075117 -37.962441
v 298.563380 4.685446 -44.375587
v 280.723005 14.084507 -59.746479
v 266.779343 4.694836 -53.934272
v 278.469484 4.694836 -62.826291
v 268.929577 14.084507 -50.732394
v 266.779343 4.694836 -53.934272
v 280.723005 14.084507 -59.746479
v 317.483568 4.685446 -54.704225
v 296.309859 14.075117 -47.446009
v 315.079812 14.075117 -57.605634
v 298.563380 4.685446 -44.375587
v 296.309859 14.075117 -47.446009
v 317.483568 4.685446 -54.704225
v 292.281690 14.084507 -69.230047
v 278.469484 4.694836 -62.826291
v 289.877934 4.694836 -72.140845
v 280.723005 14.084507 -59.746479
v 278.469484 4.694836 -62.826291
v 292.281690 14.084507 -69.230047
v 332.366197 4.685446 -66.093897
v 315.079812 14.075117 -57.605634
v 329.737089 14.075117 -68.751174
v 317.483568 4.685446 -54.704225
v 315.079812 14.075117 -57.605634
v 332.366197 4.685446 -66.093897
v 306.244131 14.084507 -79.361502
v 289.877934 4.694836 -72.140845
v 303.615023 4.694836 -82.018779
v 292.281690 14.084507 -69.230047
v 289.877934 4.694836 -72.140845
v 306.244131 14.084507 -79.361502
v 346.056338 4.694836 -79.107981
v 329.737089 14.075117 -68.751174
v 343.117371 14.084507 -81.352113
v 332.366197 4.685446 -66.093897
v 329.737089 14.075117 -68.751174
v 346.056338 4.694836 -79.107981
v 315.136150 14.084507 -90.319249
v 303.615023 4.694836 -82.018779
v 312.197183 4.694836 -92.563380
v 306.244131 14.084507 -79.361502
v 303.615023 4.694836 -82.018779
v 315.136150 14.084507 -90.319249
v 355.934272 4.694836 -94.779343
v 343.117371 14.084507 -81.352113
v 352.591549 14.084507 -96.253521
v 346.056338 4.694836 -79.107981
v 343.117371 14.084507 -81.352113
v 355.934272 4.694836 -94.779343
v 321.596244 14.084507 -102.150235
v 312.197183 4.694836 -92.563380
v 318.244131 4.694836 -103.615023
v 315.136150 14.084507 -90.319249
v 312.197183 4.694836 -92.563380
v 321.596244 14.084507 -102.150235
v 363.455399 4.694836 -133.821596
v 359.201878 14.084507 -114.450704
v 360.018779 14.084507 -132.798122
v 362.816901 4.694836 -114.403756
v 359.201878 14.084507 -114.450704
v 363.455399 4.694836 -133.821596
v 323.107981 14.075117 -128.694836
v 320.929577 4.694836 -114.666667
v 319.680751 4.685446 -127.671362
v 324.544601 14.084507 -114.619718
v 320.929577 4.694836 -114.666667
v 323.107981 14.075117 -128.694836
v 359.061033 4.694836 -149.718310
v 360.018779 14.084507 -132.798122
v 355.436620 14.084507 -148.619718
v 363.455399 4.694836 -133.821596
v 360.018779 14.084507 -132.798122
v 359.061033 4.694836 -149.718310
v 318.591549 14.075117 -144.206573
v 319.680751 4.685446 -127.671362
v 315.230047 4.685446 -143.107981
v 323.107981 14.075117 -128.694836
v 319.680751 4.685446 -127.671362
v 318.591549 14.075117 -144.206573
v 352.976526 4.694836 -165.427230
v 355.436620 14.084507 -148.619718
v 349.671362 14.084507 -164.272300
v 359.061033 4.694836 -149.718310
v 355.436620 14.084507 -148.619718
v 352.976526 4.694836 -165.427230
v 313.849765 14.084507 -159.661972
v 315.230047 4.685446 -143.107981
v 310.544601 4.694836 -158.507042
v 318.591549 14.075117 -144.206573
v 315.230047 4.685446 -143.107981
v 313.849765 14.084507 -159.661972
v 346.037559 4.694836 -180.976526
v 349.671362 14.084507 -164.272300
v 342.788732 14.084507 -179.793427
v 352.976526 4.694836 -165.427230
v 349.671362 14.084507 -164.272300
v 346.037559 4.694836 -180.976526
v 308.507042 14.084507 -175.051643
v 310.544601 4.694836 -158.507042
v 305.258216 4.694836 -173.868545
v 313.849765 14.084507 -159.661972
v 310.544601 4.694836 -158.507042
v 308.507042 14.084507 -175.051643
v 340.281690 4.694836 -196.394366
v 342.788732 14.084507 -179.793427
v 337.070423 14.084507 -195.201878
v 346.037559 4.694836 -180.976526
v 342.788732 14.084507 -179.793427
v 340.281690 4.694836 -196.394366
v 302.967136 14.084507 -190.413146
v 305.258216 4.694836 -173.868545
v 299.755869 4.694836 -189.220657
v 308.507042 14.084507 -175.051643
v 305.258216 4.694836 -173.868545
v 302.967136 14.084507 -190.413146
v 328.600939 4.694836 -227.004695
v 331.258216 14.084507 -210.535211
v 325.455399 14.084507 -225.840376
v 334.441315 4.694836 -211.727700
v 331.258216 14.084507 -210.535211
v 328.600939 4.694836 -227.004695
v 291.605634 14.084507 -221.154930
v 294.131455 4.685446 -204.582160
v 288.460094 4.694836 -219.990610
v 297.305164 14.075117 -205.765258
v 294.131455 4.685446 -204.582160
v 291.605634 14.084507 -221.154930
v 322.854460 4.694836 -242.253521
v 325.455399 14.084507 -225.840376
v 319.718310 14.084507 -241.117371
v 328.600939 4.694836 -227.004695
v 325.455399 14.084507 -225.840376
v 322.854460 4.694836 -242.253521
v 285.962441 14.075117 -236.591549
v 288.460094 4.694836 -219.990610
v 282.835681 4.685446 -235.464789
v 291.605634 14.084507 -221.154930
v 288.460094 4.694836 -219.990610
v 285.962441 14.075117 -236.591549
v 316.976526 4.694836 -258.028169
v 319.718310 14.084507 -241.117371
v 313.934272 14.084507 -256.769953
v 322.854460 4.694836 -242.253521
v 319.718310 14.084507 -241.117371
v 316.976526 4.694836 -258.028169
v 280.507042 14.084507 -251.737089
v 282.835681 4.685446 -235.464789
v 277.464789 4.694836 -250.478873
v 285.962441 14.075117 -236.591549
v 282.835681 4.685446 -235.464789
v 280.507042 14.084507 -251.737089
v 310.497653 4.694836 -273.192488
v 313.934272 14.084507 -256.769953
v 307.492958 14.084507 -271.906103
v 316.976526 4.694836 -258.028169
v 313.934272 14.084507 -256.769953
v 310.497653 4.694836 -273.192488
v 274.234742 14.084507 -266.788732
v 277.464789 4.694836 -250.478873
v 271.230047 4.694836 -265.511737
v 280.507042 14.084507 -251.737089
v 277.464789 4.694836 -250.478873
v 274.234742 14.084507 -266.788732
v 304.300469 4.694836 -287.727700
v 307.492958 14.084507 -271.906103
v 301.258216 14.084507 -286.638498
v 310.497653 4.694836 -273.192488
v 307.492958 14.084507 -271.906103
v 304.300469 4.694836 -287.727700
v 267.821596 14.084507 -282.291080
v 271.230047 4.694836 -265.511737
v 264.779343 4.694836 -281.201878
v 274.234742 14.084507 -266.788732
v 271.230047 4.694836 -265.511737
v 267.821596 14.084507 -282.291080
v 294.591549 4.694836 -315.812207
v 296.244131 14.084507 -301.276995
v 291.408451 14.084507 -315.924883
v 299.389671 4.694836 -301.924883
v 296.244131 14.084507 -301.276995
v 294.591549 4.694836 -315.812207
v 259.671362 14.084507 -316.356808
v 259.295775 4.685446 -298.056338
v 256.497653 4.694836 -316.460094
v 262.431925 14.075117 -298.704225
v 259.295775 4.685446 -298.056338
v 259.671362 14.084507 -316.356808
v 293.708920 4.694836 -329.314554
v 291.408451 14.084507 -315.924883
v 289.981221 14.084507 -330.347418
v 294.591549 4.694836 -315.812207
v 291.408451 14.084507 -315.924883
v 293.708920 4.694836 -329.314554
v 260.741784 14.084507 -335.314554
v 256.497653 4.694836 -316.460094
v 257.755869 4.694836 -336.347418
v 259.671362 14.084507 -316.356808
v 256.497653 4.694836 -316.460094
v 260.741784 14.084507 -335.314554
v 294.394366 4.694836 -342.169014
v 289.981221 14.084507 -330.347418
v 291.830986 14.084507 -343.962441
v 293.708920 4.694836 -329.314554
v 289.981221 14.084507 -330.347418
v 294.394366 4.694836 -342.169014
v 270.112676 14.084507 -353.568075
v 257.755869 4.694836 -336.347418
v 267.549296 4.694836 -355.361502
v 260.741784 14.084507 -335.314554
v 257.755869 4.694836 -336.347418
v 270.112676 14.084507 -353.568075
v 301.145540 4.685446 -351.117371
v 291.830986 14.084507 -343.962441
v 298.995305 14.075117 -353.361502
v 294.394366 4.694836 -342.169014
v 291.830986 14.084507 -343.962441
v 301.145540 4.685446 -351.117371
v 282.863850 14.084507 -368.835681
v 267.549296 4.694836 -355.361502
v 280.713615 4.694836 -371.089202
v 270.112676 14.084507 -353.568075
v 267.549296 4.694836 -355.361502
v 282.863850 14.084507 -368.835681
vn -0.560059 -0.395020 -0.727783
vn -0.560059 -0.395020 -0.727783
vn -0.560059 -0.395020 -0.727783
vn -0.560059 -0.395020 -0.727783
vn -0.560059 -0.395020 -0.727783
vn -0.560059 -0.395020 -0.727783
vn 0.554688 -0.395508 0.731689
vn 0.554688 -0.395508 0.731689
vn 0.554688 -0.395508 0.731689
vn 0.554688 -0.395508 0.731689
vn 0.554688 -0.395508 0.731689
vn 0.554688 -0.395508 0.731689
vn -0.546875 -0.392090 -0.739502
vn -0.546875 -0.392090 -0.739502
vn -0.546875 -0.392090 -0.739502
vn -0.546875 -0.392090 -0.739502
vn -0.546875 -0.392090 -0.739502
vn -0.546875 -0.392090 -0.739502
vn 0.542236 -0.392578 0.742676
vn 0.542236 -0.392578 0.742676
vn 0.542236 -0.392578 0.742676
vn 0.542236 -0.392578 0.742676
vn 0.542236 -0.392578 0.742676
vn 0.542236 -0.392578 0.742676
vn -0.536377 -0.388916 -0.748779
vn -0.536377 -0.388916 -0.748779
vn -0.536377 -0.388916 -0.748779
vn -0.536377 -0.388916 -0.748779
vn -0.536377 -0.388916 -0.748779
vn -0.536377 -0.388916 -0.748779
vn 0.531738 -0.389404 0.751953
vn 0.531738 -0.389404 0.751953
vn 0.531738 -0.389404 0.751953
vn 0.531738 -0.389404 0.751953
vn 0.531738 -0.389404 0.751953
vn 0.531738 -0.389404 0.751953
vn -0.527588 -0.385742 -0.756592
vn -0.527588 -0.385742 -0.756592
vn -0.527588 -0.385742 -0.756592
vn -0.527588 -0.385742 -0.756592
vn -0.527588 -0.385742 -0.756592
vn -0.527588 -0.385742 -0.756592
vn 0.521973 -0.386230 0.760254
vn 0.521973 -0.386230 0.760254
vn 0.521973 -0.386230 0.760254
vn 0.521973 -0.386230 0.760254
vn 0.521973 -0.386230 0.760254
vn 0.521973 -0.386230 0.760254
vn -0.518799 -0.382324 -0.764404
vn -0.518799 -0.382324 -0.764404
vn -0.518799 -0.382324 -0.764404
vn -0.518799 -0.382324 -0.764404
vn -0.518799 -0.382324 -0.764404
vn -0.518799 -0.382324 -0.764404
vn 0.510742 -0.382812 0.769531
vn 0.510742 -0.382812 0.769531
vn 0.510742 -0.382812 0.769531
vn 0.510742 -0.382812 0.769531
vn 0.510742 -0.382812 0.769531
vn 0.510742 -0.382812 0.769531
vn -0.470703 -0.374268 -0.798828
vn -0.470703 -0.374268 -0.798828
vn -0.470703 -0.374268 -0.798828
vn -0.470703 -0.374268 -0.798828
vn -0.470703 -0.374268 -0.798828
vn -0.470703 -0.374268 -0.798828
vn 0.562256 -0.376221 0.736084
vn 0.562256 -0.376221 0.736084
vn 0.562256 -0.376221 0.736084
vn 0.562256 -0.376221 0.736084
vn 0.562256 -0.376221 0.736084
vn 0.562256 -0.376221 0.736084
vn -0.445557 -0.366455 -0.816650
vn -0.445557 -0.366455 -0.816650
vn -0.445557 -0.366455 -0.816650
vn -0.445557 -0.366455 -0.816650
vn -0.445557 -0.366455 -0.816650
vn -0.445557 -0.366455 -0.816650
vn 0.588379 -0.373047 0.717041
vn 0.588379 -0.373047 0.717041
vn 0.588379 -0.373047 0.717041
vn 0.588379 -0.373047 0.717041
vn 0.588379 -0.373047 0.717041
vn 0.588379 -0.373047 0.717041
vn -0.565430 -0.366455 -0.738770
vn -0.565430 -0.366455 -0.738770
vn -0.565430 -0.366455 -0.738770
vn -0.565430 -0.366455 -0.738770
vn -0.565430 -0.366455 -0.738770
vn -0.565430 -0.366455 -0.738770
vn 0.546631 -0.365967 0.752930
vn 0.546631 -0.365967 0.752930
vn 0.546631 -0.365967 0.752930
vn 0.546631 -0.365967 0.752930
vn 0.546631 -0.365967 0.752930
vn 0.546631 -0.365967 0.752930
vn -0.642090 -0.362061 -0.675293
vn -0.642090 -0.362061 -0.675293
vn -0.642090 -0.362061 -0.675293
vn -0.642090 -0.362061 -0.675293
vn -0.642090 -0.362061 -0.675293
vn -0.642090 -0.362061 -0.675293
vn 0.722412 -0.365723 0.586426
vn 0.722412 -0.365723 0.586426
vn 0.722412 -0.365723 0.586426
vn 0.722412 -0.365723 0.586426
vn 0.722412 -0.365723 0.586426
vn 0.722412 -0.365723 0.586426
vn -0.789307 -0.359131 -0.497559
vn -0.789307 -0.359131 -0.497559
vn -0.789307 -0.359131 -0.497559
vn -0.789307 -0.359131 -0.497559
vn -0.789307 -0.359131 -0.497559
vn -0.789307 -0.359131 -0.497559
vn 0.818115 -0.361328 0.446533
vn 0.818115 -0.361328 0.446533
vn 0.818115 -0.361328 0.446533
vn 0.818115 -0.361328 0.446533
vn 0.818115 -0.361328 0.446533
vn 0.818115 -0.361328 0.446533
vn -0.939941 -0.339844 -0.030518
vn -0.939941 -0.339844 -0.030518
vn -0.939941 -0.339844 -0.030518
vn -0.939941 -0.339844 -0.030518
vn -0.939941 -0.339844 -0.030518
vn -0.939941 -0.339844 -0.030518
vn 0.931641 -0.350098 -0.094971
vn 0.931641 -0.350098 -0.094971
vn 0.931641 -0.350098 -0.094971
vn 0.931641 -0.350098 -0.094971
vn 0.931641 -0.350098 -0.094971
vn 0.931641 -0.350098 -0.094971
vn -0.893799 -0.374023 0.246826
vn -0.893799 -0.374023 0.246826
vn -0.893799 -0.374023 0.246826
vn -0.893799 -0.374023 0.246826
vn -0.893799 -0.374023 0.246826
vn -0.893799 -0.374023 0.246826
vn 0.898438 -0.352051 -0.261475
vn 0.898438 -0.352051 -0.261475
vn 0.898438 -0.352051 -0.261475
vn 0.898438 -0.352051 -0.261475
vn 0.898438 -0.352051 -0.261475
vn 0.898438 -0.352051 -0.261475
vn -0.873535 -0.349121 0.338379
vn -0.873535 -0.349121 0.338379
vn -0.873535 -0.349121 0.338379
vn -0.873535 -0.349121 0.338379
vn -0.873535 -0.349121 0.338379
vn -0.873535 -0.349121 0.338379
vn 0.895752 -0.349121 -0.274414
vn 0.895752 -0.349121 -0.274414
vn 0.895752 -0.349121 -0.274414
vn 0.895752 -0.349121 -0.274414
vn 0.895752 -0.349121 -0.274414
vn 0.895752 -0.349121 -0.274414
vn -0.856934 -0.345215 0.382324
vn -0.856934 -0.345215 0.382324
vn -0.856934 -0.345215 0.382324
vn -0.856934 -0.345215 0.382324
vn -0.856934 -0.345215 0.382324
vn -0.856934 -0.345215 0.382324
vn 0.886230 -0.345947 -0.307373
vn 0.886230 -0.345947 -0.307373
vn 0.886230 -0.345947 -0.307373
vn 0.886230 -0.345947 -0.307373
vn 0.886230 -0.345947 -0.307373
vn 0.886230 -0.345947 -0.307373
vn -0.879883 -0.342773 0.328613
vn -0.879883 -0.342773 0.328613
vn -0.879883 -0.342773 0.328613
vn -0.879883 -0.342773 0.328613
vn -0.879883 -0.342773 0.328613
vn -0.879883 -0.342773 0.328613
vn 0.883545 -0.342773 -0.318848
vn 0.883545 -0.342773 -0.318848
vn 0.883545 -0.342773 -0.318848
vn 0.883545 -0.342773 -0.318848
vn 0.883545 -0.342773 -0.318848
vn 0.883545 -0.342773 -0.318848
vn -0.879395 -0.336670 0.335938
vn -0.879395 -0.336670 0.335938
vn -0.879395 -0.336670 0.335938
vn -0.879395 -0.336670 0.335938
vn -0.879395 -0.336670 0.335938
vn -0.879395 -0.336670 0.335938
vn 0.883057 -0.336670 -0.326660
vn 0.883057 -0.336670 -0.326660
vn 0.883057 -0.336670 -0.326660
vn 0.883057 -0.336670 -0.326660
vn 0.883057 -0.336670 -0.326660
vn 0.883057 -0.336670 -0.326660
vn -0.881836 -0.333984 0.332520
vn -0.881836 -0.333984 0.332520
vn -0.881836 -0.333984 0.332520
vn -0.881836 -0.333984 0.332520
vn -0.881836 -0.333984 0.332520
vn -0.881836 -0.333984 0.332520
vn 0.885254 -0.333496 -0.323730
vn 0.885254 -0.333496 -0.323730
vn 0.885254 -0.333496 -0.323730
vn 0.885254 -0.333496 -0.323730
vn 0.885254 -0.333496 -0.323730
vn 0.885254 -0.333496 -0.323730
vn -0.884277 -0.330566 0.329346
vn -0.884277 -0.330566 0.329346
vn -0.884277 -0.330566 0.329346
vn -0.884277 -0.330566 0.329346
vn -0.884277 -0.330566 0.329346
vn -0.884277 -0.330566 0.329346
vn 0.887695 -0.330566 -0.319824
vn 0.887695 -0.330566 -0.319824
vn 0.887695 -0.330566 -0.319824
vn 0.887695 -0.330566 -0.319824
vn 0.887695 -0.330566 -0.319824
vn 0.887695 -0.330566 -0.319824
vn -0.868408 -0.328125 0.371338
vn -0.868408 -0.328125 0.371338
vn -0.868408 -0.328125 0.371338
vn -0.868408 -0.328125 0.371338
vn -0.868408 -0.328125 0.371338
vn -0.868408 -0.328125 0.371338
vn 0.871826 -0.328125 -0.363037
vn 0.871826 -0.328125 -0.363037
vn 0.871826 -0.328125 -0.363037
vn 0.871826 -0.328125 -0.363037
vn 0.871826 -0.328125 -0.363037
vn 0.871826 -0.328125 -0.363037
vn -0.869873 -0.324951 0.370605
vn -0.869873 -0.324951 0.370605
vn -0.869873 -0.324951 0.370605
vn -0.869873 -0.324951 0.370605
vn -0.869873 -0.324951 0.370605
vn -0.869873 -0.324951 0.370605
vn 0.873535 -0.325195 -0.361572
vn 0.873535 -0.325195 -0.361572
vn 0.873535 -0.325195 -0.361572
vn 0.873535 -0.325195 -0.361572
vn 0.873535 -0.325195 -0.361572
vn 0.873535 -0.325195 -0.361572
vn -0.901123 -0.301270 0.311279
vn -0.901123 -0.301270 0.311279
vn -0.901123 -0.301270 0.311279
vn -0.901123 -0.301270 0.311279
vn -0.901123 -0.301270 0.311279
vn -0.901123 -0.301270 0.311279
vn 0.937500 -0.315430 -0.146484
vn 0.937500 -0.315430 -0.146484
vn 0.937500 -0.315430 -0.146484
vn 0.937500 -0.315430 -0.146484
vn 0.937500 -0.315430 -0.146484
vn 0.937500 -0.315430 -0.146484
vn -0.929932 -0.362305 0.060303
vn -0.929932 -0.362305 0.060303
vn -0.929932 -0.362305 0.060303
vn -0.929932 -0.362305 0.060303
vn -0.929932 -0.362305 0.060303
vn -0.929932 -0.362305 0.060303
vn 0.949951 -0.307373 0.053467
vn 0.949951 -0.307373 0.053467
vn 0.949951 -0.307373 0.053467
vn 0.949951 -0.307373 0.053467
vn 0.949951 -0.307373 0.053467
vn 0.949951 -0.307373 0.053467
vn -0.960693 -0.272461 -0.051270
vn -0.960693 -0.272461 -0.051270
vn -0.960693 -0.272461 -0.051270
vn -0.960693 -0.272461 -0.051270
vn -0.960693 -0.272461 -0.051270
vn -0.960693 -0.272461 -0.051270
vn 0.844482 -0.313721 0.433838
vn 0.844482 -0.313721 0.433838
vn 0.844482 -0.313721 0.433838
vn 0.844482 -0.313721 0.433838
vn 0.844482 -0.313721 0.433838
vn 0.844482 -0.313721 0.433838
vn -0.759033 -0.310547 -0.572021
vn -0.759033 -0.310547 -0.572021
vn -0.759033 -0.310547 -0.572021
vn -0.759033 -0.310547 -0.572021
vn -0.759033 -0.310547 -0.572021
vn -0.759033 -0.310547 -0.572021
vn 0.729004 -0.312744 0.608398
vn 0.729004 -0.312744 0.608398
vn 0.729004 -0.312744 0.608398
vn 0.729004 -0.312744 0.608398
vn 0.729004 -0.312744 0.608398
vn 0.729004 -0.312744 0.608398
vt 1.000000 0.000000
vt 0.000000 1.000000
vt 0.000000 0.000000
vt 1.000000 1.000000
vt 0.000000 1.000000
vt 1.000000 0.000000
vt 0.000000 0.000000
vt 1.000000 1.000000
vt 1.000000 0.000000
vt 0.000000 1.000000
vt 1.000000 1.000000
vt 0.000000 0.000000
vt 1.000000 0.000000
vt 0.000000 1.000000
vt 0.000000 0.000000
vt 1.000000 1.000000
vt 0.000000 1.000000
vt 1.000000 0.000000
vt 0.000000 0.000000
vt 1.000000 1.000000
vt 1.000000 0.000000
vt 0.000000 1.000000
vt 1.000000 1.000000
vt 0.000000 0.000000
vt 1.000000 0.000000
vt 0.000000 1.000000
vt 0.000000 0.000000
vt 1.000000 1.000000
vt 0.000000 1.000000
vt 1.000000 0.000000
vt 0.000000 0.000000
vt 1.000000 1.000000
vt 1.000000 0.000000
vt 0.000000 1.000000
vt 1.000000 1.000000
vt 0.000000 0.000000
vt 1.000000 0.000000
vt 0.000000 1.000000
vt 0.000000 0.000000
vt 1.000000 1.000000
vt 0.000000 1.000000
vt 1.000000 0.000000
vt 0.000000 0.000000
vt 1.000000 1.000000
vt 1.000000 0.000000
vt 0.000000 1.000000
vt 1.000000 1.000000
vt 0.000000 0.000000
vt 1.000000 0.000000
vt 0.000000 1.000000
vt 0.000000 0.000000
vt 1.000000 1.000000
vt 0.000000 1.000000
vt 1.000000 0.000000
vt 0.000000 0.000000
vt 1.000000 1.000000
vt 1.000000 0.000000
vt 0.000000 1.000000
vt 1.000000 1.000000
vt 0.000000 0.000000
vt 1.000000 0.000000
vt 0.000000 1.000000
vt 0.000000 0.000000
vt 1.000000 1.000000
vt 0.000000 1.000000
vt 1.000000 0.000000
vt 0.000000 0.000000
vt 1.000000 1.000000
vt 1.000000 0.000000
vt 0.000000 1.000000
vt 1.000000 1.000000
vt 0.000000 0.000000
vt 1.000000 0.000000
vt 0.000000 1.000000
vt 0.000000 0.000000
vt 1.000000 1.000000
vt 0.000000 1.000000
vt 1.000000 0.000000
vt 0.000000 0.000000
vt 1.000000 1.000000
vt 1.000000 0.000000
vt 0.000000 1.000000
vt 1.000000 1.000000
vt 0.000000 0.000000
vt 1.000000 0.000000
vt 0.000000 1.000000
vt 0.000000 0.000000
vt 1.000000 1.000000
vt 0.000000 1.000000
vt 1.000000 0.000000
vt 0.000000 0.000000
vt 1.000000 1.000000
vt 1.000000 0.000000
vt 0.000000 1.000000
vt 1.000000 1.000000
vt 0.000000 0.000000
vt 1.000000 0.000000
vt 0.000000 1.000000
vt 0.000000 0.000000
vt 1.000000 1.000000
vt 0.000000 1.000000
vt 1.000000 0.000000
vt 0.000000 0.000000
vt 1.000000 1.000000
vt 1.000000 0.000000
vt 0.000000 1.000000
vt 1.000000 1.000000
vt 0.000000 0.000000
vt 1.000000 0.000000
vt 0.000000 1.000000
vt 0.000000 0.000000
vt 1.000000 1.000000
vt 0.000000 1.000000
vt 1.000000 0.000000
vt 0.000000 0.000000
vt 1.000000 1.000000
vt 1.000000 0.000000
vt 0.000000 1.000000
vt 1.000000 1.000000
vt 0.000000 0.000000
vt 1.000000 0.000000
vt 0.000000 1.000000
vt 0.000000 0.000000
vt 1.000000 1.000000
vt 0.000000 1.000000
vt 1.000000 0.000000
vt 0.000000 0.000000
vt 1.000000 1.000000
vt 1.000000 0.000000
vt 0.000000 1.000000
vt 1.000000 1.000000
vt 0.000000 0.000000
vt 1.000000 0.000000
vt 0.000000 1.000000
vt 0.000000 0.000000
vt 1.000000 1.000000
vt 0.000000 1.000000
vt 1.000000 0.000000
vt 0.000000 0.000000
vt 1.000000 1.000000
vt 1.000000 0.000000
vt 0.000000 1.000000
vt 1.000000 1.000000
vt 0.000000 0.000000
vt 1.000000 0.000000
vt 0.000000 1.000000
vt 0.000000 0.000000
vt 1.000000 1.000000
vt 0.000000 1.000000
vt 1.000000 0.000000
vt 0.000000 0.000000
vt 1.000000 1.000000
vt 1.000000 0.000000
vt 0.000000 1.000000
vt 1.000000 1.000000
vt 0.000000 0.000000
vt 1.000000 0.000000
vt 0.000000 1.000000
vt 0.000000 0.000000
vt 1.000000 1.000000
vt 0.000000 1.000000
vt 1.000000 0.000000
vt 0.000000 0.000000
vt 1.000000 1.000000
vt 1.000000 0.000000
vt 0.000000 1.000000
vt 1.000000 1.000000
vt 0.000000 0.000000
vt 1.000000 0.000000
vt 0.000000 1.000000
vt 0.000000 0.000000
vt 1.000000 1.000000
vt 0.000000 1.000000
vt 1.000000 0.000000
vt 0.000000 0.000000
vt 1.000000 1.000000
vt 1.000000 0.000000
vt 0.000000 1.000000
vt 1.000000 1.000000
vt 0.000000 0.000000
vt 1.000000 0.000000
vt 0.000000 1.000000
vt 0.000000 0.000000
vt 1.000000 1.000000
vt 0.000000 1.000000
vt 1.000000 0.000000
vt 0.000000 0.000000
vt 1.000000 1.000000
vt 1.000000 0.000000
vt 0.000000 1.000000
vt 1.000000 1.000000
vt 0.000000 0.000000
vt 1.000000 0.000000
vt 0.000000 1.000000
vt 0.000000 0.000000
vt 1.000000 1.000000
vt 0.000000 1.000000
vt 1.000000 0.000000
vt 0.000000 0.000000
vt 1.000000 1.000000
vt 1.000000 0.000000
vt 0.000000 1.000000
vt 1.000000 1.000000
vt 0.000000 0.000000
vt 1.000000 0.000000
vt 0.000000 1.000000
vt 0.000000 0.000000
vt 1.000000 1.000000
vt 0.000000 1.000000
vt 1.000000 0.000000
vt 0.000000 0.000000
vt 1.000000 1.000000
vt 1.000000 0.000000
vt 0.000000 1.000000
vt 1.000000 1.000000
vt 0.000000 0.000000
vt 1.000000 0.000000
vt 0.000000 1.000000
vt 0.000000 0.000000
vt 1.000000 1.000000
vt 0.000000 1.000000
vt 1.000000 0.000000
vt 0.000000 0.000000
vt 1.000000 1.000000
vt 1.000000 0.000000
vt 0.000000 1.000000
vt 1.000000 1.000000
vt 0.000000 0.000000
vt 1.000000 0.000000
vt 0.000000 1.000000
vt 0.000000 0.000000
vt 1.000000 1.000000
vt 0.000000 1.000000
vt 1.000000 0.000000
vt 0.000000 0.000000
vt 1.000000 1.000000
vt 1.000000 0.000000
vt 0.000000 1.000000
vt 1.000000 1.000000
vt 0.000000 0.000000
vt 1.000000 0.000000
vt 0.000000 1.000000
vt 0.000000 0.000000
vt 1.000000 1.000000
vt 0.000000 1.000000
vt 1.000000 0.000000
vt 0.000000 0.000000
vt 1.000000 1.000000
vt 1.000000 0.000000
vt 0.000000 1.000000
vt 1.000000 1.000000
vt 0.000000 0.000000
vt 1.000000 0.000000
vt 0.000000 1.000000
vt 0.000000 0.000000
vt 1.000000 1.000000
vt 0.000000 1.000000
vt 1.000000 0.000000
vt 0.000000 0.000000
vt 1.000000 1.000000
vt 1.000000 0.000000
vt 0.000000 1.000000
vt 1.000000 1.000000
vt 0.000000 0.000000
vt 1.000000 0.000000
vt 0.000000 1.000000
vt 0.000000 0.000000
vt 1.000000 1.000000
vt 0.000000 1.000000
vt 1.000000 0.000000
vt 0.000000 0.000000
vt 1.000000 1.000000
vt 1.000000 0.000000
vt 0.000000 1.000000
vt 1.000000 1.000000
vt 0.000000 0.000000
vt 1.000000 0.000000
vt 0.000000 1.000000
vt 0.000000 0.000000
vt 1.000000 1.000000
vt 0.000000 1.000000
vt 1.000000 0.000000
vt 0.000000 0.000000
vt 1.000000 1.000000
vt 1.000000 0.000000
vt 0.000000 1.000000
vt 1.000000 1.000000
vt 0.000000 0.000000
f 5515/5515/5515 5516/5516/5516 5517/5517/5517
f 5518/5518/5518 5519/5519/5519 5520/5520/5520
f 5521/5521/5521 5522/5522/5522 5523/5523/5523
f 5524/5524/5524 5525/5525/5525 5526/5526/5526
f 5527/5527/5527 5528/5528/5528 5529/5529/5529
f 5530/5530/5530 5531/5531/5531 5532/5532/5532
f 5533/5533/5533 5534/5534/5534 5535/5535/5535
f 5536/5536/5536 5537/5537/5537 5538/5538/5538
f 5539/5539/5539 5540/5540/5540 5541/5541/5541
f 5542/5542/5542 5543/5543/5543 5544/5544/5544
f 5545/5545/5545 5546/5546/5546 5547/5547/5547
f 5548/5548/5548 5549/5549/5549 5550/5550/5550
f 5551/5551/5551 5552/5552/5552 5553/5553/5553
f 5554/5554/5554 5555/5555/5555 5556/5556/5556
f 5557/5557/5557 5558/5558/5558 5559/5559/5559
f 5560/5560/5560 5561/5561/5561 5562/5562/5562
f 5563/5563/5563 5564/5564/5564 5565/5565/5565
f 5566/5566/5566 5567/5567/5567 5568/5568/5568
f 5569/5569/5569 5570/5570/5570 5571/5571/5571
f 5572/5572/5572 5573/5573/5573 5574/5574/5574
f 5575/5575/5575 5576/5576/5576 5577/5577/5577
f 5578/5578/5578 5579/5579/5579 5580/5580/5580
f 5581/5581/5581 5582/5582/5582 5583/5583/5583
f 5584/5584/5584 5585/5585/5585 5586/5586/5586
f 5587/5587/5587 5588/5588/5588 5589/5589/5589
f 5590/5590/5590 5591/5591/5591 5592/5592/5592
f 5593/5593/5593 5594/5594/5594 5595/5595/5595
f 5596/5596/5596 5597/5597/5597 5598/5598/5598
f 5599/5599/5599 5600/5600/5600 5601/5601/5601
f 5602/5602/5602 5603/5603/5603 5604/5604/5604
f 5605/5605/5605 5606/5606/5606 5607/5607/5607
f 5608/5608/5608 5609/5609/5609 5610/5610/5610
f 5611/5611/5611 5612/5612/5612 5613/5613/5613
f 5614/5614/5614 5615/5615/5615 5616/5616/5616
f 5617/5617/5617 5618/5618/5618 5619/5619/5619
f 5620/5620/5620 5621/5621/5621 5622/5622/5622
f 5623/5623/5623 5624/5624/5624 5625/5625/5625
f 5626/5626/5626 5627/5627/5627 5628/5628/5628
f 5629/5629/5629 5630/5630/5630 5631/5631/5631
f 5632/5632/5632 5633/5633/5633 5634/5634/5634
f 5635/5635/5635 5636/5636/5636 5637/5637/5637
f 5638/5638/5638 5639/5639/5639 5640/5640/5640
f 5641/5641/5641 5642/5642/5642 5643/5643/5643
f 5644/5644/5644 5645/5645/5645 5646/5646/5646
f 5647/5647/5647 5648/5648/5648 5649/5649/5649
f 5650/5650/5650 5651/5651/5651 5652/5652/5652
f 5653/5653/5653 5654/5654/5654 5655/5655/5655
f 5656/5656/5656 5657/5657/5657 5658/5658/5658
f 5659/5659/5659 5660/5660/5660 5661/5661/5661
f 5662/5662/5662 5663/5663/5663 5664/5664/5664
f 5665/5665/5665 5666/5666/5666 5667/5667/5667
f 5668/5668/5668 5669/5669/5669 5670/5670/5670
f 5671/5671/5671 5672/5672/5672 5673/5673/5673
f 5674/5674/5674 5675/5675/5675 5676/5676/5676
f 5677/5677/5677 5678/5678/5678 5679/5679/5679
f 5680/5680/5680 5681/5681/5681 5682/5682/5682
f 5683/5683/5683 5684/5684/5684 5685/5685/5685
f 5686/5686/5686 5687/5687/5687 5688/5688/5688
f 5689/5689/5689 5690/5690/5690 5691/5691/5691
f 5692/5692/5692 5693/5693/5693 5694/5694/5694
f 5695/5695/5695 5696/5696/5696 5697/5697/5697
f 5698/5698/5698 5699/5699/5699 5700/5700/5700
f 5701/5701/5701 5702/5702/5702 5703/5703/5703
f 5704/5704/5704 5705/5705/5705 5706/5706/5706
f 5707/5707/5707 5708/5708/5708 5709/5709/5709
f 5710/5710/5710 5711/5711/5711 5712/5712/5712
f 5713/5713/5713 5714/5714/5714 5715/5715/5715
f 5716/5716/5716 5717/5717/5717 5718/5718/5718
f 5719/5719/5719 5720/5720/5720 5721/5721/5721
f 5722/5722/5722 5723/5723/5723 5724/5724/5724
f 5725/5725/5725 5726/5726/5726 5727/5727/5727
f 5728/5728/5728 5729/5729/5729 5730/5730/5730
f 5731/5731/5731 5732/5732/5732 5733/5733/5733
f 5734/5734/5734 5735/5735/5735 5736/5736/5736
f 5737/5737/5737 5738/5738/5738 5739/5739/5739
f 5740/5740/5740 5741/5741/5741 5742/5742/5742
f 5743/5743/5743 5744/5744/5744 5745/5745/5745
f 5746/5746/5746 5747/5747/5747 5748/5748/5748
f 5749/5749/5749 5750/5750/5750 5751/5751/5751
f 5752/5752/5752 5753/5753/5753 5754/5754/5754
f 5755/5755/5755 5756/5756/5756 5757/5757/5757
f 5758/5758/5758 5759/5759/5759 5760/5760/5760
f 5761/5761/5761 5762/5762/5762 5763/5763/5763
f 5764/5764/5764 5765/5765/5765 5766/5766/5766
f 5767/5767/5767 5768/5768/5768 5769/5769/5769
f 5770/5770/5770 5771/5771/5771 5772/5772/5772
f 5773/5773/5773 5774/5774/5774 5775/5775/5775
f 5776/5776/5776 5777/5777/5777 5778/5778/5778
f 5779/5779/5779 5780/5780/5780 5781/5781/5781
f 5782/5782/5782 5783/5783/5783 5784/5784/5784
f 5785/5785/5785 5786/5786/5786 5787/5787/5787
f 5788/5788/5788 5789/5789/5789 5790/5790/5790
f 5791/5791/5791 5792/5792/5792 5793/5793/5793
f 5794/5794/5794 5795/5795/5795 5796/5796/5796
f 5797/5797/5797 5798/5798/5798 5799/5799/5799
f 5800/5800/5800 5801/5801/5801 5802/5802/5802
g face_texture_8
usemtl tex_8
v 167.230047 4.422535 53.258216
v 154.985915 14.178404 61.859155
v 164.347418 13.812207 50.225352
v 158.197183 4.798122 64.600939
v 154.985915 14.178404 61.859155
v 167.230047 4.422535 53.258216
v 152.563380 13.812207 38.347418
v 138.018779 4.798122 49.370892
v 149.549296 4.422535 35.446009
v 141.530516 14.178404 51.708920
v 138.018779 4.798122 49.370892
v 152.563380 13.812207 38.347418
v 178.356808 4.281690 42.384977
v 164.347418 13.812207 50.225352
v 175.643192 13.671362 39.248826
v 167.230047 4.422535 53.258216
v 164.347418 13.812207 50.225352
v 178.356808 4.281690 42.384977
v 164.723005 13.671362 26.751174
v 149.549296 4.422535 35.446009
v 161.971831 4.281690 23.643192
v 152.563380 13.812207 38.347418
v 149.549296 4.422535 35.446009
v 164.723005 13.671362 26.751174
v 190.347418 4.253521 31.943662
v 175.643192 13.671362 39.248826
v 187.746479 13.643192 28.751174
v 178.356808 4.281690 42.384977
v 175.643192 13.671362 39.248826
v 190.347418 4.253521 31.943662
v 177.389671 13.643192 15.962441
v 161.971831 4.281690 23.643192
v 174.807512 4.253521 12.760563
v 164.723005 13.671362 26.751174
v 161.971831 4.281690 23.643192
v 177.389671 13.643192 15.962441
v 202.807512 4.281690 21.821596
v 187.746479 13.643192 28.751174
v 200.300469 13.680751 18.610329
v 190.347418 4.253521 31.943662
v 187.746479 13.643192 28.751174
v 202.807512 4.281690 21.821596
v 190.356808 13.680751 5.671362
v 174.807512 4.253521 12.760563
v 187.896714 4.291080 2.413146
v 177.389671 13.643192 15.962441
v 174.807512 4.253521 12.760563
v 190.356808 13.680751 5.671362
v 282.262911 4.685446 -34.769953
v 266.309859 14.075117 -28.873239
v 280.103286 14.075117 -37.962441
v 268.431925 4.685446 -25.615023
v 266.309859 14.075117 -28.873239
v 282.262911 4.685446 -34.769953
v 268.929577 14.084507 -50.732394
v 255.718310 4.694836 -45.192488
v 266.779343 4.694836 -53.934272
v 257.830986 14.084507 -41.924883
v 255.718310 4.694836 -45.192488
v 268.929577 14.084507 -50.732394
v 362.816901 4.694836 -114.403756
v 352.591549 14.084507 -96.253521
v 359.201878 14.084507 -114.450704
v 355.934272 4.694836 -94.779343
v 352.591549 14.084507 -96.253521
v 362.816901 4.694836 -114.403756
v 324.544601 14.084507 -114.619718
v 318.244131 4.694836 -103.615023
v 320.929577 4.694836 -114.666667
v 321.596244 14.084507 -102.150235
v 318.244131 4.694836 -103.615023
v 324.544601 14.084507 -114.619718
v 334.441315 4.694836 -211.727700
v 337.070423 14.084507 -195.201878
v 331.258216 14.084507 -210.535211
v 340.281690 4.694836 -196.394366
v 337.070423 14.084507 -195.201878
v 334.441315 4.694836 -211.727700
v 297.305164 14.075117 -205.765258
v 299.755869 4.694836 -189.220657
v 294.131455 4.685446 -204.582160
v 302.967136 14.084507 -190.413146
v 299.755869 4.694836 -189.220657
v 297.305164 14.075117 -205.765258
v 299.389671 4.694836 -301.924883
v 301.258216 14.084507 -286.638498
v 296.244131 14.084507 -301.276995
v 304.300469 4.694836 -287.727700
v 301.258216 14.084507 -286.638498
v 299.389671 4.694836 -301.924883
v 262.431925 14.075117 -298.704225
v 264.779343 4.694836 -281.201878
v 259.295775 4.685446 -298.056338
v 267.821596 14.084507 -282.291080
v 264.779343 4.694836 -281.201878
v 262.431925 14.075117 -298.704225
v -104.197183 83.323944 -1066.084507
v -100.629108 84.262911 -1083.417840
v -107.953052 87.924883 -1069.042254
v -96.920188 79.690141 -1080.347418
v -100.629108 84.262911 -1083.417840
v -104.197183 83.323944 -1066.084507
v -70.281690 87.924883 -1049.906103
v -67.652582 79.690141 -1065.408451
v -74.892019 83.323944 -1051.201878
v -62.995305 84.262911 -1064.206573
v -67.652582 79.690141 -1065.408451
v -70.281690 87.924883 -1049.906103
v -119.267606 89.023474 -1036.394366
v -115.248826 91.183099 -1054.676056
v -123.549296 93.727700 -1038.319249
v -111.408451 86.544601 -1051.877934
v -115.248826 91.183099 -1054.676056
v -119.267606 89.023474 -1036.394366
v -84.751174 93.680751 -1021.586854
v -82.225352 86.544601 -1036.760563
v -89.098592 88.985915 -1023.380282
v -77.727700 91.183099 -1035.239437
v -82.225352 86.544601 -1036.760563
v -84.751174 93.680751 -1021.586854
v 355.107981 0.000000 -1373.145540
v 370.835681 4.685446 -1379.887324
v 354.497653 4.694836 -1377.802817
v 371.427230 0.000000 -1375.230047
v 370.835681 4.685446 -1379.887324
v 355.107981 0.000000 -1373.145540
v 360.000000 4.685446 -1335.906103
v 375.568075 0.000000 -1342.629108
v 359.389671 0.000000 -1340.563380
v 376.159624 4.685446 -1337.971831
v 375.568075 0.000000 -1342.629108
v 360.000000 4.685446 -1335.906103
v 322.507042 0.000000 -1368.779343
v 338.169014 4.685446 -1375.643192
v 321.859155 4.694836 -1373.436620
v 338.798122 0.000000 -1370.995305
v 338.169014 4.685446 -1375.643192
v 322.507042 0.000000 -1368.779343
v 327.671362 4.685446 -1331.577465
v 343.201878 0.000000 -1338.422535
v 327.023474 0.000000 -1336.234742
v 343.830986 4.685446 -1333.774648
v 343.201878 0.000000 -1338.422535
v 327.671362 4.685446 -1331.577465
v 289.971831 0.000000 -1364.206573
v 305.568075 4.685446 -1371.164319
v 289.295775 4.685446 -1368.854460
v 306.234742 0.000000 -1366.516432
v 305.568075 4.685446 -1371.164319
v 289.971831 0.000000 -1364.206573
v 295.333333 4.685446 -1327.032864
v 310.845070 0.000000 -1333.981221
v 294.657277 0.000000 -1331.680751
v 311.502347 4.685446 -1329.333333
v 310.845070 0.000000 -1333.981221
v 295.333333 4.685446 -1327.032864
v 257.483568 0.000000 -1359.474178
v 273.042254 4.694836 -1366.507042
v 256.798122 4.694836 -1364.122066
v 273.727700 0.000000 -1361.859155
v 273.042254 4.694836 -1366.507042
v 257.483568 0.000000 -1359.474178
v 262.976526 4.685446 -1322.319249
v 278.478873 0.000000 -1329.342723
v 262.291080 0.000000 -1326.967136
v 279.164319 4.685446 -1324.694836
v 278.478873 0.000000 -1329.342723
v 262.976526 4.685446 -1322.319249
v 225.061033 0.000000 -1354.676056
v 240.572770 4.694836 -1361.718310
v 224.375587 4.685446 -1359.314554
v 241.267606 0.000000 -1357.079812
v 240.572770 4.694836 -1361.718310
v 225.061033 0.000000 -1354.676056
v 230.582160 4.685446 -1317.521127
v 246.093897 0.000000 -1324.572770
v 229.896714 0.000000 -1322.169014
v 246.779343 4.685446 -1319.924883
v 246.093897 0.000000 -1324.572770
v 230.582160 4.685446 -1317.521127
v 192.704225 0.000000 -1349.887324
v 208.187793 4.694836 -1356.910798
v 192.028169 4.694836 -1354.535211
v 208.873239 0.000000 -1352.272300
v 208.187793 4.694836 -1356.910798
v 192.704225 0.000000 -1349.887324
v 198.084507 4.685446 -1312.713615
v 213.671362 0.000000 -1319.755869
v 197.408451 0.000000 -1317.361502
v 214.347418 4.685446 -1315.107981
v 213.671362 0.000000 -1319.755869
v 198.084507 4.685446 -1312.713615
v 160.065728 -0.018779 -1345.333333
v 175.915493 4.694836 -1352.206573
v 159.389671 4.666667 -1349.981221
v 176.563380 0.000000 -1347.558685
v 175.915493 4.694836 -1352.206573
v 160.065728 -0.018779 -1345.333333
v 165.924883 4.666667 -1308.234742
v 181.117371 0.000000 -1315.014085
v 165.154930 -0.018779 -1312.863850
v 181.765258 4.685446 -1310.356808
v 181.117371 0.000000 -1315.014085
v 165.924883 4.666667 -1308.234742
v 124.732394 1.201878 -1337.014085
v 141.061033 4.910798 -1346.751174
v 123.427230 5.877934 -1341.539906
v 142.075117 0.215962 -1342.150235
v 141.061033 4.910798 -1346.751174
v 124.732394 1.201878 -1337.014085
v 138.948357 5.877934 -1302.244131
v 150.863850 0.215962 -1310.488263
v 136.798122 1.201878 -1306.441315
v 152.366197 4.901408 -1306.037559
v 150.863850 0.215962 -1310.488263
v 138.948357 5.877934 -1302.244131
v 92.676056 5.023474 -1322.046948
v 106.666667 7.502347 -1334.666667
v 90.845070 9.661972 -1326.431925
v 108.244131 2.845070 -1330.206573
v 106.666667 7.502347 -1334.666667
v 92.676056 5.023474 -1322.046948
v 112.976526 9.652582 -1290.441315
v 123.117371 2.835681 -1300.901408
v 109.887324 5.014085 -1294.046948
v 125.784038 7.492958 -1296.985915
v 123.117371 2.835681 -1300.901408
v 112.976526 9.652582 -1290.441315
v 64.197183 10.666667 -1302.685446
v 75.962441 12.281690 -1317.107981
v 61.953052 15.267606 -1306.920188
v 78.009390 7.661972 -1312.798122
v 75.962441 12.281690 -1317.107981
v 64.197183 10.666667 -1302.685446
v 88.657277 15.248826 -1274.169014
v 97.164319 7.652582 -1286.093897
v 84.957746 10.657277 -1277.211268
v 100.591549 12.272300 -1282.769953
v 97.164319 7.652582 -1286.093897
v 88.657277 15.248826 -1274.169014
v 38.826291 17.511737 -1280.525822
v 48.751174 18.553991 -1296.037559
v 36.272300 22.084507 -1284.600939
v 51.154930 13.962441 -1291.887324
v 48.751174 18.553991 -1296.037559
v 38.826291 17.511737 -1280.525822
v 66.112676 22.075117 -1254.685446
v 73.258216 13.953052 -1267.558685
v 62.037559 17.502347 -1257.258216
v 77.154930 18.544601 -1264.760563
v 73.258216 13.953052 -1267.558685
v 66.112676 22.075117 -1254.685446
v 15.990610 25.136150 -1256.525822
v 24.431925 25.802817 -1272.713615
v 13.173709 29.690141 -1260.450704
v 27.126761 21.239437 -1268.713615
v 24.431925 25.802817 -1272.713615
v 15.990610 25.136150 -1256.525822
v 45.239437 29.690141 -1232.929577
v 51.276995 21.239437 -1246.422535
v 40.929577 25.136150 -1235.117371
v 55.474178 25.802817 -1244.046948
v 51.276995 21.239437 -1246.422535
v 45.239437 29.690141 -1232.929577
v -4.816901 33.276995 -1231.248826
v 2.431925 33.699531 -1247.877934
v -7.830986 37.812207 -1235.042254
v 5.352113 29.154930 -1244.018779
v 2.431925 33.699531 -1247.877934
v -4.816901 33.276995 -1231.248826
v 25.840376 37.812207 -1209.530516
v 30.967136 29.154930 -1223.436620
v 21.370892 33.276995 -1211.408451
v 35.370892 33.699531 -1221.408451
v 30.967136 29.154930 -1223.436620
v 25.840376 37.812207 -1209.530516
v -23.990610 41.737089 -1205.061033
v -17.690141 42.009390 -1221.981221
v -27.173709 46.272300 -1208.723005
v -14.591549 37.474178 -1218.253521
v -17.690141 42.009390 -1221.981221
v -23.990610 41.737089 -1205.061033
v 7.708920 46.272300 -1184.901408
v 12.103286 37.474178 -1199.098592
v 3.136150 41.737089 -1186.525822
v 16.629108 42.009390 -1197.352113
v 12.103286 37.474178 -1199.098592
v 7.708920 46.272300 -1184.901408
v -41.840376 50.366197 -1178.169014
v -36.319249 50.563380 -1195.286385
v -45.164319 54.892019 -1181.708920
v -33.070423 46.037559 -1191.690141
v -36.319249 50.563380 -1195.286385
v -41.840376 50.366197 -1178.169014
v -9.333333 54.892019 -1159.305164
v -5.539906 46.037559 -1173.737089
v -13.971831 50.366197 -1160.741784
v -0.929577 50.563380 -1172.206573
v -5.539906 46.037559 -1173.737089
v -9.333333 54.892019 -1159.305164
v -58.582160 59.023474 -1150.723005
v -53.718310 59.220657 -1167.981221
v -62.028169 63.549296 -1154.140845
v -50.338028 54.694836 -1164.507042
v -53.718310 59.220657 -1167.981221
v -58.582160 59.023474 -1150.723005
v -25.474178 63.549296 -1132.948357
v -22.169014 54.694836 -1147.568075
v -30.150235 59.023474 -1134.234742
v -17.511737 59.220657 -1146.215962
v -22.169014 54.694836 -1147.568075
v -25.474178 63.549296 -1132.948357
v -74.431925 67.568075 -1122.835681
v -70.103286 67.849765 -1140.187793
v -77.981221 72.103286 -1126.131455
v -66.610329 63.314554 -1136.826291
v -70.103286 67.849765 -1140.187793
v -74.431925 67.568075 -1122.835681
v -40.863850 72.103286 -1105.924883
v -37.943662 63.314554 -1120.741784
v -45.568075 67.568075 -1107.117371
v -33.258216 67.849765 -1119.511737
v -37.943662 63.314554 -1120.741784
v -40.863850 72.103286 -1105.924883
v -89.558685 75.793427 -1094.582160
v -85.671362 76.281690 -1111.971831
v -93.211268 80.356808 -1097.737089
v -82.075117 71.737089 -1108.741784
v -85.671362 76.281690 -1111.971831
v -89.558685 75.793427 -1094.582160
v -55.699531 80.356808 -1078.281690
v -53.032864 71.737089 -1093.352113
v -60.384977 75.793427 -1079.446009
v -48.338028 76.281690 -1092.178404
v -53.032864 71.737089 -1093.352113
v -55.699531 80.356808 -1078.281690
vn -0.722412 -0.403076 -0.561523
vn -0.722412 -0.403076 -0.561523
vn -0.722412 -0.403076 -0.561523
vn -0.722412 -0.403076 -0.561523
vn -0.722412 -0.403076 -0.561523
vn -0.722412 -0.403076 -0.561523
vn 0.698730 -0.406250 0.588379
vn 0.698730 -0.406250 0.588379
vn 0.698730 -0.406250 0.588379
vn 0.698730 -0.406250 0.588379
vn 0.698730 -0.406250 0.588379
vn 0.698730 -0.406250 0.588379
vn -0.642090 -0.403076 -0.651855
vn -0.642090 -0.403076 -0.651855
vn -0.642090 -0.403076 -0.651855
vn -0.642090 -0.403076 -0.651855
vn -0.642090 -0.403076 -0.651855
vn -0.642090 -0.403076 -0.651855
vn 0.628662 -0.404297 0.664062
vn 0.628662 -0.404297 0.664062
vn 0.628662 -0.404297 0.664062
vn 0.628662 -0.404297 0.664062
vn 0.628662 -0.404297 0.664062
vn 0.628662 -0.404297 0.664062
vn -0.602051 -0.400879 -0.690186
vn -0.602051 -0.400879 -0.690186
vn -0.602051 -0.400879 -0.690186
vn -0.602051 -0.400879 -0.690186
vn -0.602051 -0.400879 -0.690186
vn -0.602051 -0.400879 -0.690186
vn 0.593262 -0.401367 0.697510
vn 0.593262 -0.401367 0.697510
vn 0.593262 -0.401367 0.697510
vn 0.593262 -0.401367 0.697510
vn 0.593262 -0.401367 0.697510
vn 0.593262 -0.401367 0.697510
vn -0.577393 -0.397949 -0.712646
vn -0.577393 -0.397949 -0.712646
vn -0.577393 -0.397949 -0.712646
vn -0.577393 -0.397949 -0.712646
vn -0.577393 -0.397949 -0.712646
vn -0.577393 -0.397949 -0.712646
vn 0.570801 -0.398438 0.717773
vn 0.570801 -0.398438 0.717773
vn 0.570801 -0.398438 0.717773
vn 0.570801 -0.398438 0.717773
vn 0.570801 -0.398438 0.717773
vn 0.570801 -0.398438 0.717773
vn -0.510742 -0.379150 -0.771240
vn -0.510742 -0.379150 -0.771240
vn -0.510742 -0.379150 -0.771240
vn -0.510742 -0.379150 -0.771240
vn -0.510742 -0.379150 -0.771240
vn -0.510742 -0.379150 -0.771240
vn 0.575439 -0.378662 0.724609
vn 0.575439 -0.378662 0.724609
vn 0.575439 -0.378662 0.724609
vn 0.575439 -0.378662 0.724609
vn 0.575439 -0.378662 0.724609
vn 0.575439 -0.378662 0.724609
vn -0.886230 -0.342529 -0.311035
vn -0.886230 -0.342529 -0.311035
vn -0.886230 -0.342529 -0.311035
vn -0.886230 -0.342529 -0.311035
vn -0.886230 -0.342529 -0.311035
vn -0.886230 -0.342529 -0.311035
vn 0.910889 -0.351562 0.215332
vn 0.910889 -0.351562 0.215332
vn 0.910889 -0.351562 0.215332
vn 0.910889 -0.351562 0.215332
vn 0.910889 -0.351562 0.215332
vn 0.910889 -0.351562 0.215332
vn -0.878662 -0.340088 0.334717
vn -0.878662 -0.340088 0.334717
vn -0.878662 -0.340088 0.334717
vn -0.878662 -0.340088 0.334717
vn -0.878662 -0.340088 0.334717
vn -0.878662 -0.340088 0.334717
vn 0.882324 -0.339355 -0.325439
vn 0.882324 -0.339355 -0.325439
vn 0.882324 -0.339355 -0.325439
vn 0.882324 -0.339355 -0.325439
vn 0.882324 -0.339355 -0.325439
vn 0.882324 -0.339355 -0.325439
vn -0.895020 -0.320801 0.309326
vn -0.895020 -0.320801 0.309326
vn -0.895020 -0.320801 0.309326
vn -0.895020 -0.320801 0.309326
vn -0.895020 -0.320801 0.309326
vn -0.895020 -0.320801 0.309326
vn 0.899658 -0.320801 -0.295410
vn 0.899658 -0.320801 -0.295410
vn 0.899658 -0.320801 -0.295410
vn 0.899658 -0.320801 -0.295410
vn 0.899658 -0.320801 -0.295410
vn 0.899658 -0.320801 -0.295410
vn 0.700684 0.689697 0.181152
vn 0.700684 0.689697 0.181152
vn 0.700684 0.689697 0.181152
vn 0.700684 0.689697 0.181152
vn 0.700684 0.689697 0.181152
vn 0.700684 0.689697 0.181152
vn -0.558594 0.689209 -0.461182
vn -0.558594 0.689209 -0.461182
vn -0.558594 0.689209 -0.461182
vn -0.558594 0.689209 -0.461182
vn -0.558594 0.689209 -0.461182
vn -0.558594 0.689209 -0.461182
vn 0.671631 0.704590 0.228027
vn 0.671631 0.704590 0.228027
vn 0.671631 0.704590 0.228027
vn 0.671631 0.704590 0.228027
vn 0.671631 0.704590 0.228027
vn 0.671631 0.704590 0.228027
vn -0.577393 0.697266 -0.424316
vn -0.577393 0.697266 -0.424316
vn -0.577393 0.697266 -0.424316
vn -0.577393 0.697266 -0.424316
vn -0.577393 0.697266 -0.424316
vn -0.577393 0.697266 -0.424316
vn 0.089600 0.706787 0.701416
vn 0.089600 0.706787 0.701416
vn 0.089600 0.706787 0.701416
vn 0.089600 0.706787 0.701416
vn 0.089600 0.706787 0.701416
vn 0.089600 0.706787 0.701416
vn -0.089600 0.707031 -0.701172
vn -0.089600 0.707031 -0.701172
vn -0.089600 0.707031 -0.701172
vn -0.089600 0.707031 -0.701172
vn -0.089600 0.707031 -0.701172
vn -0.089600 0.707031 -0.701172
vn 0.095215 0.706787 0.700684
vn 0.095215 0.706787 0.700684
vn 0.095215 0.706787 0.700684
vn 0.095215 0.706787 0.700684
vn 0.095215 0.706787 0.700684
vn 0.095215 0.706787 0.700684
vn -0.095215 0.707031 -0.700439
vn -0.095215 0.707031 -0.700439
vn -0.095215 0.707031 -0.700439
vn -0.095215 0.707031 -0.700439
vn -0.095215 0.707031 -0.700439
vn -0.095215 0.707031 -0.700439
vn 0.099365 0.707031 0.699951
vn 0.099365 0.707031 0.699951
vn 0.099365 0.707031 0.699951
vn 0.099365 0.707031 0.699951
vn 0.099365 0.707031 0.699951
vn 0.099365 0.707031 0.699951
vn -0.099365 0.707031 -0.699951
vn -0.099365 0.707031 -0.699951
vn -0.099365 0.707031 -0.699951
vn -0.099365 0.707031 -0.699951
vn -0.099365 0.707031 -0.699951
vn -0.099365 0.707031 -0.699951
vn 0.102295 0.707031 0.699463
vn 0.102295 0.707031 0.699463
vn 0.102295 0.707031 0.699463
vn 0.102295 0.707031 0.699463
vn 0.102295 0.707031 0.699463
vn 0.102295 0.707031 0.699463
vn -0.102295 0.707031 -0.699463
vn -0.102295 0.707031 -0.699463
vn -0.102295 0.707031 -0.699463
vn -0.102295 0.707031 -0.699463
vn -0.102295 0.707031 -0.699463
vn -0.102295 0.707031 -0.699463
vn 0.103760 0.707031 0.699219
vn 0.103760 0.707031 0.699219
vn 0.103760 0.707031 0.699219
vn 0.103760 0.707031 0.699219
vn 0.103760 0.707031 0.699219
vn 0.103760 0.707031 0.699219
vn -0.103516 0.707031 -0.699219
vn -0.103516 0.707031 -0.699219
vn -0.103516 0.707031 -0.699219
vn -0.103516 0.707031 -0.699219
vn -0.103516 0.707031 -0.699219
vn -0.103516 0.707031 -0.699219
vn 0.102783 0.706787 0.699463
vn 0.102783 0.706787 0.699463
vn 0.102783 0.706787 0.699463
vn 0.102783 0.706787 0.699463
vn 0.102783 0.706787 0.699463
vn 0.102783 0.706787 0.699463
vn -0.102783 0.707031 -0.699463
vn -0.102783 0.707031 -0.699463
vn -0.102783 0.707031 -0.699463
vn -0.102783 0.707031 -0.699463
vn -0.102783 0.707031 -0.699463
vn -0.102783 0.707031 -0.699463
vn 0.093262 0.707031 0.700928
vn 0.093262 0.707031 0.700928
vn 0.093262 0.707031 0.700928
vn 0.093262 0.707031 0.700928
vn 0.093262 0.707031 0.700928
vn 0.093262 0.707031 0.700928
vn -0.094971 0.707031 -0.700684
vn -0.094971 0.707031 -0.700684
vn -0.094971 0.707031 -0.700684
vn -0.094971 0.707031 -0.700684
vn -0.094971 0.707031 -0.700684
vn -0.094971 0.707031 -0.700684
vn 0.237061 0.709473 0.663330
vn 0.237061 0.709473 0.663330
vn 0.237061 0.709473 0.663330
vn 0.237061 0.709473 0.663330
vn 0.237061 0.709473 0.663330
vn 0.237061 0.709473 0.663330
vn -0.147217 0.697754 -0.700684
vn -0.147217 0.697754 -0.700684
vn -0.147217 0.697754 -0.700684
vn -0.147217 0.697754 -0.700684
vn -0.147217 0.697754 -0.700684
vn -0.147217 0.697754 -0.700684
vn 0.403076 0.707520 0.580078
vn 0.403076 0.707520 0.580078
vn 0.403076 0.707520 0.580078
vn 0.403076 0.707520 0.580078
vn 0.403076 0.707520 0.580078
vn 0.403076 0.707520 0.580078
vn -0.233643 0.689697 -0.685059
vn -0.233643 0.689697 -0.685059
vn -0.233643 0.689697 -0.685059
vn -0.233643 0.689697 -0.685059
vn -0.233643 0.689697 -0.685059
vn -0.233643 0.689697 -0.685059
vn 0.513184 0.702637 0.492432
vn 0.513184 0.702637 0.492432
vn 0.513184 0.702637 0.492432
vn 0.513184 0.702637 0.492432
vn 0.513184 0.702637 0.492432
vn 0.513184 0.702637 0.492432
vn -0.305908 0.684326 -0.661621
vn -0.305908 0.684326 -0.661621
vn -0.305908 0.684326 -0.661621
vn -0.305908 0.684326 -0.661621
vn -0.305908 0.684326 -0.661621
vn -0.305908 0.684326 -0.661621
vn 0.583496 0.697266 0.415771
vn 0.583496 0.697266 0.415771
vn 0.583496 0.697266 0.415771
vn 0.583496 0.697266 0.415771
vn 0.583496 0.697266 0.415771
vn 0.583496 0.697266 0.415771
vn -0.362549 0.680908 -0.636230
vn -0.362549 0.680908 -0.636230
vn -0.362549 0.680908 -0.636230
vn -0.362549 0.680908 -0.636230
vn -0.362549 0.680908 -0.636230
vn -0.362549 0.680908 -0.636230
vn 0.628418 0.693115 0.352783
vn 0.628418 0.693115 0.352783
vn 0.628418 0.693115 0.352783
vn 0.628418 0.693115 0.352783
vn 0.628418 0.693115 0.352783
vn 0.628418 0.693115 0.352783
vn -0.406494 0.678467 -0.611572
vn -0.406494 0.678467 -0.611572
vn -0.406494 0.678467 -0.611572
vn -0.406494 0.678467 -0.611572
vn -0.406494 0.678467 -0.611572
vn -0.406494 0.678467 -0.611572
vn 0.657959 0.689697 0.301758
vn 0.657959 0.689697 0.301758
vn 0.657959 0.689697 0.301758
vn 0.657959 0.689697 0.301758
vn 0.657959 0.689697 0.301758
vn 0.657959 0.689697 0.301758
vn -0.440918 0.677490 -0.588379
vn -0.440918 0.677490 -0.588379
vn -0.440918 0.677490 -0.588379
vn -0.440918 0.677490 -0.588379
vn -0.440918 0.677490 -0.588379
vn -0.440918 0.677490 -0.588379
vn 0.677490 0.687256 0.260986
vn 0.677490 0.687256 0.260986
vn 0.677490 0.687256 0.260986
vn 0.677490 0.687256 0.260986
vn 0.677490 0.687256 0.260986
vn 0.677490 0.687256 0.260986
vn -0.468750 0.677002 -0.567139
vn -0.468750 0.677002 -0.567139
vn -0.468750 0.677002 -0.567139
vn -0.468750 0.677002 -0.567139
vn -0.468750 0.677002 -0.567139
vn -0.468750 0.677002 -0.567139
vn 0.690674 0.685791 0.228516
vn 0.690674 0.685791 0.228516
vn 0.690674 0.685791 0.228516
vn 0.690674 0.685791 0.228516
vn 0.690674 0.685791 0.228516
vn 0.690674 0.685791 0.228516
vn -0.491455 0.677246 -0.547119
vn -0.491455 0.677246 -0.547119
vn -0.491455 0.677246 -0.547119
vn -0.491455 0.677246 -0.547119
vn -0.491455 0.677246 -0.547119
vn -0.491455 0.677246 -0.547119
vn 0.699219 0.685059 0.203369
vn 0.699219 0.685059 0.203369
vn 0.699219 0.685059 0.203369
vn 0.699219 0.685059 0.203369
vn 0.699219 0.685059 0.203369
vn 0.699219 0.685059 0.203369
vn -0.510986 0.677979 -0.527832
vn -0.510986 0.677979 -0.527832
vn -0.510986 0.677979 -0.527832
vn -0.510986 0.677979 -0.527832
vn -0.510986 0.677979 -0.527832
vn -0.510986 0.677979 -0.527832
vn 0.704102 0.685303 0.185303
vn 0.704102 0.685303 0.185303
vn 0.704102 0.685303 0.185303
vn 0.704102 0.685303 0.185303
vn 0.704102 0.685303 0.185303
vn 0.704102 0.685303 0.185303
vn -0.527832 0.679932 -0.508545
vn -0.527832 0.679932 -0.508545
vn -0.527832 0.679932 -0.508545
vn -0.527832 0.679932 -0.508545
vn -0.527832 0.679932 -0.508545
vn -0.527832 0.679932 -0.508545
vn 0.705078 0.686768 0.176025
vn 0.705078 0.686768 0.176025
vn 0.705078 0.686768 0.176025
vn 0.705078 0.686768 0.176025
vn 0.705078 0.686768 0.176025
vn 0.705078 0.686768 0.176025
vn -0.543457 0.683105 -0.487793
vn -0.543457 0.683105 -0.487793
vn -0.543457 0.683105 -0.487793
vn -0.543457 0.683105 -0.487793
vn -0.543457 0.683105 -0.487793
vn -0.543457 0.683105 -0.487793
vt 1.000000 0.000000
vt 0.000000 1.000000
vt 0.000000 0.000000
vt 1.000000 1.000000
vt 0.000000 1.000000
vt 1.000000 0.000000
vt 0.000000 0.000000
vt 1.000000 1.000000
vt 1.000000 0.000000
vt 0.000000 1.000000
vt 1.000000 1.000000
vt 0.000000 0.000000
vt 1.000000 0.000000
vt 0.000000 1.000000
vt 0.000000 0.000000
vt 1.000000 1.000000
vt 0.000000 1.000000
vt 1.000000 0.000000
vt 0.000000 0.000000
vt 1.000000 1.000000
vt 1.000000 0.000000
vt 0.000000 1.000000
vt 1.000000 1.000000
vt 0.000000 0.000000
vt 1.000000 0.000000
vt 0.000000 1.000000
vt 0.000000 0.000000
vt 1.000000 1.000000
vt 0.000000 1.000000
vt 1.000000 0.000000
vt 0.000000 0.000000
vt 1.000000 1.000000
vt 1.000000 0.000000
vt 0.000000 1.000000
vt 1.000000 1.000000
vt 0.000000 0.000000
vt 1.000000 0.000000
vt 0.000000 1.000000
vt 0.000000 0.000000
vt 1.000000 1.000000
vt 0.000000 1.000000
vt 1.000000 0.000000
vt 0.000000 0.000000
vt 1.000000 1.000000
vt 1.000000 0.000000
vt 0.000000 1.000000
vt 1.000000 1.000000
vt 0.000000 0.000000
vt 1.000000 0.000000
vt 0.000000 1.000000
vt 0.000000 0.000000
vt 1.000000 1.000000
vt 0.000000 1.000000
vt 1.000000 0.000000
vt 0.000000 0.000000
vt 1.000000 1.000000
vt 1.000000 0.000000
vt 0.000000 1.000000
vt 1.000000 1.000000
vt 0.000000 0.000000
vt 1.000000 0.000000
vt 0.000000 1.000000
vt 0.000000 0.000000
vt 1.000000 1.000000
vt 0.000000 1.000000
vt 1.000000 0.000000
vt 0.000000 0.000000
vt 1.000000 1.000000
vt 1.000000 0.000000
vt 0.000000 1.000000
vt 1.000000 1.000000
vt 0.000000 0.000000
vt 1.000000 0.000000
vt 0.000000 1.000000
vt 0.000000 0.000000
vt 1.000000 1.000000
vt 0.000000 1.000000
vt 1.000000 0.000000
vt 0.000000 0.000000
vt 1.000000 1.000000
vt 1.000000 0.000000
vt 0.000000 1.000000
vt 1.000000 1.000000
vt 0.000000 0.000000
vt 1.000000 0.000000
vt 0.000000 1.000000
vt 0.000000 0.000000
vt 1.000000 1.000000
vt 0.000000 1.000000
vt 1.000000 0.000000
vt 0.000000 0.000000
vt 1.000000 1.000000
vt 1.000000 0.000000
vt 0.000000 1.000000
vt 1.000000 1.000000
vt 0.000000 0.000000
vt 1.000000 0.000000
vt 0.000000 1.000000
vt 0.000000 0.000000
vt 1.000000 1.000000
vt 0.000000 1.000000
vt 1.000000 0.000000
vt 0.000000 0.000000
vt 1.000000 1.000000
vt 1.000000 0.000000
vt 0.000000 1.000000
vt 1.000000 1.000000
vt 0.000000 0.000000
vt 1.000000 0.000000
vt 0.000000 1.000000
vt 0.000000 0.000000
vt 1.000000 1.000000
vt 0.000000 1.000000
vt 1.000000 0.000000
vt 0.000000 0.000000
vt 1.000000 1.000000
vt 1.000000 0.000000
vt 0.000000 1.000000
vt 1.000000 1.000000
vt 0.000000 0.000000
vt 1.000000 0.000000
vt 0.000000 1.000000
vt 0.000000 0.000000
vt 1.000000 1.000000
vt 0.000000 1.000000
vt 1.000000 0.000000
vt 0.000000 0.000000
vt 1.000000 1.000000
vt 1.000000 0.000000
vt 0.000000 1.000000
vt 1.000000 1.000000
vt 0.000000 0.000000
vt 1.000000 0.000000
vt 0.000000 1.000000
vt 0.000000 0.000000
vt 1.000000 1.000000
vt 0.000000 1.000000
vt 1.000000 0.000000
vt 0.000000 0.000000
vt 1.000000 1.000000
vt 1.000000 0.000000
vt 0.000000 1.000000
vt 1.000000 1.000000
vt 0.000000 0.000000
vt 1.000000 0.000000
vt 0.000000 1.000000
vt 0.000000 0.000000
vt 1.000000 1.000000
vt 0.000000 1.000000
vt 1.000000 0.000000
vt 0.000000 0.000000
vt 1.000000 1.000000
vt 1.000000 0.000000
vt 0.000000 1.000000
vt 1.000000 1.000000
vt 0.000000 0.000000
vt 1.000000 0.000000
vt 0.000000 1.000000
vt 0.000000 0.000000
vt 1.000000 1.000000
vt 0.000000 1.000000
vt 1.000000 0.000000
vt 0.000000 0.000000
vt 1.000000 1.000000
vt 1.000000 0.000000
vt 0.000000 1.000000
vt 1.000000 1.000000
vt 0.000000 0.000000
vt 1.000000 0.000000
vt 0.000000 1.000000
vt 0.000000 0.000000
vt 1.000000 1.000000
vt 0.000000 1.000000
vt 1.000000 0.000000
vt 0.000000 0.000000
vt 1.000000 1.000000
vt 1.000000 0.000000
vt 0.000000 1.000000
vt 1.000000 1.000000
vt 0.000000 0.000000
vt 1.000000 0.000000
vt 0.000000 1.000000
vt 0.000000 0.000000
vt 1.000000 1.000000
vt 0.000000 1.000000
vt 1.000000 0.000000
vt 0.000000 0.000000
vt 1.000000 1.000000
vt 1.000000 0.000000
vt 0.000000 1.000000
vt 1.000000 1.000000
vt 0.000000 0.000000
vt 1.000000 0.000000
vt 0.000000 1.000000
vt 0.000000 0.000000
vt 1.000000 1.000000
vt 0.000000 1.000000
vt 1.000000 0.000000
vt 0.000000 0.000000
vt 1.000000 1.000000
vt 1.000000 0.000000
vt 0.000000 1.000000
vt 1.000000 1.000000
vt 0.000000 0.000000
vt 1.000000 0.000000
vt 0.000000 1.000000
vt 0.000000 0.000000
vt 1.000000 1.000000
vt 0.000000 1.000000
vt 1.000000 0.000000
vt 0.000000 0.000000
vt 1.000000 1.000000
vt 1.000000 0.000000
vt 0.000000 1.000000
vt 1.000000 1.000000
vt 0.000000 0.000000
vt 1.000000 0.000000
vt 0.000000 1.000000
vt 0.000000 0.000000
vt 1.000000 1.000000
vt 0.000000 1.000000
vt 1.000000 0.000000
vt 0.000000 0.000000
vt 1.000000 1.000000
vt 1.000000 0.000000
vt 0.000000 1.000000
vt 1.000000 1.000000
vt 0.000000 0.000000
vt 1.000000 0.000000
vt 0.000000 1.000000
vt 0.000000 0.000000
vt 1.000000 1.000000
vt 0.000000 1.000000
vt 1.000000 0.000000
vt 0.000000 0.000000
vt 1.000000 1.000000
vt 1.000000 0.000000
vt 0.000000 1.000000
vt 1.000000 1.000000
vt 0.000000 0.000000
vt 1.000000 0.000000
vt 0.000000 1.000000
vt 0.000000 0.000000
vt 1.000000 1.000000
vt 0.000000 1.000000
vt 1.000000 0.000000
vt 0.000000 0.000000
vt 1.000000 1.000000
vt 1.000000 0.000000
vt 0.000000 1.000000
vt 1.000000 1.000000
vt 0.000000 0.000000
vt 1.000000 0.000000
vt 0.000000 1.000000
vt 0.000000 0.000000
vt 1.000000 1.000000
vt 0.000000 1.000000
vt 1.000000 0.000000
vt 0.000000 0.000000
vt 1.000000 1.000000
vt 1.000000 0.000000
vt 0.000000 1.000000
vt 1.000000 1.000000
vt 0.000000 0.000000
vt 1.000000 0.000000
vt 0.000000 1.000000
vt 0.000000 0.000000
vt 1.000000 1.000000
vt 0.000000 1.000000
vt 1.000000 0.000000
vt 0.000000 0.000000
vt 1.000000 1.000000
vt 1.000000 0.000000
vt 0.000000 1.000000
vt 1.000000 1.000000
vt 0.000000 0.000000
vt 1.000000 0.000000
vt 0.000000 1.000000
vt 0.000000 0.000000
vt 1.000000 1.000000
vt 0.000000 1.000000
vt 1.000000 0.000000
vt 0.000000 0.000000
vt 1.000000 1.000000
vt 1.000000 0.000000
vt 0.000000 1.000000
vt 1.000000 1.000000
vt 0.000000 0.000000
vt 1.000000 0.000000
vt 0.000000 1.000000
vt 0.000000 0.000000
vt 1.000000 1.000000
vt 0.000000 1.000000
vt 1.000000 0.000000
vt 0.000000 0.000000
vt 1.000000 1.000000
vt 1.000000 0.000000
vt 0.000000 1.000000
vt 1.000000 1.000000
vt 0.000000 0.000000
vt 1.000000 0.000000
vt 0.000000 1.000000
vt 0.000000 0.000000
vt 1.000000 1.000000
vt 0.000000 1.000000
vt 1.000000 0.000000
vt 0.000000 0.000000
vt 1.000000 1.000000
vt 1.000000 0.000000
vt 0.000000 1.000000
vt 1.000000 1.000000
vt 0.000000 0.000000
vt 1.000000 0.000000
vt 0.000000 1.000000
vt 0.000000 0.000000
vt 1.000000 1.000000
vt 0.000000 1.000000
vt 1.000000 0.000000
vt 0.000000 0.000000
vt 1.000000 1.000000
vt 1.000000 0.000000
vt 0.000000 1.000000
vt 1.000000 1.000000
vt 0.000000 0.000000
vt 1.000000 0.000000
vt 0.000000 1.000000
vt 0.000000 0.000000
vt 1.000000 1.000000
vt 0.000000 1.000000
vt 1.000000 0.000000
vt 0.000000 0.000000
vt 1.000000 1.000000
vt 1.000000 0.000000
vt 0.000000 1.000000
vt 1.000000 1.000000
vt 0.000000 0.000000
f 5803/5803/5803 5804/5804/5804 5805/5805/5805
f 5806/5806/5806 5807/5807/5807 5808/5808/5808
f 5809/5809/5809 5810/5810/5810 5811/5811/5811
f 5812/5812/5812 5813/5813/5813 5814/5814/5814
f 5815/5815/5815 5816/5816/5816 5817/5817/5817
f 5818/5818/5818 5819/5819/5819 5820/5820/5820
f 5821/5821/5821 5822/5822/5822 5823/5823/5823
f 5824/5824/5824 5825/5825/5825 5826/5826/5826
f 5827/5827/5827 5828/5828/5828 5829/5829/5829
f 5830/5830/5830 5831/5831/5831 5832/5832/5832
f 5833/5833/5833 5834/5834/5834 5835/5835/5835
f 5836/5836/5836 5837/5837/5837 5838/5838/5838
f 5839/5839/5839 5840/5840/5840 5841/5841/5841
f 5842/5842/5842 5843/5843/5843 5844/5844/5844
f 5845/5845/5845 5846/5846/5846 5847/5847/5847
f 5848/5848/5848 5849/5849/5849 5850/5850/5850
f 5851/5851/5851 5852/5852/5852 5853/5853/5853
f 5854/5854/5854 5855/5855/5855 5856/5856/5856
f 5857/5857/5857 5858/5858/5858 5859/5859/5859
f 5860/5860/5860 5861/5861/5861 5862/5862/5862
f 5863/5863/5863 5864/5864/5864 5865/5865/5865
f 5866/5866/5866 5867/5867/5867 5868/5868/5868
f 5869/5869/5869 5870/5870/5870 5871/5871/5871
f 5872/5872/5872 5873/5873/5873 5874/5874/5874
f 5875/5875/5875 5876/5876/5876 5877/5877/5877
f 5878/5878/5878 5879/5879/5879 5880/5880/5880
f 5881/5881/5881 5882/5882/5882 5883/5883/5883
f 5884/5884/5884 5885/5885/5885 5886/5886/5886
f 5887/5887/5887 5888/5888/5888 5889/5889/5889
f 5890/5890/5890 5891/5891/5891 5892/5892/5892
f 5893/5893/5893 5894/5894/5894 5895/5895/5895
f 5896/5896/5896 5897/5897/5897 5898/5898/5898
f 5899/5899/5899 5900/5900/5900 5901/5901/5901
f 5902/5902/5902 5903/5903/5903 5904/5904/5904
f 5905/5905/5905 5906/5906/5906 5907/5907/5907
f 5908/5908/5908 5909/5909/5909 5910/5910/5910
f 5911/5911/5911 5912/5912/5912 5913/5913/5913
f 5914/5914/5914 5915/5915/5915 5916/5916/5916
f 5917/5917/5917 5918/5918/5918 5919/5919/5919
f 5920/5920/5920 5921/5921/5921 5922/5922/5922
f 5923/5923/5923 5924/5924/5924 5925/5925/5925
f 5926/5926/5926 5927/5927/5927 5928/5928/5928
f 5929/5929/5929 5930/5930/5930 5931/5931/5931
f 5932/5932/5932 5933/5933/5933 5934/5934/5934
f 5935/5935/5935 5936/5936/5936 5937/5937/5937
f 5938/5938/5938 5939/5939/5939 5940/5940/5940
f 5941/5941/5941 5942/5942/5942 5943/5943/5943
f 5944/5944/5944 5945/5945/5945 5946/5946/5946
f 5947/5947/5947 5948/5948/5948 5949/5949/5949
f 5950/5950/5950 5951/5951/5951 5952/5952/5952
f 5953/5953/5953 5954/5954/5954 5955/5955/5955
f 5956/5956/5956 5957/5957/5957 5958/5958/5958
f 5959/5959/5959 5960/5960/5960 5961/5961/5961
f 5962/5962/5962 5963/5963/5963 5964/5964/5964
f 5965/5965/5965 5966/5966/5966 5967/5967/5967
f 5968/5968/5968 5969/5969/5969 5970/5970/5970
f 5971/5971/5971 5972/5972/5972 5973/5973/5973
f 5974/5974/5974 5975/5975/5975 5976/5976/5976
f 5977/5977/5977 5978/5978/5978 5979/5979/5979
f 5980/5980/5980 5981/5981/5981 5982/5982/5982
f 5983/5983/5983 5984/5984/5984 5985/5985/5985
f 5986/5986/5986 5987/5987/5987 5988/5988/5988
f 5989/5989/5989 5990/5990/5990 5991/5991/5991
f 5992/5992/5992 5993/5993/5993 5994/5994/5994
f 5995/5995/5995 5996/5996/5996 5997/5997/5997
f 5998/5998/5998 5999/5999/5999 6000/6000/6000
f 6001/6001/6001 6002/6002/6002 6003/6003/6003
f 6004/6004/6004 6005/6005/6005 6006/6006/6006
f 6007/6007/6007 6008/6008/6008 6009/6009/6009
f 6010/6010/6010 6011/6011/6011 6012/6012/6012
f 6013/6013/6013 6014/6014/6014 6015/6015/6015
f 6016/6016/6016 6017/6017/6017 6018/6018/6018
f 6019/6019/6019 6020/6020/6020 6021/6021/6021
f 6022/6022/6022 6023/6023/6023 6024/6024/6024
f 6025/6025/6025 6026/6026/6026 6027/6027/6027
f 6028/6028/6028 6029/6029/6029 6030/6030/6030
f 6031/6031/6031 6032/6032/6032 6033/6033/6033
f 6034/6034/6034 6035/6035/6035 6036/6036/6036
f 6037/6037/6037 6038/6038/6038 6039/6039/6039
f 6040/6040/6040 6041/6041/6041 6042/6042/6042
f 6043/6043/6043 6044/6044/6044 6045/6045/6045
f 6046/6046/6046 6047/6047/6047 6048/6048/6048
f 6049/6049/6049 6050/6050/6050 6051/6051/6051
f 6052/6052/6052 6053/6053/6053 6054/6054/6054
f 6055/6055/6055 6056/6056/6056 6057/6057/6057
f 6058/6058/6058 6059/6059/6059 6060/6060/6060
f 6061/6061/6061 6062/6062/6062 6063/6063/6063
f 6064/6064/6064 6065/6065/6065 6066/6066/6066
f 6067/6067/6067 6068/6068/6068 6069/6069/6069
f 6070/6070/6070 6071/6071/6071 6072/6072/6072
f 6073/6073/6073 6074/6074/6074 6075/6075/6075
f 6076/6076/6076 6077/6077/6077 6078/6078/6078
f 6079/6079/6079 6080/6080/6080 6081/6081/6081
f 6082/6082/6082 6083/6083/6083 6084/6084/6084
f 6085/6085/6085 6086/6086/6086 6087/6087/6087
f 6088/6088/6088 6089/6089/6089 6090/6090/6090
f 6091/6091/6091 6092/6092/6092 6093/6093/6093
f 6094/6094/6094 6095/6095/6095 6096/6096/6096
f 6097/6097/6097 6098/6098/6098 6099/6099/6099
f 6100/6100/6100 6101/6101/6101 6102/6102/6102
f 6103/6103/6103 6104/6104/6104 6105/6105/6105
f 6106/6106/6106 6107/6107/6107 6108/6108/6108
f 6109/6109/6109 6110/6110/6110 6111/6111/6111
f 6112/6112/6112 6113/6113/6113 6114/6114/6114
f 6115/6115/6115 6116/6116/6116 6117/6117/6117
f 6118/6118/6118 6119/6119/6119 6120/6120/6120
f 6121/6121/6121 6122/6122/6122 6123/6123/6123
f 6124/6124/6124 6125/6125/6125 6126/6126/6126
f 6127/6127/6127 6128/6128/6128 6129/6129/6129
f 6130/6130/6130 6131/6131/6131 6132/6132/6132
f 6133/6133/6133 6134/6134/6134 6135/6135/6135
f 6136/6136/6136 6137/6137/6137 6138/6138/6138
g face_texture_9
usemtl tex_9
v -340.375587 0.000000 167.521127
v -356.807512 0.000000 151.136150
v -356.807512 0.000000 167.521127
v -340.375587 0.000000 151.136150
v -356.807512 0.000000 151.136150
v -340.375587 0.000000 167.521127
v -307.070423 0.000000 284.798122
v -330.178404 0.000000 281.906103
v -319.821596 0.000000 295.173709
v -317.154930 0.000000 271.887324
v -330.178404 0.000000 281.906103
v -307.070423 0.000000 284.798122
v -146.112676 58.816901 492.938967
v -166.723005 50.225352 491.877934
v -158.816901 58.816901 503.352113
v -152.985915 50.225352 482.845070
v -166.723005 50.225352 491.877934
v -146.112676 58.816901 492.938967
v -49.746479 103.230047 544.666667
v -66.788732 102.309859 560.638498
v -49.652582 103.230047 561.098592
v -66.093897 102.309859 544.215962
v -66.788732 102.309859 560.638498
v -49.746479 103.230047 544.666667
v 201.605634 44.112676 528.450704
v 192.647887 50.751174 549.098592
v 208.798122 44.103286 543.230047
v 187.521127 50.751174 533.492958
v 192.647887 50.751174 549.098592
v 201.605634 44.112676 528.450704
v 251.145540 -0.075117 287.539906
v 270.694836 -0.798122 298.779343
v 264.910798 -0.075117 281.737089
v 256.084507 -0.798122 303.126761
v 270.694836 -0.798122 298.779343
v 251.145540 -0.075117 287.539906
v 144.018779 0.000000 164.816901
v 162.995305 0.000000 170.751174
v 153.755869 0.000000 159.079812
v 153.840376 0.000000 177.924883
v 162.995305 0.000000 170.751174
v 144.018779 0.000000 164.816901
v 176.535211 -0.431925 14.882629
v 170.150235 -0.403756 33.023474
v 182.582160 -0.431925 22.347418
v 163.784038 -0.403756 25.727700
v 170.150235 -0.403756 33.023474
v 176.535211 -0.431925 14.882629
v 314.892019 0.000000 -74.056338
v 315.877934 0.000000 -56.647887
v 330.610329 0.000000 -67.868545
v 302.431925 0.000000 -63.427230
v 315.877934 0.000000 -56.647887
v 314.892019 0.000000 -74.056338
v 312.751174 0.000000 -159.276995
v 335.126761 0.000000 -146.422535
v 329.962441 0.000000 -161.971831
v 317.464789 0.000000 -143.849765
v 335.126761 0.000000 -146.422535
v 312.751174 0.000000 -159.276995
v 318.845070 0.000000 -380.647887
v 311.558685 0.000000 -362.694836
v 324.910798 0.000000 -371.070423
v 303.680751 0.000000 -372.704225
v 311.558685 0.000000 -362.694836
v 318.845070 0.000000 -380.647887
v 312.995305 0.000000 -392.347418
v 303.680751 0.000000 -372.704225
v 318.845070 0.000000 -380.647887
v 296.037559 0.000000 -383.361502
v 303.680751 0.000000 -372.704225
v 312.995305 0.000000 -392.347418
v -116.798122 84.572770 -1000.366197
v -127.671362 88.638498 -1020.704225
v -132.920188 84.572770 -1003.549296
v -112.084507 88.638498 -1015.521127
v -127.671362 88.638498 -1020.704225
v -116.798122 84.572770 -1000.366197
v -100.676056 84.572770 -997.192488
v -112.084507 88.638498 -1015.521127
v -116.798122 84.572770 -1000.366197
v -96.488263 88.638498 -1010.338028
v -112.084507 88.638498 -1015.521127
v -100.676056 84.572770 -997.192488
v -132.234742 -8.694836 -742.826291
v -143.859155 -9.370892 -762.760563
v -147.652582 -8.694836 -748.507042
v -127.953052 -9.370892 -758.638498
v -143.859155 -9.370892 -762.760563
v -132.234742 -8.694836 -742.826291
v -116.816901 -8.694836 -737.145540
v -127.953052 -9.370892 -758.638498
v -132.234742 -8.694836 -742.826291
v -112.046948 -9.370892 -754.507042
v -127.953052 -9.370892 -758.638498
v -116.816901 -8.694836 -737.145540
v 601.774648 0.000000 -920.967136
v 619.708920 0.150235 -901.474178
v 619.586854 0.000000 -917.868545
v 599.990610 0.150235 -901.474178
v 619.708920 0.150235 -901.474178
v 601.774648 0.000000 -920.967136
v 788.957746 0.000000 -1064.084507
v 790.873239 0.000000 -1040.779343
v 802.431925 0.000000 -1054.676056
v 778.431925 0.000000 -1051.521127
v 790.873239 0.000000 -1040.779343
v 788.957746 0.000000 -1064.084507
v 743.868545 0.000000 -1343.577465
v 767.107981 0.000000 -1345.164319
v 753.333333 0.000000 -1357.014085
v 756.244131 0.000000 -1332.835681
v 767.107981 0.000000 -1345.164319
v 743.868545 0.000000 -1343.577465
v 553.624413 0.000000 -1358.234742
v 569.361502 0.000000 -1375.089202
v 552.985915 0.000000 -1374.657277
v 569.765258 0.000000 -1358.666667
v 569.361502 0.000000 -1375.089202
v 553.624413 0.000000 -1358.234742
v 389.765258 0.000000 -1360.929577
v 404.122066 0.000000 -1379.164319
v 387.765258 0.000000 -1377.239437
v 406.028169 0.000000 -1362.845070
v 404.122066 0.000000 -1379.164319
v 389.765258 0.000000 -1360.929577
v 123.117371 2.835681 -1300.901408
v 130.769953 1.201878 -1321.727700
v 115.680751 2.835681 -1315.549296
v 136.798122 1.201878 -1306.441315
v 130.769953 1.201878 -1321.727700
v 123.117371 2.835681 -1300.901408
v 74.572770 10.657277 -1289.953052
v 78.009390 7.661972 -1312.798122
v 64.197183 10.666667 -1302.685446
v 87.586854 7.652582 -1299.446009
v 78.009390 7.661972 -1312.798122
v 74.572770 10.657277 -1289.953052
v -13.971831 50.366197 -1160.741784
v -19.305164 46.037559 -1182.713615
v -27.906103 50.366197 -1169.455399
v -5.539906 46.037559 -1173.737089
v -19.305164 46.037559 -1182.713615
v -13.971831 50.366197 -1160.741784
vn 0.000000 1.000000 0.000000
vn 0.000000 1.000000 0.000000
vn 0.000000 1.000000 0.000000
vn 0.000000 1.000000 0.000000
vn 0.000000 1.000000 0.000000
vn 0.000000 1.000000 0.000000
vn 0.000000 1.000000 0.000000
vn 0.000000 1.000000 0.000000
vn 0.000000 1.000000 0.000000
vn 0.000000 1.000000 0.000000
vn 0.000000 1.000000 0.000000
vn 0.000000 1.000000 0.000000
vn -0.365723 0.816650 -0.446045
vn -0.365723 0.816650 -0.446045
vn -0.365723 0.816650 -0.446045
vn -0.365723 0.816650 -0.446045
vn -0.365723 0.816650 -0.446045
vn -0.365723 0.816650 -0.446045
vn -0.055908 0.998291 0.000244
vn -0.055908 0.998291 0.000244
vn -0.055908 0.998291 0.000244
vn -0.055908 0.998291 0.000244
vn -0.055908 0.998291 0.000244
vn -0.055908 0.998291 0.000244
vn 0.366211 0.913086 -0.177734
vn 0.366211 0.913086 -0.177734
vn 0.366211 0.913086 -0.177734
vn 0.366211 0.913086 -0.177734
vn 0.366211 0.913086 -0.177734
vn 0.366211 0.913086 -0.177734
vn 0.016846 0.998779 0.040771
vn 0.016846 0.998779 0.040771
vn 0.016846 0.998779 0.040771
vn 0.016846 0.998779 0.040771
vn 0.016846 0.998779 0.040771
vn 0.016846 0.998779 0.040771
vn 0.000000 0.999756 0.000000
vn 0.000000 0.999756 0.000000
vn 0.000000 0.999756 0.000000
vn 0.000000 0.999756 0.000000
vn 0.000000 0.999756 0.000000
vn 0.000000 0.999756 0.000000
vn 0.001465 0.999756 -0.000732
vn 0.001465 0.999756 -0.000732
vn 0.001465 0.999756 -0.000732
vn 0.001465 0.999756 -0.000732
vn 0.001465 0.999756 -0.000732
vn 0.001465 0.999756 -0.000732
vn 0.000000 1.000000 0.000000
vn 0.000000 1.000000 0.000000
vn 0.000000 1.000000 0.000000
vn 0.000000 1.000000 0.000000
vn 0.000000 1.000000 0.000000
vn 0.000000 1.000000 0.000000
vn 0.000000 1.000000 0.000000
vn 0.000000 1.000000 0.000000
vn 0.000000 1.000000 0.000000
vn 0.000000 1.000000 0.000000
vn 0.000000 1.000000 0.000000
vn 0.000000 1.000000 0.000000
vn 0.000000 1.000000 0.000000
vn 0.000000 1.000000 0.000000
vn 0.000000 1.000000 0.000000
vn 0.000000 1.000000 0.000000
vn 0.000000 1.000000 0.000000
vn 0.000000 1.000000 0.000000
vn 0.000000 1.000000 0.000000
vn 0.000000 1.000000 0.000000
vn 0.000000 1.000000 0.000000
vn 0.000000 1.000000 0.000000
vn 0.000000 1.000000 0.000000
vn 0.000000 1.000000 0.000000
vn -0.048096 0.968262 0.244385
vn -0.048096 0.968262 0.244385
vn -0.048096 0.968262 0.244385
vn -0.048096 0.968262 0.244385
vn -0.048096 0.968262 0.244385
vn -0.048096 0.968262 0.244385
vn -0.054688 0.958740 0.278564
vn -0.054688 0.958740 0.278564
vn -0.054688 0.958740 0.278564
vn -0.054688 0.958740 0.278564
vn -0.054688 0.958740 0.278564
vn -0.054688 0.958740 0.278564
vn 0.014404 0.999023 -0.039062
vn 0.014404 0.999023 -0.039062
vn 0.014404 0.999023 -0.039062
vn 0.014404 0.999023 -0.039062
vn 0.014404 0.999023 -0.039062
vn 0.014404 0.999023 -0.039062
vn 0.012939 0.999268 -0.035400
vn 0.012939 0.999268 -0.035400
vn 0.012939 0.999268 -0.035400
vn 0.012939 0.999268 -0.035400
vn 0.012939 0.999268 -0.035400
vn 0.012939 0.999268 -0.035400
vn 0.001221 0.999756 -0.007568
vn 0.001221 0.999756 -0.007568
vn 0.001221 0.999756 -0.007568
vn 0.001221 0.999756 -0.007568
vn 0.001221 0.999756 -0.007568
vn 0.001221 0.999756 -0.007568
vn 0.000000 1.000000 0.000000
vn 0.000000 1.000000 0.000000
vn 0.000000 1.000000 0.000000
vn 0.000000 1.000000 0.000000
vn 0.000000 1.000000 0.000000
vn 0.000000 1.000000 0.000000
vn 0.000000 1.000000 0.000000
vn 0.000000 1.000000 0.000000
vn 0.000000 1.000000 0.000000
vn 0.000000 1.000000 0.000000
vn 0.000000 1.000000 0.000000
vn 0.000000 1.000000 0.000000
vn 0.000000 1.000000 0.000000
vn 0.000000 1.000000 0.000000
vn 0.000000 1.000000 0.000000
vn 0.000000 1.000000 0.000000
vn 0.000000 1.000000 0.000000
vn 0.000000 1.000000 0.000000
vn 0.000000 1.000000 0.000000
vn 0.000000 1.000000 0.000000
vn 0.000000 1.000000 0.000000
vn 0.000000 1.000000 0.000000
vn 0.000000 1.000000 0.000000
vn 0.000000 1.000000 0.000000
vn 0.098389 0.993896 -0.049561
vn 0.098389 0.993896 -0.049561
vn 0.098389 0.993896 -0.049561
vn 0.098389 0.993896 -0.049561
vn 0.098389 0.993896 -0.049561
vn 0.098389 0.993896 -0.049561
vn 0.142334 0.982910 -0.115723
vn 0.142334 0.982910 -0.115723
vn 0.142334 0.982910 -0.115723
vn 0.142334 0.982910 -0.115723
vn 0.142334 0.982910 -0.115723
vn 0.142334 0.982910 -0.115723
vn 0.142578 0.963135 -0.228027
vn 0.142578 0.963135 -0.228027
vn 0.142578 0.963135 -0.228027
vn 0.142578 0.963135 -0.228027
vn 0.142578 0.963135 -0.228027
vn 0.142578 0.963135 -0.228027
vt 0.000000 0.000000
vt 1.000000 1.000000
vt 1.000000 0.000000
vt 0.000000 1.000000
vt 1.000000 1.000000
vt 0.000000 0.000000
vt 1.000000 0.000000
vt 0.000000 1.000000
vt 0.000000 0.000000
vt 1.000000 1.000000
vt 0.000000 1.000000
vt 1.000000 0.000000
vt 0.000000 0.000000
vt 1.000000 1.000000
vt 1.000000 0.000000
vt 0.000000 1.000000
vt 1.000000 1.000000
vt 0.000000 0.000000
vt 1.000000 0.000000
vt 0.000000 1.000000
vt 0.000000 0.000000
vt 1.000000 1.000000
vt 0.000000 1.000000
vt 1.000000 0.000000
vt 1.000000 0.000000
vt 0.000000 1.000000
vt 0.000000 0.000000
vt 1.000000 1.000000
vt 0.000000 1.000000
vt 1.000000 0.000000
vt 1.000000 0.000000
vt 0.000000 1.000000
vt 0.000000 0.000000
vt 1.000000 1.000000
vt 0.000000 1.000000
vt 1.000000 0.000000
vt 1.000000 0.000000
vt 0.000000 1.000000
vt 0.000000 0.000000
vt 1.000000 1.000000
vt 0.000000 1.000000
vt 1.000000 0.000000
vt 0.000000 0.000000
vt 1.000000 1.000000
vt 1.000000 0.000000
vt 0.000000 1.000000
vt 1.000000 1.000000
vt 0.000000 0.000000
vt 1.000000 0.000000
vt 0.000000 1.000000
vt 0.000000 0.000000
vt 1.000000 1.000000
vt 0.000000 1.000000
vt 1.000000 0.000000
vt 0.000000 0.000000
vt 1.000000 1.000000
vt 1.000000 0.000000
vt 0.000000 1.000000
vt 1.000000 1.000000
vt 0.000000 0.000000
vt 1.000000 0.000000
vt 0.000000 1.000000
vt 0.000000 0.000000
vt 1.000000 1.000000
vt 0.000000 1.000000
vt 1.000000 0.000000
vt 0.000000 0.000000
vt 1.000000 1.000000
vt 1.000000 0.000000
vt 0.000000 1.000000
vt 1.000000 1.000000
vt 0.000000 0.000000
vt 0.000000 0.000000
vt 1.000000 1.000000
vt 1.000000 0.000000
vt 0.000000 1.000000
vt 1.000000 1.000000
vt 0.000000 0.000000
vt 0.000000 0.000000
vt 1.000000 1.000000
vt 1.000000 0.000000
vt 0.000000 1.000000
vt 1.000000 1.000000
vt 0.000000 0.000000
vt 1.000000 0.000000
vt 0.000000 1.000000
vt 0.000000 0.000000
vt 1.000000 1.000000
vt 0.000000 1.000000
vt 1.000000 0.000000
vt 0.000000 0.000000
vt 1.000000 1.000000
vt 1.000000 0.000000
vt 0.000000 1.000000
vt 1.000000 1.000000
vt 0.000000 0.000000
vt 0.000000 0.000000
vt 1.000000 1.000000
vt 1.000000 0.000000
vt 0.000000 1.000000
vt 1.000000 1.000000
vt 0.000000 0.000000
vt 1.000000 0.000000
vt 0.000000 1.000000
vt 0.000000 0.000000
vt 1.000000 1.000000
vt 0.000000 1.000000
vt 1.000000 0.000000
vt 1.000000 0.000000
vt 0.000000 1.000000
vt 0.000000 0.000000
vt 1.000000 1.000000
vt 0.000000 1.000000
vt 1.000000 0.000000
vt 1.000000 0.000000
vt 0.000000 1.000000
vt 0.000000 0.000000
vt 1.000000 1.000000
vt 0.000000 1.000000
vt 1.000000 0.000000
vt 1.000000 0.000000
vt 0.000000 1.000000
vt 0.000000 0.000000
vt 1.000000 1.000000
vt 0.000000 1.000000
vt 1.000000 0.000000
vt 0.000000 0.000000
vt 1.000000 1.000000
vt 1.000000 0.000000
vt 0.000000 1.000000
vt 1.000000 1.000000
vt 0.000000 0.000000
vt 1.000000 0.000000
vt 0.000000 1.000000
vt 0.000000 0.000000
vt 1.000000 1.000000
vt 0.000000 1.000000
vt 1.000000 0.000000
vt 0.000000 0.000000
vt 1.000000 1.000000
vt 1.000000 0.000000
vt 0.000000 1.000000
vt 1.000000 1.000000
vt 0.000000 0.000000
f 6139/6139/6139 6140/6140/6140 6141/6141/6141
f 6142/6142/6142 6143/6143/6143 6144/6144/6144
f 6145/6145/6145 6146/6146/6146 6147/6147/6147
f 6148/6148/6148 6149/6149/6149 6150/6150/6150
f 6151/6151/6151 6152/6152/6152 6153/6153/6153
f 6154/6154/6154 6155/6155/6155 6156/6156/6156
f 6157/6157/6157 6158/6158/6158 6159/6159/6159
f 6160/6160/6160 6161/6161/6161 6162/6162/6162
f 6163/6163/6163 6164/6164/6164 6165/6165/6165
f 6166/6166/6166 6167/6167/6167 6168/6168/6168
f 6169/6169/6169 6170/6170/6170 6171/6171/6171
f 6172/6172/6172 6173/6173/6173 6174/6174/6174
f 6175/6175/6175 6176/6176/6176 6177/6177/6177
f 6178/6178/6178 6179/6179/6179 6180/6180/6180
f 6181/6181/6181 6182/6182/6182 6183/6183/6183
f 6184/6184/6184 6185/6185/6185 6186/6186/6186
f 6187/6187/6187 6188/6188/6188 6189/6189/6189
f 6190/6190/6190 6191/6191/6191 6192/6192/6192
f 6193/6193/6193 6194/6194/6194 6195/6195/6195
f 6196/6196/6196 6197/6197/6197 6198/6198/6198
f 6199/6199/6199 6200/6200/6200 6201/6201/6201
f 6202/6202/6202 6203/6203/6203 6204/6204/6204
f 6205/6205/6205 6206/6206/6206 6207/6207/6207
f 6208/6208/6208 6209/6209/6209 6210/6210/6210
f 6211/6211/6211 6212/6212/6212 6213/6213/6213
f 6214/6214/6214 6215/6215/6215 6216/6216/6216
f 6217/6217/6217 6218/6218/6218 6219/6219/6219
f 6220/6220/6220 6221/6221/6221 6222/6222/6222
f 6223/6223/6223 6224/6224/6224 6225/6225/6225
f 6226/6226/6226 6227/6227/6227 6228/6228/6228
f 6229/6229/6229 6230/6230/6230 6231/6231/6231
f 6232/6232/6232 6233/6233/6233 6234/6234/6234
f 6235/6235/6235 6236/6236/6236 6237/6237/6237
f 6238/6238/6238 6239/6239/6239 6240/6240/6240
f 6241/6241/6241 6242/6242/6242 6243/6243/6243
f 6244/6244/6244 6245/6245/6245 6246/6246/6246
f 6247/6247/6247 6248/6248/6248 6249/6249/6249
f 6250/6250/6250 6251/6251/6251 6252/6252/6252
f 6253/6253/6253 6254/6254/6254 6255/6255/6255
f 6256/6256/6256 6257/6257/6257 6258/6258/6258
f 6259/6259/6259 6260/6260/6260 6261/6261/6261
f 6262/6262/6262 6263/6263/6263 6264/6264/6264
f 6265/6265/6265 6266/6266/6266 6267/6267/6267
f 6268/6268/6268 6269/6269/6269 6270/6270/6270
f 6271/6271/6271 6272/6272/6272 6273/6273/6273
f 6274/6274/6274 6275/6275/6275 6276/6276/6276
f 6277/6277/6277 6278/6278/6278 6279/6279/6279
f 6280/6280/6280 6281/6281/6281 6282/6282/6282
g face_texture_11
usemtl tex_11
v -356.807512 0.000000 167.521127
v -373.239437 0.000000 151.136150
v -373.239437 0.000000 167.521127
v -356.807512 0.000000 151.136150
v -373.239437 0.000000 151.136150
v -356.807512 0.000000 167.521127
v -356.779343 0.000000 183.896714
v -373.239437 0.000000 167.521127
v -373.211268 0.000000 184.328638
v -356.807512 0.000000 167.521127
v -373.239437 0.000000 167.521127
v -356.779343 0.000000 183.896714
v -294.328638 0.000000 274.431925
v -317.154930 0.000000 271.887324
v -307.070423 0.000000 284.798122
v -304.131455 0.000000 261.859155
v -317.154930 0.000000 271.887324
v -294.328638 0.000000 274.431925
v -284.131455 0.000000 286.835681
v -307.070423 0.000000 284.798122
v -296.666667 0.000000 297.455399
v -294.328638 0.000000 274.431925
v -307.070423 0.000000 284.798122
v -284.131455 0.000000 286.835681
v -158.816901 58.816901 503.352113
v -180.450704 50.215962 500.901408
v -171.521127 58.816901 513.774648
v -166.723005 50.225352 491.877934
v -180.450704 50.215962 500.901408
v -158.816901 58.816901 503.352113
v -149.737089 67.661972 513.718310
v -171.521127 58.816901 513.774648
v -160.610329 67.661972 526.037559
v -158.816901 58.816901 503.352113
v -171.521127 58.816901 513.774648
v -149.737089 67.661972 513.718310
v -49.840376 103.230047 528.244131
v -66.093897 102.309859 544.215962
v -49.746479 103.230047 544.666667
v -65.389671 102.309859 527.802817
v -66.093897 102.309859 544.215962
v -49.840376 103.230047 528.244131
v -32.948357 102.676056 528.356808
v -49.746479 103.230047 544.666667
v -33.389671 102.676056 544.779343
v -49.840376 103.230047 528.244131
v -49.746479 103.230047 544.666667
v -32.948357 102.676056 528.356808
v -16.666667 101.014085 528.788732
v -33.389671 102.676056 544.779343
v -17.098592 101.014085 545.220657
v -32.948357 102.676056 528.356808
v -33.389671 102.676056 544.779343
v -16.666667 101.014085 528.788732
v 194.422535 44.122066 513.680751
v 187.521127 50.751174 533.492958
v 201.605634 44.112676 528.450704
v 182.384977 50.751174 517.887324
v 187.521127 50.751174 533.492958
v 194.422535 44.122066 513.680751
v 204.319249 36.751174 508.629108
v 201.605634 44.112676 528.450704
v 214.478873 36.751174 521.539906
v 194.422535 44.122066 513.680751
v 201.605634 44.112676 528.450704
v 204.319249 36.751174 508.629108
v 237.389671 -0.084507 293.333333
v 256.084507 -0.798122 303.126761
v 251.145540 -0.075117 287.539906
v 241.464789 -0.798122 307.483568
v 256.084507 -0.798122 303.126761
v 237.389671 -0.084507 293.333333
v 232.159624 0.000000 281.389671
v 251.145540 -0.075117 287.539906
v 243.990610 0.000000 272.845070
v 237.389671 -0.084507 293.333333
v 251.145540 -0.075117 287.539906
v 232.159624 0.000000 281.389671
v 134.291080 0.000000 170.563380
v 153.840376 0.000000 177.924883
v 144.018779 0.000000 164.816901
v 144.685446 0.000000 185.107981
v 153.840376 0.000000 177.924883
v 134.291080 0.000000 170.563380
v 125.906103 0.009390 154.281690
v 144.018779 0.000000 164.816901
v 136.206573 0.009390 150.441315
v 134.291080 0.000000 170.563380
v 144.018779 0.000000 164.816901
v 125.906103 0.009390 154.281690
v 182.582160 -0.431925 22.347418
v 176.525822 -0.403756 40.309859
v 188.619718 -0.431925 29.802817
v 170.150235 -0.403756 33.023474
v 176.525822 -0.403756 40.309859
v 182.582160 -0.431925 22.347418
v 195.370892 -0.394366 12.103286
v 188.619718 -0.431925 29.802817
v 201.164319 -0.394366 19.652582
v 182.582160 -0.431925 22.347418
v 188.619718 -0.431925 29.802817
v 195.370892 -0.394366 12.103286
v 320.478873 0.000000 -102.638498
v 326.272300 0.000000 -85.830986
v 335.708920 0.000000 -99.201878
v 314.159624 0.000000 -91.061033
v 326.272300 0.000000 -85.830986
v 320.478873 0.000000 -102.638498
v 329.962441 0.000000 -161.971831
v 356.816901 0.000000 -148.985915
v 350.769953 0.000000 -164.657277
v 335.126761 0.000000 -146.422535
v 356.816901 0.000000 -148.985915
v 329.962441 0.000000 -161.971831
v 324.516432 0.000000 -177.417840
v 350.769953 0.000000 -164.657277
v 343.868545 0.000000 -180.187793
v 329.962441 0.000000 -161.971831
v 350.769953 0.000000 -164.657277
v 324.516432 0.000000 -177.417840
v 619.586854 0.000000 -917.868545
v 639.427230 0.150235 -901.474178
v 637.399061 0.000000 -914.779343
v 619.708920 0.150235 -901.474178
v 639.427230 0.150235 -901.474178
v 619.586854 0.000000 -917.868545
v 623.183099 0.000000 -933.859155
v 637.399061 0.000000 -914.779343
v 638.553991 0.000000 -928.056338
v 619.586854 0.000000 -917.868545
v 637.399061 0.000000 -914.779343
v 623.183099 0.000000 -933.859155
v 783.774648 0.000000 -1085.661972
v 788.957746 0.000000 -1064.084507
v 798.131455 0.000000 -1077.661972
v 775.492958 0.000000 -1073.492958
v 788.957746 0.000000 -1064.084507
v 783.774648 0.000000 -1085.661972
v 790.845070 0.000000 -1098.676056
v 798.131455 0.000000 -1077.661972
v 805.896714 0.000000 -1092.084507
v 783.774648 0.000000 -1085.661972
v 798.131455 0.000000 -1077.661972
v 790.845070 0.000000 -1098.676056
v 796.657277 0.000000 -1112.366197
v 805.896714 0.000000 -1092.084507
v 812.253521 0.000000 -1107.183099
v 790.845070 0.000000 -1098.676056
v 805.896714 0.000000 -1092.084507
v 796.657277 0.000000 -1112.366197
v 734.403756 0.000000 -1330.150235
v 756.244131 0.000000 -1332.835681
v 743.868545 0.000000 -1343.577465
v 745.380282 0.000000 -1320.507042
v 756.244131 0.000000 -1332.835681
v 734.403756 0.000000 -1330.150235
v 723.267606 0.000000 -1337.708920
v 743.868545 0.000000 -1343.577465
v 730.215962 0.000000 -1352.600939
v 734.403756 0.000000 -1330.150235
v 743.868545 0.000000 -1343.577465
v 723.267606 0.000000 -1337.708920
v 552.985915 0.000000 -1374.657277
v 568.957746 0.000000 -1391.521127
v 552.347418 0.000000 -1391.079812
v 569.361502 0.000000 -1375.089202
v 568.957746 0.000000 -1391.521127
v 552.985915 0.000000 -1374.657277
v 536.610329 0.000000 -1373.990610
v 552.347418 0.000000 -1391.079812
v 535.765258 0.000000 -1390.403756
v 552.985915 0.000000 -1374.657277
v 552.347418 0.000000 -1391.079812
v 536.610329 0.000000 -1373.990610
v 391.755869 0.000000 -1344.619718
v 406.028169 0.000000 -1362.845070
v 389.765258 0.000000 -1360.929577
v 407.943662 0.000000 -1346.525822
v 406.028169 0.000000 -1362.845070
v 391.755869 0.000000 -1344.619718
v 375.568075 0.000000 -1342.629108
v 389.765258 0.000000 -1360.929577
v 373.502347 0.000000 -1358.929577
v 391.755869 0.000000 -1344.619718
v 389.765258 0.000000 -1360.929577
v 375.568075 0.000000 -1342.629108
v 115.680751 2.835681 -1315.549296
v 124.732394 1.201878 -1337.014085
v 108.244131 2.845070 -1330.206573
v 130.769953 1.201878 -1321.727700
v 124.732394 1.201878 -1337.014085
v 115.680751 2.835681 -1315.549296
v 101.276995 5.023474 -1308.046948
v 108.244131 2.845070 -1330.206573
v 92.676056 5.023474 -1322.046948
v 115.680751 2.835681 -1315.549296
v 108.244131 2.845070 -1330.206573
v 101.276995 5.023474 -1308.046948
v 84.957746 10.657277 -1277.211268
v 87.586854 7.652582 -1299.446009
v 74.572770 10.657277 -1289.953052
v 97.164319 7.652582 -1286.093897
v 87.586854 7.652582 -1299.446009
v 84.957746 10.657277 -1277.211268
v 73.258216 13.953052 -1267.558685
v 74.572770 10.657277 -1289.953052
v 62.206573 13.962441 -1279.718310
v 84.957746 10.657277 -1277.211268
v 74.572770 10.657277 -1289.953052
v 73.258216 13.953052 -1267.558685
v -27.906103 50.366197 -1169.455399
v -33.070423 46.037559 -1191.690141
v -41.840376 50.366197 -1178.169014
v -19.305164 46.037559 -1182.713615
v -33.070423 46.037559 -1191.690141
v -27.906103 50.366197 -1169.455399
v -36.253521 54.694836 -1156.037559
v -41.840376 50.366197 -1178.169014
v -50.338028 54.694836 -1164.507042
v -27.906103 50.366197 -1169.455399
v -41.840376 50.366197 -1178.169014
v -36.253521 54.694836 -1156.037559
vn 0.000000 1.000000 0.000000
vn 0.000000 1.000000 0.000000
vn 0.000000 1.000000 0.000000
vn 0.000000 1.000000 0.000000
vn 0.000000 1.000000 0.000000
vn 0.000000 1.000000 0.000000
vn 0.000000 1.000000 0.000000
vn 0.000000 1.000000 0.000000
vn 0.000000 1.000000 0.000000
vn 0.000000 1.000000 0.000000
vn 0.000000 1.000000 0.000000
vn 0.000000 1.000000 0.000000
vn 0.000000 1.000000 0.000000
vn 0.000000 1.000000 0.000000
vn 0.000000 1.000000 0.000000
vn 0.000000 1.000000 0.000000
vn 0.000000 1.000000 0.000000
vn 0.000000 1.000000 0.000000
vn 0.000000 1.000000 0.000000
vn 0.000000 1.000000 0.000000
vn 0.000000 1.000000 0.000000
vn 0.000000 1.000000 0.000000
vn 0.000000 1.000000 0.000000
vn 0.000000 1.000000 0.000000
vn -0.333496 0.850342 -0.406738
vn -0.333496 0.850342 -0.406738
vn -0.333496 0.850342 -0.406738
vn -0.333496 0.850342 -0.406738
vn -0.333496 0.850342 -0.406738
vn -0.333496 0.850342 -0.406738
vn -0.407227 0.839355 -0.359375
vn -0.407227 0.839355 -0.359375
vn -0.407227 0.839355 -0.359375
vn -0.407227 0.839355 -0.359375
vn -0.407227 0.839355 -0.359375
vn -0.407227 0.839355 -0.359375
vn -0.058838 0.998047 0.000244
vn -0.058838 0.998047 0.000244
vn -0.058838 0.998047 0.000244
vn -0.058838 0.998047 0.000244
vn -0.058838 0.998047 0.000244
vn -0.058838 0.998047 0.000244
vn 0.032471 0.999268 0.000732
vn 0.032471 0.999268 0.000732
vn 0.032471 0.999268 0.000732
vn 0.032471 0.999268 0.000732
vn 0.032471 0.999268 0.000732
vn 0.032471 0.999268 0.000732
vn 0.101318 0.994629 0.002441
vn 0.101318 0.994629 0.002441
vn 0.101318 0.994629 0.002441
vn 0.101318 0.994629 0.002441
vn 0.101318 0.994629 0.002441
vn 0.101318 0.994629 0.002441
vn 0.416992 0.885742 -0.202637
vn 0.416992 0.885742 -0.202637
vn 0.416992 0.885742 -0.202637
vn 0.416992 0.885742 -0.202637
vn 0.416992 0.885742 -0.202637
vn 0.416992 0.885742 -0.202637
vn 0.439941 0.828613 -0.345703
vn 0.439941 0.828613 -0.345703
vn 0.439941 0.828613 -0.345703
vn 0.439941 0.828613 -0.345703
vn 0.439941 0.828613 -0.345703
vn 0.439941 0.828613 -0.345703
vn 0.018555 0.998779 0.045166
vn 0.018555 0.998779 0.045166
vn 0.018555 0.998779 0.045166
vn 0.018555 0.998779 0.045166
vn 0.018555 0.998779 0.045166
vn 0.018555 0.998779 0.045166
vn 0.003174 0.999756 0.005127
vn 0.003174 0.999756 0.005127
vn 0.003174 0.999756 0.005127
vn 0.003174 0.999756 0.005127
vn 0.003174 0.999756 0.005127
vn 0.003174 0.999756 0.005127
vn -0.000244 0.999756 0.000000
vn -0.000244 0.999756 0.000000
vn -0.000244 0.999756 0.000000
vn -0.000244 0.999756 0.000000
vn -0.000244 0.999756 0.000000
vn -0.000244 0.999756 0.000000
vn 0.000244 0.999756 0.000977
vn 0.000244 0.999756 0.000977
vn 0.000244 0.999756 0.000977
vn 0.000244 0.999756 0.000977
vn 0.000244 0.999756 0.000977
vn 0.000244 0.999756 0.000977
vn 0.001465 0.999756 -0.000732
vn 0.001465 0.999756 -0.000732
vn 0.001465 0.999756 -0.000732
vn 0.001465 0.999756 -0.000732
vn 0.001465 0.999756 -0.000732
vn 0.001465 0.999756 -0.000732
vn -0.001465 0.999756 0.001465
vn -0.001465 0.999756 0.001465
vn -0.001465 0.999756 0.001465
vn -0.001465 0.999756 0.001465
vn -0.001465 0.999756 0.001465
vn -0.001465 0.999756 0.001465
vn 0.000000 1.000000 0.000000
vn 0.000000 1.000000 0.000000
vn 0.000000 1.000000 0.000000
vn 0.000000 1.000000 0.000000
vn 0.000000 1.000000 0.000000
vn 0.000000 1.000000 0.000000
vn 0.000000 1.000000 0.000000
vn 0.000000 1.000000 0.000000
vn 0.000000 1.000000 0.000000
vn 0.000000 1.000000 0.000000
vn 0.000000 1.000000 0.000000
vn 0.000000 1.000000 0.000000
vn 0.000000 1.000000 0.000000
vn 0.000000 1.000000 0.000000
vn 0.000000 1.000000 0.000000
vn 0.000000 1.000000 0.000000
vn 0.000000 1.000000 0.000000
vn 0.000000 1.000000 0.000000
vn 0.001465 0.999756 -0.009033
vn 0.001465 0.999756 -0.009033
vn 0.001465 0.999756 -0.009033
vn 0.001465 0.999756 -0.009033
vn 0.001465 0.999756 -0.009033
vn 0.001465 0.999756 -0.009033
vn 0.000000 1.000000 0.000000
vn 0.000000 1.000000 0.000000
vn 0.000000 1.000000 0.000000
vn 0.000000 1.000000 0.000000
vn 0.000000 1.000000 0.000000
vn 0.000000 1.000000 0.000000
vn 0.000000 1.000000 0.000000
vn 0.000000 1.000000 0.000000
vn 0.000000 1.000000 0.000000
vn 0.000000 1.000000 0.000000
vn 0.000000 1.000000 0.000000
vn 0.000000 1.000000 0.000000
vn 0.000000 1.000000 0.000000
vn 0.000000 1.000000 0.000000
vn 0.000000 1.000000 0.000000
vn 0.000000 1.000000 0.000000
vn 0.000000 1.000000 0.000000
vn 0.000000 1.000000 0.000000
vn 0.000000 1.000000 0.000000
vn 0.000000 1.000000 0.000000
vn 0.000000 1.000000 0.000000
vn 0.000000 1.000000 0.000000
vn 0.000000 1.000000 0.000000
vn 0.000000 1.000000 0.000000
vn -0.000244 0.999756 0.000000
vn -0.000244 0.999756 0.000000
vn -0.000244 0.999756 0.000000
vn -0.000244 0.999756 0.000000
vn -0.000244 0.999756 0.000000
vn -0.000244 0.999756 0.000000
vn 0.000244 1.000000 0.000000
vn 0.000244 1.000000 0.000000
vn 0.000244 1.000000 0.000000
vn 0.000244 1.000000 0.000000
vn 0.000244 1.000000 0.000000
vn 0.000244 1.000000 0.000000
vn 0.000000 1.000000 0.000000
vn 0.000000 1.000000 0.000000
vn 0.000000 1.000000 0.000000
vn 0.000000 1.000000 0.000000
vn 0.000000 1.000000 0.000000
vn 0.000000 1.000000 0.000000
vn 0.000000 1.000000 0.000000
vn 0.000000 1.000000 0.000000
vn 0.000000 1.000000 0.000000
vn 0.000000 1.000000 0.000000
vn 0.000000 1.000000 0.000000
vn 0.000000 1.000000 0.000000
vn 0.000000 1.000000 0.000000
vn 0.000000 1.000000 0.000000
vn 0.000000 1.000000 0.000000
vn 0.000000 1.000000 0.000000
vn 0.000000 1.000000 0.000000
vn 0.000000 1.000000 0.000000
vn 0.000000 1.000000 0.000000
vn 0.000000 1.000000 0.000000
vn 0.000000 1.000000 0.000000
vn 0.000000 1.000000 0.000000
vn 0.000000 1.000000 0.000000
vn 0.000000 1.000000 0.000000
vn 0.089355 0.994873 -0.044922
vn 0.089355 0.994873 -0.044922
vn 0.089355 0.994873 -0.044922
vn 0.089355 0.994873 -0.044922
vn 0.089355 0.994873 -0.044922
vn 0.089355 0.994873 -0.044922
vn 0.113770 0.990967 -0.069580
vn 0.113770 0.990967 -0.069580
vn 0.113770 0.990967 -0.069580
vn 0.113770 0.990967 -0.069580
vn 0.113770 0.990967 -0.069580
vn 0.113770 0.990967 -0.069580
vn 0.151611 0.980713 -0.123047
vn 0.151611 0.980713 -0.123047
vn 0.151611 0.980713 -0.123047
vn 0.151611 0.980713 -0.123047
vn 0.151611 0.980713 -0.123047
vn 0.151611 0.980713 -0.123047
vn 0.157715 0.977051 -0.142822
vn 0.157715 0.977051 -0.142822
vn 0.157715 0.977051 -0.142822
vn 0.157715 0.977051 -0.142822
vn 0.157715 0.977051 -0.142822
vn 0.157715 0.977051 -0.142822
vn 0.139893 0.964355 -0.223633
vn 0.139893 0.964355 -0.223633
vn 0.139893 0.964355 -0.223633
vn 0.139893 0.964355 -0.223633
vn 0.139893 0.964355 -0.223633
vn 0.139893 0.964355 -0.223633
vn 0.136230 0.964355 -0.226562
vn 0.136230 0.964355 -0.226562
vn 0.136230 0.964355 -0.226562
vn 0.136230 0.964355 -0.226562
vn 0.136230 0.964355 -0.226562
vn 0.136230 0.964355 -0.226562
vt 1.000000 0.000000
vt 0.000000 1.000000
vt 0.000000 0.000000
vt 1.000000 1.000000
vt 0.000000 1.000000
vt 1.000000 0.000000
vt 1.000000 0.000000
vt 0.000000 1.000000
vt 0.000000 0.000000
vt 1.000000 1.000000
vt 0.000000 1.000000
vt 1.000000 0.000000
vt 0.000000 0.000000
vt 1.000000 1.000000
vt 1.000000 0.000000
vt 0.000000 1.000000
vt 1.000000 1.000000
vt 0.000000 0.000000
vt 0.000000 0.000000
vt 1.000000 1.000000
vt 1.000000 0.000000
vt 0.000000 1.000000
vt 1.000000 1.000000
vt 0.000000 0.000000
vt 1.000000 0.000000
vt 0.000000 1.000000
vt 0.000000 0.000000
vt 1.000000 1.000000
vt 0.000000 1.000000
vt 1.000000 0.000000
vt 1.000000 0.000000
vt 0.000000 1.000000
vt 0.000000 0.000000
vt 1.000000 1.000000
vt 0.000000 1.000000
vt 1.000000 0.000000
vt 0.000000 0.000000
vt 1.000000 1.000000
vt 1.000000 0.000000
vt 0.000000 1.000000
vt 1.000000 1.000000
vt 0.000000 0.000000
vt 0.000000 0.000000
vt 1.000000 1.000000
vt 1.000000 0.000000
vt 0.000000 1.000000
vt 1.000000 1.000000
vt 0.000000 0.000000
vt 0.000000 0.000000
vt 1.000000 1.000000
vt 1.000000 0.000000
vt 0.000000 1.000000
vt 1.000000 1.000000
vt 0.000000 0.000000
vt 0.000000 0.000000
vt 1.000000 1.000000
vt 1.000000 0.000000
vt 0.000000 1.000000
vt 1.000000 1.000000
vt 0.000000 0.000000
vt 0.000000 0.000000
vt 1.000000 1.000000
vt 1.000000 0.000000
vt 0.000000 1.000000
vt 1.000000 1.000000
vt 0.000000 0.000000
vt 0.000000 0.000000
vt 1.000000 1.000000
vt 1.000000 0.000000
vt 0.000000 1.000000
vt 1.000000 1.000000
vt 0.000000 0.000000
vt 0.000000 0.000000
vt 1.000000 1.000000
vt 1.000000 0.000000
vt 0.000000 1.000000
vt 1.000000 1.000000
vt 0.000000 0.000000
vt 0.000000 0.000000
vt 1.000000 1.000000
vt 1.000000 0.000000
vt 0.000000 1.000000
vt 1.000000 1.000000
vt 0.000000 0.000000
vt 0.000000 0.000000
vt 1.000000 1.000000
vt 1.000000 0.000000
vt 0.000000 1.000000
vt 1.000000 1.000000
vt 0.000000 0.000000
vt 1.000000 0.000000
vt 0.000000 1.000000
vt 0.000000 0.000000
vt 1.000000 1.000000
vt 0.000000 1.000000
vt 1.000000 0.000000
vt 1.000000 0.000000
vt 0.000000 1.000000
vt 0.000000 0.000000
vt 1.000000 1.000000
vt 0.000000 1.000000
vt 1.000000 0.000000
vt 0.000000 0.000000
vt 1.000000 1.000000
vt 1.000000 0.000000
vt 0.000000 1.000000
vt 1.000000 1.000000
vt 0.000000 0.000000
vt 1.000000 0.000000
vt 0.000000 1.000000
vt 0.000000 0.000000
vt 1.000000 1.000000
vt 0.000000 1.000000
vt 1.000000 0.000000
vt 1.000000 0.000000
vt 0.000000 1.000000
vt 0.000000 0.000000
vt 1.000000 1.000000
vt 0.000000 1.000000
vt 1.000000 0.000000
vt 1.000000 0.000000
vt 0.000000 1.000000
vt 0.000000 0.000000
vt 1.000000 1.000000
vt 0.000000 1.000000
vt 1.000000 0.000000
vt 1.000000 0.000000
vt 0.000000 1.000000
vt 0.000000 0.000000
vt 1.000000 1.000000
vt 0.000000 1.000000
vt 1.000000 0.000000
vt 0.000000 0.000000
vt 1.000000 1.000000
vt 1.000000 0.000000
vt 0.000000 1.000000
vt 1.000000 1.000000
vt 0.000000 0.000000
vt 0.000000 0.000000
vt 1.000000 1.000000
vt 1.000000 0.000000
vt 0.000000 1.000000
vt 1.000000 1.000000
vt 0.000000 0.000000
vt 0.000000 0.000000
vt 1.000000 1.000000
vt 1.000000 0.000000
vt 0.000000 1.000000
vt 1.000000 1.000000
vt 0.000000 0.000000
vt 0.000000 0.000000
vt 1.000000 1.000000
vt 1.000000 0.000000
vt 0.000000 1.000000
vt 1.000000 1.000000
vt 0.000000 0.000000
vt 0.000000 0.000000
vt 1.000000 1.000000
vt 1.000000 0.000000
vt 0.000000 1.000000
vt 1.000000 1.000000
vt 0.000000 0.000000
vt 1.000000 0.000000
vt 0.000000 1.000000
vt 0.000000 0.000000
vt 1.000000 1.000000
vt 0.000000 1.000000
vt 1.000000 0.000000
vt 1.000000 0.000000
vt 0.000000 1.000000
vt 0.000000 0.000000
vt 1.000000 1.000000
vt 0.000000 1.000000
vt 1.000000 0.000000
vt 0.000000 0.000000
vt 1.000000 1.000000
vt 1.000000 0.000000
vt 0.000000 1.000000
vt 1.000000 1.000000
vt 0.000000 0.000000
vt 0.000000 0.000000
vt 1.000000 1.000000
vt 1.000000 0.000000
vt 0.000000 1.000000
vt 1.000000 1.000000
vt 0.000000 0.000000
vt 1.000000 0.000000
vt 0.000000 1.000000
vt 0.000000 0.000000
vt 1.000000 1.000000
vt 0.000000 1.000000
vt 1.000000 0.000000
vt 1.000000 0.000000
vt 0.000000 1.000000
vt 0.000000 0.000000
vt 1.000000 1.000000
vt 0.000000 1.000000
vt 1.000000 0.000000
vt 1.000000 0.000000
vt 0.000000 1.000000
vt 0.000000 0.000000
vt 1.000000 1.000000
vt 0.000000 1.000000
vt 1.000000 0.000000
vt 1.000000 0.000000
vt 0.000000 1.000000
vt 0.000000 0.000000
vt 1.000000 1.000000
vt 0.000000 1.000000
vt 1.000000 0.000000
vt 1.000000 0.000000
vt 0.000000 1.000000
vt 0.000000 0.000000
vt 1.000000 1.000000
vt 0.000000 1.000000
vt 1.000000 0.000000
vt 1.000000 0.000000
vt 0.000000 1.000000
vt 0.000000 0.000000
vt 1.000000 1.000000
vt 0.000000 1.000000
vt 1.000000 0.000000
f 6283/6283/6283 6284/6284/6284 6285/6285/6285
f 6286/6286/6286 6287/6287/6287 6288/6288/6288
f 6289/6289/6289 6290/6290/6290 6291/6291/6291
f 6292/6292/6292 6293/6293/6293 6294/6294/6294
f 6295/6295/6295 6296/6296/6296 6297/6297/6297
f 6298/6298/6298 6299/6299/6299 6300/6300/6300
f 6301/6301/6301 6302/6302/6302 6303/6303/6303
f 6304/6304/6304 6305/6305/6305 6306/6306/6306
f 6307/6307/6307 6308/6308/6308 6309/6309/6309
f 6310/6310/6310 6311/6311/6311 6312/6312/6312
f 6313/6313/6313 6314/6314/6314 6315/6315/6315
f 6316/6316/6316 6317/6317/6317 6318/6318/6318
f 6319/6319/6319 6320/6320/6320 6321/6321/6321
f 6322/6322/6322 6323/6323/6323 6324/6324/6324
f 6325/6325/6325 6326/6326/6326 6327/6327/6327
f 6328/6328/6328 6329/6329/6329 6330/6330/6330
f 6331/6331/6331 6332/6332/6332 6333/6333/6333
f 6334/6334/6334 6335/6335/6335 6336/6336/6336
f 6337/6337/6337 6338/6338/6338 6339/6339/6339
f 6340/6340/6340 6341/6341/6341 6342/6342/6342
f 6343/6343/6343 6344/6344/6344 6345/6345/6345
f 6346/6346/6346 6347/6347/6347 6348/6348/6348
f 6349/6349/6349 6350/6350/6350 6351/6351/6351
f 6352/6352/6352 6353/6353/6353 6354/6354/6354
f 6355/6355/6355 6356/6356/6356 6357/6357/6357
f 6358/6358/6358 6359/6359/6359 6360/6360/6360
f 6361/6361/6361 6362/6362/6362 6363/6363/6363
f 6364/6364/6364 6365/6365/6365 6366/6366/6366
f 6367/6367/6367 6368/6368/6368 6369/6369/6369
f 6370/6370/6370 6371/6371/6371 6372/6372/6372
f 6373/6373/6373 6374/6374/6374 6375/6375/6375
f 6376/6376/6376 6377/6377/6377 6378/6378/6378
f 6379/6379/6379 6380/6380/6380 6381/6381/6381
f 6382/6382/6382 6383/6383/6383 6384/6384/6384
f 6385/6385/6385 6386/6386/6386 6387/6387/6387
f 6388/6388/6388 6389/6389/6389 6390/6390/6390
f 6391/6391/6391 6392/6392/6392 6393/6393/6393
f 6394/6394/6394 6395/6395/6395 6396/6396/6396
f 6397/6397/6397 6398/6398/6398 6399/6399/6399
f 6400/6400/6400 6401/6401/6401 6402/6402/6402
f 6403/6403/6403 6404/6404/6404 6405/6405/6405
f 6406/6406/6406 6407/6407/6407 6408/6408/6408
f 6409/6409/6409 6410/6410/6410 6411/6411/6411
f 6412/6412/6412 6413/6413/6413 6414/6414/6414
f 6415/6415/6415 6416/6416/6416 6417/6417/6417
f 6418/6418/6418 6419/6419/6419 6420/6420/6420
f 6421/6421/6421 6422/6422/6422 6423/6423/6423
f 6424/6424/6424 6425/6425/6425 6426/6426/6426
f 6427/6427/6427 6428/6428/6428 6429/6429/6429
f 6430/6430/6430 6431/6431/6431 6432/6432/6432
f 6433/6433/6433 6434/6434/6434 6435/6435/6435
f 6436/6436/6436 6437/6437/6437 6438/6438/6438
f 6439/6439/6439 6440/6440/6440 6441/6441/6441
f 6442/6442/6442 6443/6443/6443 6444/6444/6444
f 6445/6445/6445 6446/6446/6446 6447/6447/6447
f 6448/6448/6448 6449/6449/6449 6450/6450/6450
f 6451/6451/6451 6452/6452/6452 6453/6453/6453
f 6454/6454/6454 6455/6455/6455 6456/6456/6456
f 6457/6457/6457 6458/6458/6458 6459/6459/6459
f 6460/6460/6460 6461/6461/6461 6462/6462/6462
f 6463/6463/6463 6464/6464/6464 6465/6465/6465
f 6466/6466/6466 6467/6467/6467 6468/6468/6468
f 6469/6469/6469 6470/6470/6470 6471/6471/6471
f 6472/6472/6472 6473/6473/6473 6474/6474/6474
f 6475/6475/6475 6476/6476/6476 6477/6477/6477
f 6478/6478/6478 6479/6479/6479 6480/6480/6480
f 6481/6481/6481 6482/6482/6482 6483/6483/6483
f 6484/6484/6484 6485/6485/6485 6486/6486/6486
f 6487/6487/6487 6488/6488/6488 6489/6489/6489
f 6490/6490/6490 6491/6491/6491 6492/6492/6492
f 6493/6493/6493 6494/6494/6494 6495/6495/6495
f 6496/6496/6496 6497/6497/6497 6498/6498/6498
f 6499/6499/6499 6500/6500/6500 6501/6501/6501
f 6502/6502/6502 6503/6503/6503 6504/6504/6504
g face_texture_12
usemtl tex_12
v -373.239437 0.000000 -324.000000
v -377.934272 4.685446 -340.384977
v -377.934272 4.685446 -324.000000
v -373.239437 0.000000 -340.384977
v -377.934272 4.685446 -340.384977
v -373.239437 0.000000 -324.000000
v -356.807512 0.000000 -324.000000
v -373.239437 0.000000 -340.384977
v -373.239437 0.000000 -324.000000
v -356.807512 0.000000 -340.384977
v -373.239437 0.000000 -340.384977
v -356.807512 0.000000 -324.000000
v -340.375587 0.000000 -324.000000
v -356.807512 0.000000 -340.384977
v -356.807512 0.000000 -324.000000
v -340.375587 0.000000 -340.384977
v -356.807512 0.000000 -340.384977
v -340.375587 0.000000 -324.000000
v -335.680751 4.685446 -324.000000
v -340.375587 0.000000 -340.384977
v -340.375587 0.000000 -324.000000
v -335.680751 4.685446 -340.384977
v -340.375587 0.000000 -340.384977
v -335.680751 4.685446 -324.000000
v -373.239437 0.000000 -307.615023
v -377.934272 4.685446 -324.000000
v -377.934272 4.685446 -307.615023
v -373.239437 0.000000 -324.000000
v -377.934272 4.685446 -324.000000
v -373.239437 0.000000 -307.615023
v -340.375587 0.000000 -307.615023
v -356.807512 0.000000 -324.000000
v -356.807512 0.000000 -307.615023
v -340.375587 0.000000 -324.000000
v -356.807512 0.000000 -324.000000
v -340.375587 0.000000 -307.615023
v -335.680751 4.685446 -307.615023
v -340.375587 0.000000 -324.000000
v -340.375587 0.000000 -307.615023
v -335.680751 4.685446 -324.000000
v -340.375587 0.000000 -324.000000
v -335.680751 4.685446 -307.615023
v -373.239437 0.000000 -291.230047
v -377.934272 4.685446 -307.615023
v -377.934272 4.685446 -291.230047
v -373.239437 0.000000 -307.615023
v -377.934272 4.685446 -307.615023
v -373.239437 0.000000 -291.230047
v -340.375587 0.000000 -291.230047
v -356.807512 0.000000 -307.615023
v -356.807512 0.000000 -291.230047
v -340.375587 0.000000 -307.615023
v -356.807512 0.000000 -307.615023
v -340.375587 0.000000 -291.230047
v -335.680751 4.685446 -291.230047
v -340.375587 0.000000 -307.615023
v -340.375587 0.000000 -291.230047
v -335.680751 4.685446 -307.615023
v -340.375587 0.000000 -307.615023
v -335.680751 4.685446 -291.230047
v -373.239437 0.000000 -274.845070
v -377.934272 4.685446 -291.230047
v -377.934272 4.685446 -274.845070
v -373.239437 0.000000 -291.230047
v -377.934272 4.685446 -291.230047
v -373.239437 0.000000 -274.845070
v -335.680751 4.685446 -274.845070
v -340.375587 0.000000 -291.230047
v -340.375587 0.000000 -274.845070
v -335.680751 4.685446 -291.230047
v -340.375587 0.000000 -291.230047
v -335.680751 4.685446 -274.845070
v -373.239437 0.000000 -258.460094
v -377.934272 4.685446 -274.845070
v -377.934272 4.685446 -258.460094
v -373.239437 0.000000 -274.845070
v -377.934272 4.685446 -274.845070
v -373.239437 0.000000 -258.460094
v -340.375587 0.000000 -258.460094
v -356.807512 0.000000 -274.845070
v -356.807512 0.000000 -258.460094
v -340.375587 0.000000 -274.845070
v -356.807512 0.000000 -274.845070
v -340.375587 0.000000 -258.460094
v -335.680751 4.685446 -258.460094
v -340.375587 0.000000 -274.845070
v -340.375587 0.000000 -258.460094
v -335.680751 4.685446 -274.845070
v -340.375587 0.000000 -274.845070
v -335.680751 4.685446 -258.460094
v -373.239437 0.000000 -242.075117
v -377.934272 4.685446 -258.460094
v -377.934272 4.685446 -242.075117
v -373.239437 0.000000 -258.460094
v -377.934272 4.685446 -258.460094
v -373.239437 0.000000 -242.075117
v -335.680751 4.685446 -242.075117
v -340.375587 0.000000 -258.460094
v -340.375587 0.000000 -242.075117
v -335.680751 4.685446 -258.460094
v -340.375587 0.000000 -258.460094
v -335.680751 4.685446 -242.075117
v -373.239437 0.000000 -225.690141
v -377.934272 4.685446 -242.075117
v -377.934272 4.685446 -225.690141
v -373.239437 0.000000 -242.075117
v -377.934272 4.685446 -242.075117
v -373.239437 0.000000 -225.690141
v -335.680751 4.685446 -225.690141
v -340.375587 0.000000 -242.075117
v -340.375587 0.000000 -225.690141
v -335.680751 4.685446 -242.075117
v -340.375587 0.000000 -242.075117
v -335.680751 4.685446 -225.690141
v -373.239437 0.000000 -209.305164
v -377.934272 4.685446 -225.690141
v -377.934272 4.685446 -209.305164
v -373.239437 0.000000 -225.690141
v -377.934272 4.685446 -225.690141
v -373.239437 0.000000 -209.305164
v -335.680751 4.685446 -209.305164
v -340.375587 0.000000 -225.690141
v -340.375587 0.000000 -209.305164
v -335.680751 4.685446 -225.690141
v -340.375587 0.000000 -225.690141
v -335.680751 4.685446 -209.305164
v -373.239437 0.000000 -192.920188
v -377.934272 4.685446 -209.305164
v -377.934272 4.685446 -192.920188
v -373.239437 0.000000 -209.305164
v -377.934272 4.685446 -209.305164
v -373.239437 0.000000 -192.920188
v -356.807512 0.000000 -192.920188
v -373.239437 0.000000 -209.305164
v -373.239437 0.000000 -192.920188
v -356.807512 0.000000 -209.305164
v -373.239437 0.000000 -209.305164
v -356.807512 0.000000 -192.920188
v -340.375587 0.000000 -192.920188
v -356.807512 0.000000 -209.305164
v -356.807512 0.000000 -192.920188
v -340.375587 0.000000 -209.305164
v -356.807512 0.000000 -209.305164
v -340.375587 0.000000 -192.920188
v -335.680751 4.685446 -192.920188
v -340.375587 0.000000 -209.305164
v -340.375587 0.000000 -192.920188
v -335.680751 4.685446 -209.305164
v -340.375587 0.000000 -209.305164
v -335.680751 4.685446 -192.920188
v -373.239437 0.000000 -176.535211
v -377.934272 4.685446 -192.920188
v -377.934272 4.685446 -176.535211
v -373.239437 0.000000 -192.920188
v -377.934272 4.685446 -192.920188
v -373.239437 0.000000 -176.535211
v -356.807512 0.000000 -176.535211
v -373.239437 0.000000 -192.920188
v -373.239437 0.000000 -176.535211
v -356.807512 0.000000 -192.920188
v -373.239437 0.000000 -192.920188
v -356.807512 0.000000 -176.535211
v -335.680751 4.685446 -176.535211
v -340.375587 0.000000 -192.920188
v -340.375587 0.000000 -176.535211
v -335.680751 4.685446 -192.920188
v -340.375587 0.000000 -192.920188
v -335.680751 4.685446 -176.535211
v -373.239437 0.000000 -160.150235
v -377.934272 4.685446 -176.535211
v -377.934272 4.685446 -160.150235
v -373.239437 0.000000 -176.535211
v -377.934272 4.685446 -176.535211
v -373.239437 0.000000 -160.150235
v -356.807512 0.000000 -160.150235
v -373.239437 0.000000 -176.535211
v -373.239437 0.000000 -160.150235
v -356.807512 0.000000 -176.535211
v -373.239437 0.000000 -176.535211
v -356.807512 0.000000 -160.150235
v -335.680751 4.685446 -160.150235
v -340.375587 0.000000 -176.535211
v -340.375587 0.000000 -160.150235
v -335.680751 4.685446 -176.535211
v -340.375587 0.000000 -176.535211
v -335.680751 4.685446 -160.150235
v -373.239437 0.000000 -143.765258
v -377.934272 4.685446 -160.150235
v -377.934272 4.685446 -143.765258
v -373.239437 0.000000 -160.150235
v -377.934272 4.685446 -160.150235
v -373.239437 0.000000 -143.765258
v -356.807512 0.000000 -143.765258
v -373.239437 0.000000 -160.150235
v -373.239437 0.000000 -143.765258
v -356.807512 0.000000 -160.150235
v -373.239437 0.000000 -160.150235
v -356.807512 0.000000 -143.765258
v -340.375587 0.000000 -143.765258
v -356.807512 0.000000 -160.150235
v -356.807512 0.000000 -143.765258
v -340.375587 0.000000 -160.150235
v -356.807512 0.000000 -160.150235
v -340.375587 0.000000 -143.765258
v -335.680751 4.685446 -143.765258
v -340.375587 0.000000 -160.150235
v -340.375587 0.000000 -143.765258
v -335.680751 4.685446 -160.150235
v -340.375587 0.000000 -160.150235
v -335.680751 4.685446 -143.765258
v -373.239437 0.000000 -127.380282
v -377.934272 4.685446 -143.765258
v -377.934272 4.685446 -127.380282
v -373.239437 0.000000 -143.765258
v -377.934272 4.685446 -143.765258
v -373.239437 0.000000 -127.380282
v -356.807512 0.000000 -127.380282
v -373.239437 0.000000 -143.765258
v -373.239437 0.000000 -127.380282
v -356.807512 0.000000 -143.765258
v -373.239437 0.000000 -143.765258
v -356.807512 0.000000 -127.380282
v -335.680751 4.685446 -127.380282
v -340.375587 0.000000 -143.765258
v -340.375587 0.000000 -127.380282
v -335.680751 4.685446 -143.765258
v -340.375587 0.000000 -143.765258
v -335.680751 4.685446 -127.380282
v -373.239437 0.000000 -110.995305
v -377.934272 4.685446 -127.380282
v -377.934272 4.685446 -110.995305
v -373.239437 0.000000 -127.380282
v -377.934272 4.685446 -127.380282
v -373.239437 0.000000 -110.995305
v -356.807512 0.000000 -110.995305
v -373.239437 0.000000 -127.380282
v -373.239437 0.000000 -110.995305
v -356.807512 0.000000 -127.380282
v -373.239437 0.000000 -127.380282
v -356.807512 0.000000 -110.995305
v -335.680751 4.685446 -110.995305
v -340.375587 0.000000 -127.380282
v -340.375587 0.000000 -110.995305
v -335.680751 4.685446 -127.380282
v -340.375587 0.000000 -127.380282
v -335.680751 4.685446 -110.995305
v -373.239437 0.000000 -94.610329
v -377.934272 4.685446 -110.995305
v -377.934272 4.685446 -94.610329
v -373.239437 0.000000 -110.995305
v -377.934272 4.685446 -110.995305
v -373.239437 0.000000 -94.610329
v -356.807512 0.000000 -94.610329
v -373.239437 0.000000 -110.995305
v -373.239437 0.000000 -94.610329
v -356.807512 0.000000 -110.995305
v -373.239437 0.000000 -110.995305
v -356.807512 0.000000 -94.610329
v -335.680751 4.685446 -94.610329
v -340.375587 0.000000 -110.995305
v -340.375587 0.000000 -94.610329
v -335.680751 4.685446 -110.995305
v -340.375587 0.000000 -110.995305
v -335.680751 4.685446 -94.610329
v -373.239437 0.000000 -78.225352
v -377.934272 4.685446 -94.610329
v -377.934272 4.685446 -78.225352
v -373.239437 0.000000 -94.610329
v -377.934272 4.685446 -94.610329
v -373.239437 0.000000 -78.225352
v -356.807512 0.000000 -78.225352
v -373.239437 0.000000 -94.610329
v -373.239437 0.000000 -78.225352
v -356.807512 0.000000 -94.610329
v -373.239437 0.000000 -94.610329
v -356.807512 0.000000 -78.225352
v -340.375587 0.000000 -78.225352
v -356.807512 0.000000 -94.610329
v -356.807512 0.000000 -78.225352
v -340.375587 0.000000 -94.610329
v -356.807512 0.000000 -94.610329
v -340.375587 0.000000 -78.225352
v -335.680751 4.685446 -78.225352
v -340.375587 0.000000 -94.610329
v -340.375587 0.000000 -78.225352
v -335.680751 4.685446 -94.610329
v -340.375587 0.000000 -94.610329
v -335.680751 4.685446 -78.225352
v -373.239437 0.000000 -61.840376
v -377.934272 4.685446 -78.225352
v -377.934272 4.685446 -61.840376
v -373.239437 0.000000 -78.225352
v -377.934272 4.685446 -78.225352
v -373.239437 0.000000 -61.840376
v -356.807512 0.000000 -61.840376
v -373.239437 0.000000 -78.225352
v -373.239437 0.000000 -61.840376
v -356.807512 0.000000 -78.225352
v -373.239437 0.000000 -78.225352
v -356.807512 0.000000 -61.840376
v -340.375587 0.000000 -61.840376
v -356.807512 0.000000 -78.225352
v -356.807512 0.000000 -61.840376
v -340.375587 0.000000 -78.225352
v -356.807512 0.000000 -78.225352
v -340.375587 0.000000 -61.840376
v -335.680751 4.685446 -61.840376
v -340.375587 0.000000 -78.225352
v -340.375587 0.000000 -61.840376
v -335.680751 4.685446 -78.225352
v -340.375587 0.000000 -78.225352
v -335.680751 4.685446 -61.840376
vn 0.707031 0.707031 0.000000
vn 0.707031 0.707031 0.000000
vn 0.707031 0.707031 0.000000
vn 0.707031 0.707031 0.000000
vn 0.707031 0.707031 0.000000
vn 0.707031 0.707031 0.000000
vn 0.000000 1.000000 0.000000
vn 0.000000 1.000000 0.000000
vn 0.000000 1.000000 0.000000
vn 0.000000 1.000000 0.000000
vn 0.000000 1.000000 0.000000
vn 0.000000 1.000000 0.000000
vn 0.000000 1.000000 0.000000
vn 0.000000 1.000000 0.000000
vn 0.000000 1.000000 0.000000
vn 0.000000 1.000000 0.000000
vn 0.000000 1.000000 0.000000
vn 0.000000 1.000000 0.000000
vn -0.707031 0.707031 0.000000
vn -0.707031 0.707031 0.000000
vn -0.707031 0.707031 0.000000
vn -0.707031 0.707031 0.000000
vn -0.707031 0.707031 0.000000
vn -0.707031 0.707031 0.000000
vn 0.707031 0.707031 0.000000
vn 0.707031 0.707031 0.000000
vn 0.707031 0.707031 0.000000
vn 0.707031 0.707031 0.000000
vn 0.707031 0.707031 0.000000
vn 0.707031 0.707031 0.000000
vn 0.000000 1.000000 0.000000
vn 0.000000 1.000000 0.000000
vn 0.000000 1.000000 0.000000
vn 0.000000 1.000000 0.000000
vn 0.000000 1.000000 0.000000
vn 0.000000 1.000000 0.000000
vn -0.707031 0.707031 0.000000
vn -0.707031 0.707031 0.000000
vn -0.707031 0.707031 0.000000
vn -0.707031 0.707031 0.000000
vn -0.707031 0.707031 0.000000
vn -0.707031 0.707031 0.000000
vn 0.707031 0.707031 0.000000
vn 0.707031 0.707031 0.000000
vn 0.707031 0.707031 0.000000
vn 0.707031 0.707031 0.000000
vn 0.707031 0.707031 0.000000
vn 0.707031 0.707031 0.000000
vn 0.000000 1.000000 0.000000
vn 0.000000 1.000000 0.000000
vn 0.000000 1.000000 0.000000
vn 0.000000 1.000000 0.000000
vn 0.000000 1.000000 0.000000
vn 0.000000 1.000000 0.000000
vn -0.707031 0.707031 0.000000
vn -0.707031 0.707031 0.000000
vn -0.707031 0.707031 0.000000
vn -0.707031 0.707031 0.000000
vn -0.707031 0.707031 0.000000
vn -0.707031 0.707031 0.000000
vn 0.707031 0.707031 0.000000
vn 0.707031 0.707031 0.000000
vn 0.707031 0.707031 0.000000
vn 0.707031 0.707031 0.000000
vn 0.707031 0.707031 0.000000
vn 0.707031 0.707031 0.000000
vn -0.707031 0.707031 0.000000
vn -0.707031 0.707031 0.000000
vn -0.707031 0.707031 0.000000
vn -0.707031 0.707031 0.000000
vn -0.707031 0.707031 0.000000
vn -0.707031 0.707031 0.000000
vn 0.707031 0.707031 0.000000
vn 0.707031 0.707031 0.000000
vn 0.707031 0.707031 0.000000
vn 0.707031 0.707031 0.000000
vn 0.707031 0.707031 0.000000
vn 0.707031 0.707031 0.000000
vn 0.000000 1.000000 0.000000
vn 0.000000 1.000000 0.000000
vn 0.000000 1.000000 0.000000
vn 0.000000 1.000000 0.000000
vn 0.000000 1.000000 0.000000
vn 0.000000 1.000000 0.000000
vn -0.707031 0.707031 0.000000
vn -0.707031 0.707031 0.000000
vn -0.707031 0.707031 0.000000
vn -0.707031 0.707031 0.000000
vn -0.707031 0.707031 0.000000
vn -0.707031 0.707031 0.000000
vn 0.707031 0.707031 0.000000
vn 0.707031 0.707031 0.000000
vn 0.707031 0.707031 0.000000
vn 0.707031 0.707031 0.000000
vn 0.707031 0.707031 0.000000
vn 0.707031 0.707031 0.000000
vn -0.707031 0.707031 0.000000
vn -0.707031 0.707031 0.000000
vn -0.707031 0.707031 0.000000
vn -0.707031 0.707031 0.000000
vn -0.707031 0.707031 0.000000
vn -0.707031 0.707031 0.000000
vn 0.707031 0.707031 0.000000
vn 0.707031 0.707031 0.000000
vn 0.707031 0.707031 0.000000
vn 0.707031 0.707031 0.000000
vn 0.707031 0.707031 0.000000
vn 0.707031 0.707031 0.000000
vn -0.707031 0.707031 0.000000
vn -0.707031 0.707031 0.000000
vn -0.707031 0.707031 0.000000
vn -0.707031 0.707031 0.000000
vn -0.707031 0.707031 0.000000
vn -0.707031 0.707031 0.000000
vn 0.707031 0.707031 0.000000
vn 0.707031 0.707031 0.000000
vn 0.707031 0.707031 0.000000
vn 0.707031 0.707031 0.000000
vn 0.707031 0.707031 0.000000
vn 0.707031 0.707031 0.000000
vn -0.707031 0.707031 0.000000
vn -0.707031 0.707031 0.000000
vn -0.707031 0.707031 0.000000
vn -0.707031 0.707031 0.000000
vn -0.707031 0.707031 0.000000
vn -0.707031 0.707031 0.000000
vn 0.707031 0.707031 0.000000
vn 0.707031 0.707031 0.000000
vn 0.707031 0.707031 0.000000
vn 0.707031 0.707031 0.000000
vn 0.707031 0.707031 0.000000
vn 0.707031 0.707031 0.000000
vn 0.000000 1.000000 0.000000
vn 0.000000 1.000000 0.000000
vn 0.000000 1.000000 0.000000
vn 0.000000 1.000000 0.000000
vn 0.000000 1.000000 0.000000
vn 0.000000 1.000000 0.000000
vn 0.000000 1.000000 0.000000
vn 0.000000 1.000000 0.000000
vn 0.000000 1.000000 0.000000
vn 0.000000 1.000000 0.000000
vn 0.000000 1.000000 0.000000
vn 0.000000 1.000000 0.000000
vn -0.707031 0.707031 0.000000
vn -0.707031 0.707031 0.000000
vn -0.707031 0.707031 0.000000
vn -0.707031 0.707031 0.000000
vn -0.707031 0.707031 0.000000
vn -0.707031 0.707031 0.000000
vn 0.707031 0.707031 0.000000
vn 0.707031 0.707031 0.000000
vn 0.707031 0.707031 0.000000
vn 0.707031 0.707031 0.000000
vn 0.707031 0.707031 0.000000
vn 0.707031 0.707031 0.000000
vn 0.000000 1.000000 0.000000
vn 0.000000 1.000000 0.000000
vn 0.000000 1.000000 0.000000
vn 0.000000 1.000000 0.000000
vn 0.000000 1.000000 0.000000
vn 0.000000 1.000000 0.000000
vn -0.707031 0.707031 0.000000
vn -0.707031 0.707031 0.000000
vn -0.707031 0.707031 0.000000
vn -0.707031 0.707031 0.000000
vn -0.707031 0.707031 0.000000
vn -0.707031 0.707031 0.000000
vn 0.707031 0.707031 0.000000
vn 0.707031 0.707031 0.000000
vn 0.707031 0.707031 0.000000
vn 0.707031 0.707031 0.000000
vn 0.707031 0.707031 0.000000
vn 0.707031 0.707031 0.000000
vn 0.000000 1.000000 0.000000
vn 0.000000 1.000000 0.000000
vn 0.000000 1.000000 0.000000
vn 0.000000 1.000000 0.000000
vn 0.000000 1.000000 0.000000
vn 0.000000 1.000000 0.000000
vn -0.707031 0.707031 0.000000
vn -0.707031 0.707031 0.000000
vn -0.707031 0.707031 0.000000
vn -0.707031 0.707031 0.000000
vn -0.707031 0.707031 0.000000
vn -0.707031 0.707031 0.000000
vn 0.707031 0.707031 0.000000
vn 0.707031 0.707031 0.000000
vn 0.707031 0.707031 0.000000
vn 0.707031 0.707031 0.000000
vn 0.707031 0.707031 0.000000
vn 0.707031 0.707031 0.000000
vn 0.000000 1.000000 0.000000
vn 0.000000 1.000000 0.000000
vn 0.000000 1.000000 0.000000
vn 0.000000 1.000000 0.000000
vn 0.000000 1.000000 0.000000
vn 0.000000 1.000000 0.000000
vn 0.000000 1.000000 0.000000
vn 0.000000 1.000000 0.000000
vn 0.000000 1.000000 0.000000
vn 0.000000 1.000000 0.000000
vn 0.000000 1.000000 0.000000
vn 0.000000 1.000000 0.000000
vn -0.707031 0.707031 0.000000
vn -0.707031 0.707031 0.000000
vn -0.707031 0.707031 0.000000
vn -0.707031 0.707031 0.000000
vn -0.707031 0.707031 0.000000
vn -0.707031 0.707031 0.000000
vn 0.707031 0.707031 0.000000
vn 0.707031 0.707031 0.000000
vn 0.707031 0.707031 0.000000
vn 0.707031 0.707031 0.000000
vn 0.707031 0.707031 0.000000
vn 0.707031 0.707031 0.000000
vn 0.000000 1.000000 0.000000
vn 0.000000 1.000000 0.000000
vn 0.000000 1.000000 0.000000
vn 0.000000 1.000000 0.000000
vn 0.000000 1.000000 0.000000
vn 0.000000 1.000000 0.000000
vn -0.707031 0.707031 0.000000
vn -0.707031 0.707031 0.000000
vn -0.707031 0.707031 0.000000
vn -0.707031 0.707031 0.000000
vn -0.707031 0.707031 0.000000
vn -0.707031 0.707031 0.000000
vn 0.707031 0.707031 0.000000
vn 0.707031 0.707031 0.000000
vn 0.707031 0.707031 0.000000
vn 0.707031 0.707031 0.000000
vn 0.707031 0.707031 0.000000
vn 0.707031 0.707031 0.000000
vn 0.000000 1.000000 0.000000
vn 0.000000 1.000000 0.000000
vn 0.000000 1.000000 0.000000
vn 0.000000 1.000000 0.000000
vn 0.000000 1.000000 0.000000
vn 0.000000 1.000000 0.000000
vn -0.707031 0.707031 0.000000
vn -0.707031 0.707031 0.000000
vn -0.707031 0.707031 0.000000
vn -0.707031 0.707031 0.000000
vn -0.707031 0.707031 0.000000
vn -0.707031 0.707031 0.000000
vn 0.707031 0.707031 0.000000
vn 0.707031 0.707031 0.000000
vn 0.707031 0.707031 0.000000
vn 0.707031 0.707031 0.000000
vn 0.707031 0.707031 0.000000
vn 0.707031 0.707031 0.000000
vn 0.000000 1.000000 0.000000
vn 0.000000 1.000000 0.000000
vn 0.000000 1.000000 0.000000
vn 0.000000 1.000000 0.000000
vn 0.000000 1.000000 0.000000
vn 0.000000 1.000000 0.000000
vn -0.707031 0.707031 0.000000
vn -0.707031 0.707031 0.000000
vn -0.707031 0.707031 0.000000
vn -0.707031 0.707031 0.000000
vn -0.707031 0.707031 0.000000
vn -0.707031 0.707031 0.000000
vn 0.707031 0.707031 0.000000
vn 0.707031 0.707031 0.000000
vn 0.707031 0.707031 0.000000
vn 0.707031 0.707031 0.000000
vn 0.707031 0.707031 0.000000
vn 0.707031 0.707031 0.000000
vn 0.000000 1.000000 0.000000
vn 0.000000 1.000000 0.000000
vn 0.000000 1.000000 0.000000
vn 0.000000 1.000000 0.000000
vn 0.000000 1.000000 0.000000
vn 0.000000 1.000000 0.000000
vn 0.000000 1.000000 0.000000
vn 0.000000 1.000000 0.000000
vn 0.000000 1.000000 0.000000
vn 0.000000 1.000000 0.000000
vn 0.000000 1.000000 0.000000
vn 0.000000 1.000000 0.000000
vn -0.707031 0.707031 0.000000
vn -0.707031 0.707031 0.000000
vn -0.707031 0.707031 0.000000
vn -0.707031 0.707031 0.000000
vn -0.707031 0.707031 0.000000
vn -0.707031 0.707031 0.000000
vn 0.707031 0.707031 0.000000
vn 0.707031 0.707031 0.000000
vn 0.707031 0.707031 0.000000
vn 0.707031 0.707031 0.000000
vn 0.707031 0.707031 0.000000
vn 0.707031 0.707031 0.000000
vn 0.000000 1.000000 0.000000
vn 0.000000 1.000000 0.000000
vn 0.000000 1.000000 0.000000
vn 0.000000 1.000000 0.000000
vn 0.000000 1.000000 0.000000
vn 0.000000 1.000000 0.000000
vn 0.000000 1.000000 0.000000
vn 0.000000 1.000000 0.000000
vn 0.000000 1.000000 0.000000
vn 0.000000 1.000000 0.000000
vn 0.000000 1.000000 0.000000
vn 0.000000 1.000000 0.000000
vn -0.707031 0.707031 0.000000
vn -0.707031 0.707031 0.000000
vn -0.707031 0.707031 0.000000
vn -0.707031 0.707031 0.000000
vn -0.707031 0.707031 0.000000
vn -0.707031 0.707031 0.000000
vt 0.000000 0.000000
vt 1.000000 1.000000
vt 1.000000 0.000000
vt 0.000000 1.000000
vt 1.000000 1.000000
vt 0.000000 0.000000
vt 0.000000 0.000000
vt 1.000000 1.000000
vt 1.000000 0.000000
vt 0.000000 1.000000
vt 1.000000 1.000000
vt 0.000000 0.000000
vt 0.000000 0.000000
vt 1.000000 1.000000
vt 1.000000 0.000000
vt 0.000000 1.000000
vt 1.000000 1.000000
vt 0.000000 0.000000
vt 0.000000 0.000000
vt 1.000000 1.000000
vt 1.000000 0.000000
vt 0.000000 1.000000
vt 1.000000 1.000000
vt 0.000000 0.000000
vt 0.000000 0.000000
vt 1.000000 1.000000
vt 1.000000 0.000000
vt 0.000000 1.000000
vt 1.000000 1.000000
vt 0.000000 0.000000
vt 0.000000 0.000000
vt 1.000000 1.000000
vt 1.000000 0.000000
vt 0.000000 1.000000
vt 1.000000 1.000000
vt 0.000000 0.000000
vt 0.000000 0.000000
vt 1.000000 1.000000
vt 1.000000 0.000000
vt 0.000000 1.000000
vt 1.000000 1.000000
vt 0.000000 0.000000
vt 0.000000 0.000000
vt 1.000000 1.000000
vt 1.000000 0.000000
vt 0.000000 1.000000
vt 1.000000 1.000000
vt 0.000000 0.000000
vt 0.000000 0.000000
vt 1.000000 1.000000
vt 1.000000 0.000000
vt 0.000000 1.000000
vt 1.000000 1.000000
vt 0.000000 0.000000
vt 0.000000 0.000000
vt 1.000000 1.000000
vt 1.000000 0.000000
vt 0.000000 1.000000
vt 1.000000 1.000000
vt 0.000000 0.000000
vt 0.000000 0.000000
vt 1.000000 1.000000
vt 1.000000 0.000000
vt 0.000000 1.000000
vt 1.000000 1.000000
vt 0.000000 0.000000
vt 0.000000 0.000000
vt 1.000000 1.000000
vt 1.000000 0.000000
vt 0.000000 1.000000
vt 1.000000 1.000000
vt 0.000000 0.000000
vt 0.000000 0.000000
vt 1.000000 1.000000
vt 1.000000 0.000000
vt 0.000000 1.000000
vt 1.000000 1.000000
vt 0.000000 0.000000
vt 0.000000 0.000000
vt 1.000000 1.000000
vt 1.000000 0.000000
vt 0.000000 1.000000
vt 1.000000 1.000000
vt 0.000000 0.000000
vt 0.000000 0.000000
vt 1.000000 1.000000
vt 1.000000 0.000000
vt 0.000000 1.000000
vt 1.000000 1.000000
vt 0.000000 0.000000
vt 0.000000 0.000000
vt 1.000000 1.000000
vt 1.000000 0.000000
vt 0.000000 1.000000
vt 1.000000 1.000000
vt 0.000000 0.000000
vt 0.000000 0.000000
vt 1.000000 1.000000
vt 1.000000 0.000000
vt 0.000000 1.000000
vt 1.000000 1.000000
vt 0.000000 0.000000
vt 0.000000 0.000000
vt 1.000000 1.000000
vt 1.000000 0.000000
vt 0.000000 1.000000
vt 1.000000 1.000000
vt 0.000000 0.000000
vt 0.000000 0.000000
vt 1.000000 1.000000
vt 1.000000 0.000000
vt 0.000000 1.000000
vt 1.000000 1.000000
vt 0.000000 0.000000
vt 0.000000 0.000000
vt 1.000000 1.000000
vt 1.000000 0.000000
vt 0.000000 1.000000
vt 1.000000 1.000000
vt 0.000000 0.000000
vt 0.000000 0.000000
vt 1.000000 1.000000
vt 1.000000 0.000000
vt 0.000000 1.000000
vt 1.000000 1.000000
vt 0.000000 0.000000
vt 0.000000 0.000000
vt 1.000000 1.000000
vt 1.000000 0.000000
vt 0.000000 1.000000
vt 1.000000 1.000000
vt 0.000000 0.000000
vt 0.000000 0.000000
vt 1.000000 1.000000
vt 1.000000 0.000000
vt 0.000000 1.000000
vt 1.000000 1.000000
vt 0.000000 0.000000
vt 0.000000 0.000000
vt 1.000000 1.000000
vt 1.000000 0.000000
vt 0.000000 1.000000
vt 1.000000 1.000000
vt 0.000000 0.000000
vt 0.000000 0.000000
vt 1.000000 1.000000
vt 1.000000 0.000000
vt 0.000000 1.000000
vt 1.000000 1.000000
vt 0.000000 0.000000
vt 0.000000 0.000000
vt 1.000000 1.000000
vt 1.000000 0.000000
vt 0.000000 1.000000
vt 1.000000 1.000000
vt 0.000000 0.000000
vt 0.000000 0.000000
vt 1.000000 1.000000
vt 1.000000 0.000000
vt 0.000000 1.000000
vt 1.000000 1.000000
vt 0.000000 0.000000
vt 0.000000 0.000000
vt 1.000000 1.000000
vt 1.000000 0.000000
vt 0.000000 1.000000
vt 1.000000 1.000000
vt 0.000000 0.000000
vt 0.000000 0.000000
vt 1.000000 1.000000
vt 1.000000 0.000000
vt 0.000000 1.000000
vt 1.000000 1.000000
vt 0.000000 0.000000
vt 0.000000 0.000000
vt 1.000000 1.000000
vt 1.000000 0.000000
vt 0.000000 1.000000
vt 1.000000 1.000000
vt 0.000000 0.000000
vt 0.000000 0.000000
vt 1.000000 1.000000
vt 1.000000 0.000000
vt 0.000000 1.000000
vt 1.000000 1.000000
vt 0.000000 0.000000
vt 0.000000 0.000000
vt 1.000000 1.000000
vt 1.000000 0.000000
vt 0.000000 1.000000
vt 1.000000 1.000000
vt 0.000000 0.000000
vt 0.000000 0.000000
vt 1.000000 1.000000
vt 1.000000 0.000000
vt 0.000000 1.000000
vt 1.000000 1.000000
vt 0.000000 0.000000
vt 0.000000 0.000000
vt 1.000000 1.000000
vt 1.000000 0.000000
vt 0.000000 1.000000
vt 1.000000 1.000000
vt 0.000000 0.000000
vt 0.000000 0.000000
vt 1.000000 1.000000
vt 1.000000 0.000000
vt 0.000000 1.000000
vt 1.000000 1.000000
vt 0.000000 0.000000
vt 0.000000 0.000000
vt 1.000000 1.000000
vt 1.000000 0.000000
vt 0.000000 1.000000
vt 1.000000 1.000000
vt 0.000000 0.000000
vt 0.000000 0.000000
vt 1.000000 1.000000
vt 1.000000 0.000000
vt 0.000000 1.000000
vt 1.000000 1.000000
vt 0.000000 0.000000
vt 0.000000 0.000000
vt 1.000000 1.000000
vt 1.000000 0.000000
vt 0.000000 1.000000
vt 1.000000 1.000000
vt 0.000000 0.000000
vt 0.000000 0.000000
vt 1.000000 1.000000
vt 1.000000 0.000000
vt 0.000000 1.000000
vt 1.000000 1.000000
vt 0.000000 0.000000
vt 0.000000 0.000000
vt 1.000000 1.000000
vt 1.000000 0.000000
vt 0.000000 1.000000
vt 1.000000 1.000000
vt 0.000000 0.000000
vt 0.000000 0.000000
vt 1.000000 1.000000
vt 1.000000 0.000000
vt 0.000000 1.000000
vt 1.000000 1.000000
vt 0.000000 0.000000
vt 0.000000 0.000000
vt 1.000000 1.000000
vt 1.000000 0.000000
vt 0.000000 1.000000
vt 1.000000 1.000000
vt 0.000000 0.000000
vt 0.000000 0.000000
vt 1.000000 1.000000
vt 1.000000 0.000000
vt 0.000000 1.000000
vt 1.000000 1.000000
vt 0.000000 0.000000
vt 0.000000 0.000000
vt 1.000000 1.000000
vt 1.000000 0.000000
vt 0.000000 1.000000
vt 1.000000 1.000000
vt 0.000000 0.000000
vt 0.000000 0.000000
vt 1.000000 1.000000
vt 1.000000 0.000000
vt 0.000000 1.000000
vt 1.000000 1.000000
vt 0.000000 0.000000
vt 0.000000 0.000000
vt 1.000000 1.000000
vt 1.000000 0.000000
vt 0.000000 1.000000
vt 1.000000 1.000000
vt 0.000000 0.000000
vt 0.000000 0.000000
vt 1.000000 1.000000
vt 1.000000 0.000000
vt 0.000000 1.000000
vt 1.000000 1.000000
vt 0.000000 0.000000
vt 0.000000 0.000000
vt 1.000000 1.000000
vt 1.000000 0.000000
vt 0.000000 1.000000
vt 1.000000 1.000000
vt 0.000000 0.000000
vt 0.000000 0.000000
vt 1.000000 1.000000
vt 1.000000 0.000000
vt 0.000000 1.000000
vt 1.000000 1.000000
vt 0.000000 0.000000
vt 0.000000 0.000000
vt 1.000000 1.000000
vt 1.000000 0.000000
vt 0.000000 1.000000
vt 1.000000 1.000000
vt 0.000000 0.000000
vt 0.000000 0.000000
vt 1.000000 1.000000
vt 1.000000 0.000000
vt 0.000000 1.000000
vt 1.000000 1.000000
vt 0.000000 0.000000
vt 0.000000 0.000000
vt 1.000000 1.000000
vt 1.000000 0.000000
vt 0.000000 1.000000
vt 1.000000 1.000000
vt 0.000000 0.000000
f 6505/6505/6505 6506/6506/6506 6507/6507/6507
f 6508/6508/6508 6509/6509/6509 6510/6510/6510
f 6511/6511/6511 6512/6512/6512 6513/6513/6513
f 6514/6514/6514 6515/6515/6515 6516/6516/6516
f 6517/6517/6517 6518/6518/6518 6519/6519/6519
f 6520/6520/6520 6521/6521/6521 6522/6522/6522
f 6523/6523/6523 6524/6524/6524 6525/6525/6525
f 6526/6526/6526 6527/6527/6527 6528/6528/6528
f 6529/6529/6529 6530/6530/6530 6531/6531/6531
f 6532/6532/6532 6533/6533/6533 6534/6534/6534
f 6535/6535/6535 6536/6536/6536 6537/6537/6537
f 6538/6538/6538 6539/6539/6539 6540/6540/6540
f 6541/6541/6541 6542/6542/6542 6543/6543/6543
f 6544/6544/6544 6545/6545/6545 6546/6546/6546
f 6547/6547/6547 6548/6548/6548 6549/6549/6549
f 6550/6550/6550 6551/6551/6551 6552/6552/6552
f 6553/6553/6553 6554/6554/6554 6555/6555/6555
f 6556/6556/6556 6557/6557/6557 6558/6558/6558
f 6559/6559/6559 6560/6560/6560 6561/6561/6561
f 6562/6562/6562 6563/6563/6563 6564/6564/6564
f 6565/6565/6565 6566/6566/6566 6567/6567/6567
f 6568/6568/6568 6569/6569/6569 6570/6570/6570
f 6571/6571/6571 6572/6572/6572 6573/6573/6573
f 6574/6574/6574 6575/6575/6575 6576/6576/6576
f 6577/6577/6577 6578/6578/6578 6579/6579/6579
f 6580/6580/6580 6581/6581/6581 6582/6582/6582
f 6583/6583/6583 6584/6584/6584 6585/6585/6585
f 6586/6586/6586 6587/6587/6587 6588/6588/6588
f 6589/6589/6589 6590/6590/6590 6591/6591/6591
f 6592/6592/6592 6593/6593/6593 6594/6594/6594
f 6595/6595/6595 6596/6596/6596 6597/6597/6597
f 6598/6598/6598 6599/6599/6599 6600/6600/6600
f 6601/6601/6601 6602/6602/6602 6603/6603/6603
f 6604/6604/6604 6605/6605/6605 6606/6606/6606
f 6607/6607/6607 6608/6608/6608 6609/6609/6609
f 6610/6610/6610 6611/6611/6611 6612/6612/6612
f 6613/6613/6613 6614/6614/6614 6615/6615/6615
f 6616/6616/6616 6617/6617/6617 6618/6618/6618
f 6619/6619/6619 6620/6620/6620 6621/6621/6621
f 6622/6622/6622 6623/6623/6623 6624/6624/6624
f 6625/6625/6625 6626/6626/6626 6627/6627/6627
f 6628/6628/6628 6629/6629/6629 6630/6630/6630
f 6631/6631/6631 6632/6632/6632 6633/6633/6633
f 6634/6634/6634 6635/6635/6635 6636/6636/6636
f 6637/6637/6637 6638/6638/6638 6639/6639/6639
f 6640/6640/6640 6641/6641/6641 6642/6642/6642
f 6643/6643/6643 6644/6644/6644 6645/6645/6645
f 6646/6646/6646 6647/6647/6647 6648/6648/6648
f 6649/6649/6649 6650/6650/6650 6651/6651/6651
f 6652/6652/6652 6653/6653/6653 6654/6654/6654
f 6655/6655/6655 6656/6656/6656 6657/6657/6657
f 6658/6658/6658 6659/6659/6659 6660/6660/6660
f 6661/6661/6661 6662/6662/6662 6663/6663/6663
f 6664/6664/6664 6665/6665/6665 6666/6666/6666
f 6667/6667/6667 6668/6668/6668 6669/6669/6669
f 6670/6670/6670 6671/6671/6671 6672/6672/6672
f 6673/6673/6673 6674/6674/6674 6675/6675/6675
f 6676/6676/6676 6677/6677/6677 6678/6678/6678
f 6679/6679/6679 6680/6680/6680 6681/6681/6681
f 6682/6682/6682 6683/6683/6683 6684/6684/6684
f 6685/6685/6685 6686/6686/6686 6687/6687/6687
f 6688/6688/6688 6689/6689/6689 6690/6690/6690
f 6691/6691/6691 6692/6692/6692 6693/6693/6693
f 6694/6694/6694 6695/6695/6695 6696/6696/6696
f 6697/6697/6697 6698/6698/6698 6699/6699/6699
f 6700/6700/6700 6701/6701/6701 6702/6702/6702
f 6703/6703/6703 6704/6704/6704 6705/6705/6705
f 6706/6706/6706 6707/6707/6707 6708/6708/6708
f 6709/6709/6709 6710/6710/6710 6711/6711/6711
f 6712/6712/6712 6713/6713/6713 6714/6714/6714
f 6715/6715/6715 6716/6716/6716 6717/6717/6717
f 6718/6718/6718 6719/6719/6719 6720/6720/6720
f 6721/6721/6721 6722/6722/6722 6723/6723/6723
f 6724/6724/6724 6725/6725/6725 6726/6726/6726
f 6727/6727/6727 6728/6728/6728 6729/6729/6729
f 6730/6730/6730 6731/6731/6731 6732/6732/6732
f 6733/6733/6733 6734/6734/6734 6735/6735/6735
f 6736/6736/6736 6737/6737/6737 6738/6738/6738
f 6739/6739/6739 6740/6740/6740 6741/6741/6741
f 6742/6742/6742 6743/6743/6743 6744/6744/6744
f 6745/6745/6745 6746/6746/6746 6747/6747/6747
f 6748/6748/6748 6749/6749/6749 6750/6750/6750
f 6751/6751/6751 6752/6752/6752 6753/6753/6753
f 6754/6754/6754 6755/6755/6755 6756/6756/6756
f 6757/6757/6757 6758/6758/6758 6759/6759/6759
f 6760/6760/6760 6761/6761/6761 6762/6762/6762
f 6763/6763/6763 6764/6764/6764 6765/6765/6765
f 6766/6766/6766 6767/6767/6767 6768/6768/6768
f 6769/6769/6769 6770/6770/6770 6771/6771/6771
f 6772/6772/6772 6773/6773/6773 6774/6774/6774
f 6775/6775/6775 6776/6776/6776 6777/6777/6777
f 6778/6778/6778 6779/6779/6779 6780/6780/6780
f 6781/6781/6781 6782/6782/6782 6783/6783/6783
f 6784/6784/6784 6785/6785/6785 6786/6786/6786
f 6787/6787/6787 6788/6788/6788 6789/6789/6789
f 6790/6790/6790 6791/6791/6791 6792/6792/6792
f 6793/6793/6793 6794/6794/6794 6795/6795/6795
f 6796/6796/6796 6797/6797/6797 6798/6798/6798
f 6799/6799/6799 6800/6800/6800 6801/6801/6801
f 6802/6802/6802 6803/6803/6803 6804/6804/6804
f 6805/6805/6805 6806/6806/6806 6807/6807/6807
f 6808/6808/6808 6809/6809/6809 6810/6810/6810
f 6811/6811/6811 6812/6812/6812 6813/6813/6813
f 6814/6814/6814 6815/6815/6815 6816/6816/6816
g face_texture_13
usemtl tex_13
v -238.788732 37.727700 -629.136150
v -230.882629 33.680751 -646.394366
v -241.577465 41.990610 -633.399061
v -228.760563 29.539906 -641.652582
v -230.882629 33.680751 -646.394366
v -238.788732 37.727700 -629.136150
v -206.582160 41.990610 -609.718310
v -203.784038 29.539906 -620.291080
v -211.577465 37.727700 -610.723005
v -198.779343 33.680751 -618.929577
v -203.784038 29.539906 -620.291080
v -206.582160 41.990610 -609.718310
v 339.239437 0.000000 -375.211268
v 325.887324 4.685446 -369.267606
v 339.239437 4.685446 -375.211268
v 324.910798 0.000000 -371.070423
v 325.887324 4.685446 -369.267606
v 339.239437 0.000000 -375.211268
v 328.131455 4.685446 -400.685446
v 312.995305 0.000000 -392.347418
v 328.131455 0.000000 -400.685446
v 312.018779 4.694836 -394.150235
v 312.995305 0.000000 -392.347418
v 328.131455 4.685446 -400.685446
v 353.821596 0.000000 -381.887324
v 339.239437 4.685446 -375.211268
v 353.821596 4.685446 -381.887324
v 339.239437 0.000000 -375.211268
v 339.239437 4.685446 -375.211268
v 353.821596 0.000000 -381.887324
v 348.262911 0.000000 -395.042254
v 339.239437 0.000000 -375.211268
v 353.821596 0.000000 -381.887324
v 333.342723 0.000000 -388.262911
v 339.239437 0.000000 -375.211268
v 348.262911 0.000000 -395.042254
v 343.370892 0.000000 -407.577465
v 333.342723 0.000000 -388.262911
v 348.262911 0.000000 -395.042254
v 328.131455 0.000000 -400.685446
v 333.342723 0.000000 -388.262911
v 343.370892 0.000000 -407.577465
v 343.370892 4.685446 -407.577465
v 328.131455 0.000000 -400.685446
v 343.370892 0.000000 -407.577465
v 328.131455 4.685446 -400.685446
v 328.131455 0.000000 -400.685446
v 343.370892 4.685446 -407.577465
v 368.741784 0.000000 -388.093897
v 353.821596 4.685446 -381.887324
v 368.741784 4.685446 -388.093897
v 353.821596 0.000000 -381.887324
v 353.821596 4.685446 -381.887324
v 368.741784 0.000000 -388.093897
v 363.399061 0.000000 -401.305164
v 353.821596 0.000000 -381.887324
v 368.741784 0.000000 -388.093897
v 348.262911 0.000000 -395.042254
v 353.821596 0.000000 -381.887324
v 363.399061 0.000000 -401.305164
v 358.732394 0.000000 -413.906103
v 348.262911 0.000000 -395.042254
v 363.399061 0.000000 -401.305164
v 343.370892 0.000000 -407.577465
v 348.262911 0.000000 -395.042254
v 358.732394 0.000000 -413.906103
v 358.732394 4.685446 -413.906103
v 343.370892 0.000000 -407.577465
v 358.732394 0.000000 -413.906103
v 343.370892 4.685446 -407.577465
v 343.370892 0.000000 -407.577465
v 358.732394 4.685446 -413.906103
v 383.868545 0.000000 -393.971831
v 368.741784 4.685446 -388.093897
v 383.868545 4.685446 -393.971831
v 368.741784 0.000000 -388.093897
v 368.741784 4.685446 -388.093897
v 383.868545 0.000000 -393.971831
v 378.676056 0.000000 -407.211268
v 368.741784 0.000000 -388.093897
v 383.868545 0.000000 -393.971831
v 363.399061 0.000000 -401.305164
v 368.741784 0.000000 -388.093897
v 378.676056 0.000000 -407.211268
v 374.169014 0.000000 -419.849765
v 363.399061 0.000000 -401.305164
v 378.676056 0.000000 -407.211268
v 358.732394 0.000000 -413.906103
v 363.399061 0.000000 -401.305164
v 374.169014 0.000000 -419.849765
v 374.169014 4.685446 -419.849765
v 358.732394 0.000000 -413.906103
v 374.169014 0.000000 -419.849765
v 358.732394 4.685446 -413.906103
v 358.732394 0.000000 -413.906103
v 374.169014 4.685446 -419.849765
v 399.136150 0.000000 -399.605634
v 383.868545 4.685446 -393.971831
v 399.136150 4.685446 -399.605634
v 383.868545 0.000000 -393.971831
v 383.868545 4.685446 -393.971831
v 399.136150 0.000000 -399.605634
v 394.056338 0.000000 -412.882629
v 383.868545 0.000000 -393.971831
v 399.136150 0.000000 -399.605634
v 378.676056 0.000000 -407.211268
v 383.868545 0.000000 -393.971831
v 394.056338 0.000000 -412.882629
v 389.643192 0.000000 -425.539906
v 378.676056 0.000000 -407.211268
v 394.056338 0.000000 -412.882629
v 374.169014 0.000000 -419.849765
v 378.676056 0.000000 -407.211268
v 389.643192 0.000000 -425.539906
v 389.643192 4.685446 -425.539906
v 374.169014 0.000000 -419.849765
v 389.643192 0.000000 -425.539906
v 374.169014 4.685446 -419.849765
v 374.169014 0.000000 -419.849765
v 389.643192 4.685446 -425.539906
v 414.507042 0.000000 -405.079812
v 399.136150 4.685446 -399.605634
v 414.507042 4.685446 -405.079812
v 399.136150 0.000000 -399.605634
v 399.136150 4.685446 -399.605634
v 414.507042 0.000000 -405.079812
v 409.492958 0.000000 -418.375587
v 399.136150 0.000000 -399.605634
v 414.507042 0.000000 -405.079812
v 394.056338 0.000000 -412.882629
v 399.136150 0.000000 -399.605634
v 409.492958 0.000000 -418.375587
v 405.154930 0.000000 -431.051643
v 394.056338 0.000000 -412.882629
v 409.492958 0.000000 -418.375587
v 389.643192 0.000000 -425.539906
v 394.056338 0.000000 -412.882629
v 405.154930 0.000000 -431.051643
v 405.154930 4.685446 -431.051643
v 389.643192 0.000000 -425.539906
v 405.154930 0.000000 -431.051643
v 389.643192 4.685446 -425.539906
v 389.643192 0.000000 -425.539906
v 405.154930 4.685446 -431.051643
v 429.943662 0.000000 -410.450704
v 414.507042 4.685446 -405.079812
v 429.943662 4.685446 -410.450704
v 414.507042 0.000000 -405.079812
v 414.507042 4.685446 -405.079812
v 429.943662 0.000000 -410.450704
v 424.967136 0.000000 -423.755869
v 414.507042 0.000000 -405.079812
v 429.943662 0.000000 -410.450704
v 409.492958 0.000000 -418.375587
v 414.507042 0.000000 -405.079812
v 424.967136 0.000000 -423.755869
v 420.666667 0.000000 -436.450704
v 409.492958 0.000000 -418.375587
v 424.967136 0.000000 -423.755869
v 405.154930 0.000000 -431.051643
v 409.492958 0.000000 -418.375587
v 420.666667 0.000000 -436.450704
v 420.666667 4.685446 -436.450704
v 405.154930 0.000000 -431.051643
v 420.666667 0.000000 -436.450704
v 405.154930 4.685446 -431.051643
v 405.154930 0.000000 -431.051643
v 420.666667 4.685446 -436.450704
v 445.427230 0.000000 -415.746479
v 429.943662 4.685446 -410.450704
v 445.427230 4.685446 -415.746479
v 429.943662 0.000000 -410.450704
v 429.943662 4.685446 -410.450704
v 445.427230 0.000000 -415.746479
v 440.469484 0.000000 -429.070423
v 429.943662 0.000000 -410.450704
v 445.427230 0.000000 -415.746479
v 424.967136 0.000000 -423.755869
v 429.943662 0.000000 -410.450704
v 440.469484 0.000000 -429.070423
v 436.178404 0.000000 -441.784038
v 424.967136 0.000000 -423.755869
v 440.469484 0.000000 -429.070423
v 420.666667 0.000000 -436.450704
v 424.967136 0.000000 -423.755869
v 436.178404 0.000000 -441.784038
v 436.178404 4.685446 -441.784038
v 420.666667 0.000000 -436.450704
v 436.178404 0.000000 -441.784038
v 420.666667 4.685446 -436.450704
v 420.666667 0.000000 -436.450704
v 436.178404 4.685446 -441.784038
v 460.938967 0.000000 -421.014085
v 445.427230 4.685446 -415.746479
v 460.938967 4.685446 -421.014085
v 445.427230 0.000000 -415.746479
v 445.427230 4.685446 -415.746479
v 460.938967 0.000000 -421.014085
v 455.971831 0.000000 -434.356808
v 445.427230 0.000000 -415.746479
v 460.938967 0.000000 -421.014085
v 440.469484 0.000000 -429.070423
v 445.427230 0.000000 -415.746479
v 455.971831 0.000000 -434.356808
v 451.680751 0.000000 -447.089202
v 440.469484 0.000000 -429.070423
v 455.971831 0.000000 -434.356808
v 436.178404 0.000000 -441.784038
v 440.469484 0.000000 -429.070423
v 451.680751 0.000000 -447.089202
v 451.680751 4.685446 -447.089202
v 436.178404 0.000000 -441.784038
v 451.680751 0.000000 -447.089202
v 436.178404 4.685446 -441.784038
v 436.178404 0.000000 -441.784038
v 451.680751 4.685446 -447.089202
v 476.478873 0.000000 -426.291080
v 460.938967 4.685446 -421.014085
v 476.478873 4.685446 -426.291080
v 460.938967 0.000000 -421.014085
v 460.938967 4.685446 -421.014085
v 476.478873 0.000000 -426.291080
v 471.474178 0.000000 -439.661972
v 460.938967 0.000000 -421.014085
v 476.478873 0.000000 -426.291080
v 455.971831 0.000000 -434.356808
v 460.938967 0.000000 -421.014085
v 471.474178 0.000000 -439.661972
v 467.145540 0.000000 -452.413146
v 455.971831 0.000000 -434.356808
v 471.474178 0.000000 -439.661972
v 451.680751 0.000000 -447.089202
v 455.971831 0.000000 -434.356808
v 467.145540 0.000000 -452.413146
v 467.145540 4.685446 -452.413146
v 451.680751 0.000000 -447.089202
v 467.145540 0.000000 -452.413146
v 451.680751 4.685446 -447.089202
v 451.680751 0.000000 -447.089202
v 467.145540 4.685446 -452.413146
v 490.863850 0.000000 -433.492958
v 476.478873 4.685446 -426.291080
v 490.863850 4.685446 -433.492958
v 476.478873 0.000000 -426.291080
v 476.478873 4.685446 -426.291080
v 490.863850 0.000000 -433.492958
v 483.032864 4.685446 -456.150235
v 467.145540 0.000000 -452.413146
v 483.032864 0.000000 -456.150235
v 467.145540 4.685446 -452.413146
v 467.145540 0.000000 -452.413146
v 483.032864 4.685446 -456.150235
v 505.708920 0.000000 -440.338028
v 490.863850 4.685446 -433.492958
v 505.708920 4.685446 -440.338028
v 490.863850 0.000000 -433.492958
v 490.863850 4.685446 -433.492958
v 505.708920 0.000000 -440.338028
v 499.267606 4.685446 -459.164319
v 483.032864 0.000000 -456.150235
v 499.267606 0.000000 -459.164319
v 483.032864 4.685446 -456.150235
v 483.032864 0.000000 -456.150235
v 499.267606 4.685446 -459.164319
v 521.502347 0.000000 -445.887324
v 505.708920 4.685446 -440.338028
v 521.502347 4.685446 -445.887324
v 505.708920 0.000000 -440.338028
v 505.708920 4.685446 -440.338028
v 521.502347 0.000000 -445.887324
v 514.516432 4.685446 -464.788732
v 499.267606 0.000000 -459.164319
v 514.516432 0.000000 -464.788732
v 499.267606 4.685446 -459.164319
v 499.267606 0.000000 -459.164319
v 514.516432 4.685446 -464.788732
v 538.187793 0.000000 -450.018779
v 521.502347 4.685446 -445.887324
v 538.187793 4.685446 -450.018779
v 521.502347 0.000000 -445.887324
v 521.502347 4.685446 -445.887324
v 538.187793 0.000000 -450.018779
v 533.117371 0.000000 -461.915493
v 521.502347 0.000000 -445.887324
v 538.187793 0.000000 -450.018779
v 517.812207 0.000000 -456.075117
v 521.502347 0.000000 -445.887324
v 533.117371 0.000000 -461.915493
v 528.544601 0.000000 -471.887324
v 517.812207 0.000000 -456.075117
v 533.117371 0.000000 -461.915493
v 514.516432 0.000000 -464.788732
v 517.812207 0.000000 -456.075117
v 528.544601 0.000000 -471.887324
v 528.544601 4.685446 -471.887324
v 514.516432 0.000000 -464.788732
v 528.544601 0.000000 -471.887324
v 514.516432 4.685446 -464.788732
v 514.516432 0.000000 -464.788732
v 528.544601 4.685446 -471.887324
v 548.300469 0.000000 -468.084507
v 538.187793 0.000000 -450.018779
v 554.112676 0.000000 -454.694836
v 533.117371 0.000000 -461.915493
v 538.187793 0.000000 -450.018779
v 548.300469 0.000000 -468.084507
v 543.051643 0.000000 -479.755869
v 533.117371 0.000000 -461.915493
v 548.300469 0.000000 -468.084507
v 528.544601 0.000000 -471.887324
v 533.117371 0.000000 -461.915493
v 543.051643 0.000000 -479.755869
v 543.051643 4.685446 -479.755869
v 528.544601 0.000000 -471.887324
v 543.051643 0.000000 -479.755869
v 528.544601 4.685446 -471.887324
v 528.544601 0.000000 -471.887324
v 543.051643 4.685446 -479.755869
v 563.258216 0.000000 -474.751174
v 554.112676 0.000000 -454.694836
v 570.516432 0.000000 -462.826291
v 548.300469 0.000000 -468.084507
v 554.112676 0.000000 -454.694836
v 563.258216 0.000000 -474.751174
v 555.305164 0.000000 -486.948357
v 548.300469 0.000000 -468.084507
v 563.258216 0.000000 -474.751174
v 543.051643 0.000000 -479.755869
v 548.300469 0.000000 -468.084507
v 555.305164 0.000000 -486.948357
v 555.305164 4.685446 -486.948357
v 543.051643 0.000000 -479.755869
v 555.305164 0.000000 -486.948357
v 543.051643 4.685446 -479.755869
v 543.051643 0.000000 -479.755869
v 555.305164 4.685446 -486.948357
v 577.107981 0.000000 -483.342723
v 570.516432 0.000000 -462.826291
v 585.924883 0.000000 -470.638498
v 563.258216 0.000000 -474.751174
v 570.516432 0.000000 -462.826291
v 577.107981 0.000000 -483.342723
v 567.906103 0.000000 -494.563380
v 563.258216 0.000000 -474.751174
v 577.107981 0.000000 -483.342723
v 555.305164 0.000000 -486.948357
v 563.258216 0.000000 -474.751174
v 567.906103 0.000000 -494.563380
v 567.906103 4.685446 -494.563380
v 555.305164 0.000000 -486.948357
v 567.906103 0.000000 -494.563380
v 555.305164 4.685446 -486.948357
v 555.305164 0.000000 -486.948357
v 567.906103 4.685446 -494.563380
v 589.342723 0.000000 -493.023474
v 585.924883 0.000000 -470.638498
v 600.000000 0.000000 -482.779343
v 577.107981 0.000000 -483.342723
v 585.924883 0.000000 -470.638498
v 589.342723 0.000000 -493.023474
v 579.502347 0.000000 -504.244131
v 577.107981 0.000000 -483.342723
v 589.342723 0.000000 -493.023474
v 567.906103 0.000000 -494.563380
v 577.107981 0.000000 -483.342723
v 579.502347 0.000000 -504.244131
v 579.502347 4.685446 -504.244131
v 567.906103 0.000000 -494.563380
v 579.502347 0.000000 -504.244131
v 567.906103 4.685446 -494.563380
v 567.906103 0.000000 -494.563380
v 579.502347 4.685446 -504.244131
v 589.173709 0.000000 -513.164319
v 589.342723 0.000000 -493.023474
v 600.760563 0.000000 -504.497653
v 579.502347 0.000000 -504.244131
v 589.342723 0.000000 -493.023474
v 589.173709 0.000000 -513.164319
v 589.173709 4.685446 -513.164319
v 579.502347 0.000000 -504.244131
v 589.173709 0.000000 -513.164319
v 579.502347 4.685446 -504.244131
v 579.502347 0.000000 -504.244131
v 589.173709 4.685446 -513.164319
v 608.976526 0.000000 -518.525822
v 611.680751 0.000000 -496.845070
v 620.948357 0.000000 -511.793427
v 600.760563 0.000000 -504.497653
v 611.680751 0.000000 -496.845070
v 608.976526 0.000000 -518.525822
v 597.436620 0.000000 -525.596244
v 600.760563 0.000000 -504.497653
v 608.976526 0.000000 -518.525822
v 589.173709 0.000000 -513.164319
v 600.760563 0.000000 -504.497653
v 597.436620 0.000000 -525.596244
v 597.436620 4.685446 -525.596244
v 589.173709 0.000000 -513.164319
v 597.436620 0.000000 -525.596244
v 589.173709 4.685446 -513.164319
v 589.173709 0.000000 -513.164319
v 597.436620 4.685446 -525.596244
v 615.643192 0.000000 -533.502347
v 620.948357 0.000000 -511.793427
v 628.347418 0.000000 -529.539906
v 608.976526 0.000000 -518.525822
v 620.948357 0.000000 -511.793427
v 615.643192 0.000000 -533.502347
v 601.079812 0.000000 -539.286385
v 608.976526 0.000000 -518.525822
v 615.643192 0.000000 -533.502347
v 597.436620 0.000000 -525.596244
v 608.976526 0.000000 -518.525822
v 601.079812 0.000000 -539.286385
v 601.079812 4.685446 -539.286385
v 597.436620 0.000000 -525.596244
v 601.079812 0.000000 -539.286385
v 597.436620 4.685446 -525.596244
v 597.436620 0.000000 -525.596244
v 601.079812 4.685446 -539.286385
v 618.807512 0.000000 -549.549296
v 628.347418 0.000000 -529.539906
v 633.239437 0.000000 -547.164319
v 615.643192 0.000000 -533.502347
v 628.347418 0.000000 -529.539906
v 618.807512 0.000000 -549.549296
v 604.422535 0.000000 -552.159624
v 615.643192 0.000000 -533.502347
v 618.807512 0.000000 -549.549296
v 601.079812 0.000000 -539.286385
v 615.643192 0.000000 -533.502347
v 604.422535 0.000000 -552.159624
v 604.422535 4.685446 -552.159624
v 601.079812 0.000000 -539.286385
v 604.422535 0.000000 -552.159624
v 601.079812 4.685446 -539.286385
v 601.079812 0.000000 -539.286385
v 604.422535 4.685446 -552.159624
v 633.737089 0.000000 -564.319249
v 633.239437 4.685446 -547.164319
v 636.084507 4.685446 -564.281690
v 633.239437 0.000000 -547.164319
v 633.239437 4.685446 -547.164319
v 633.737089 0.000000 -564.319249
v 605.596244 4.685446 -569.051643
v 604.422535 0.000000 -552.159624
v 607.943662 0.000000 -569.023474
v 604.422535 4.685446 -552.159624
v 604.422535 0.000000 -552.159624
v 605.596244 4.685446 -569.051643
v 633.830986 0.000000 -582.291080
v 636.084507 4.685446 -564.281690
v 636.225352 4.685446 -582.291080
v 633.737089 0.000000 -564.319249
v 636.084507 4.685446 -564.281690
v 633.830986 0.000000 -582.291080
v 605.558685 4.685446 -583.079812
v 607.943662 0.000000 -569.023474
v 607.953052 0.000000 -583.070423
v 605.596244 4.685446 -569.051643
v 607.943662 0.000000 -569.023474
v 605.558685 4.685446 -583.079812
v 633.370892 0.084507 -598.694836
v 636.225352 4.685446 -582.291080
v 635.812207 4.769953 -598.413146
v 633.830986 0.000000 -582.291080
v 636.225352 4.685446 -582.291080
v 633.370892 0.084507 -598.694836
v 605.530516 4.769953 -598.093897
v 607.953052 0.000000 -583.070423
v 607.971831 0.084507 -598.375587
v 605.558685 4.685446 -583.079812
v 607.953052 0.000000 -583.070423
v 605.530516 4.769953 -598.093897
v 632.910798 1.276995 -615.032864
v 635.812207 4.769953 -598.413146
v 635.399061 5.924883 -614.356808
v 633.370892 0.084507 -598.694836
v 635.812207 4.769953 -598.413146
v 632.910798 1.276995 -615.032864
v 605.624413 5.924883 -614.356808
v 607.971831 0.084507 -598.375587
v 608.112676 1.276995 -615.032864
v 605.530516 4.769953 -598.093897
v 607.971831 0.084507 -598.375587
v 605.624413 5.924883 -614.356808
v 633.098592 3.849765 -631.211268
v 635.399061 5.924883 -614.356808
v 635.643192 8.413146 -630.122066
v 632.910798 1.276995 -615.032864
v 635.399061 5.924883 -614.356808
v 633.098592 3.849765 -631.211268
v 605.380282 8.413146 -630.122066
v 608.112676 1.276995 -615.032864
v 607.924883 3.849765 -631.211268
v 605.624413 5.924883 -614.356808
v 608.112676 1.276995 -615.032864
v 605.380282 8.413146 -630.122066
v 633.295775 7.887324 -647.089202
v 635.643192 8.413146 -630.122066
v 635.896714 12.328638 -645.558685
v 633.098592 3.849765 -631.211268
v 635.643192 8.413146 -630.122066
v 633.295775 7.887324 -647.089202
v 605.126761 12.328638 -645.558685
v 607.924883 3.849765 -631.211268
v 607.727700 7.887324 -647.089202
v 605.380282 8.413146 -630.122066
v 607.924883 3.849765 -631.211268
v 605.126761 12.328638 -645.558685
v 633.502347 13.474178 -662.478873
v 635.896714 12.328638 -645.558685
v 636.169014 17.727700 -660.488263
v 633.295775 7.887324 -647.089202
v 635.896714 12.328638 -645.558685
v 633.502347 13.474178 -662.478873
v 604.854460 17.727700 -660.488263
v 607.727700 7.887324 -647.089202
v 607.521127 13.474178 -662.478873
v 605.126761 12.328638 -645.558685
v 607.727700 7.887324 -647.089202
v 604.854460 17.727700 -660.488263
v 633.089202 20.741784 -677.164319
v 636.169014 17.727700 -660.488263
v 635.821596 24.694836 -674.629108
v 633.502347 13.474178 -662.478873
v 636.169014 17.727700 -660.488263
v 633.089202 20.741784 -677.164319
v 604.460094 24.694836 -674.629108
v 607.521127 13.474178 -662.478873
v 607.192488 20.741784 -677.164319
v 604.854460 17.727700 -660.488263
v 607.521127 13.474178 -662.478873
v 604.460094 24.694836 -674.629108
v 633.323944 25.906103 -690.300469
v 635.821596 24.694836 -674.629108
v 636.122066 30.600939 -690.122066
v 633.089202 20.741784 -677.164319
v 635.821596 24.694836 -674.629108
v 633.323944 25.906103 -690.300469
v 619.708920 25.906103 -690.300469
v 633.089202 20.741784 -677.164319
v 633.323944 25.906103 -690.300469
v 619.708920 20.741784 -677.164319
v 633.089202 20.741784 -677.164319
v 619.708920 25.906103 -690.300469
v 606.103286 25.906103 -690.300469
v 619.708920 20.741784 -677.164319
v 619.708920 25.906103 -690.300469
v 607.192488 20.741784 -677.164319
v 619.708920 20.741784 -677.164319
v 606.103286 25.906103 -690.300469
v 603.305164 30.600939 -690.122066
v 607.192488 20.741784 -677.164319
v 606.103286 25.906103 -690.300469
v 604.460094 24.694836 -674.629108
v 607.192488 20.741784 -677.164319
v 603.305164 30.600939 -690.122066
vn 0.740234 0.650879 0.167236
vn 0.740234 0.650879 0.167236
vn 0.740234 0.650879 0.167236
vn 0.740234 0.650879 0.167236
vn 0.740234 0.650879 0.167236
vn 0.740234 0.650879 0.167236
vn -0.318115 0.553223 -0.769775
vn -0.318115 0.553223 -0.769775
vn -0.318115 0.553223 -0.769775
vn -0.318115 0.553223 -0.769775
vn -0.318115 0.553223 -0.769775
vn -0.318115 0.553223 -0.769775
vn -0.277588 -0.000000 -0.960449
vn -0.277588 -0.000000 -0.960449
vn -0.277588 -0.000000 -0.960449
vn -0.277588 -0.000000 -0.960449
vn -0.277588 -0.000000 -0.960449
vn -0.277588 -0.000000 -0.960449
vn 0.375977 -0.000000 0.926514
vn 0.375977 -0.000000 0.926514
vn 0.375977 -0.000000 0.926514
vn 0.375977 -0.000000 0.926514
vn 0.375977 -0.000000 0.926514
vn 0.375977 -0.000000 0.926514
vn -0.416260 -0.000000 -0.909180
vn -0.416260 -0.000000 -0.909180
vn -0.416260 -0.000000 -0.909180
vn -0.416260 -0.000000 -0.909180
vn -0.416260 -0.000000 -0.909180
vn -0.416260 -0.000000 -0.909180
vn 0.000000 1.000000 0.000000
vn 0.000000 1.000000 0.000000
vn 0.000000 1.000000 0.000000
vn 0.000000 1.000000 0.000000
vn 0.000000 1.000000 0.000000
vn 0.000000 1.000000 0.000000
vn 0.000000 1.000000 0.000000
vn 0.000000 1.000000 0.000000
vn 0.000000 1.000000 0.000000
vn 0.000000 1.000000 0.000000
vn 0.000000 1.000000 0.000000
vn 0.000000 1.000000 0.000000
vn 0.411865 -0.000000 0.911133
vn 0.411865 -0.000000 0.911133
vn 0.411865 -0.000000 0.911133
vn 0.411865 -0.000000 0.911133
vn 0.411865 -0.000000 0.911133
vn 0.411865 -0.000000 0.911133
vn -0.383789 -0.000000 -0.923340
vn -0.383789 -0.000000 -0.923340
vn -0.383789 -0.000000 -0.923340
vn -0.383789 -0.000000 -0.923340
vn -0.383789 -0.000000 -0.923340
vn -0.383789 -0.000000 -0.923340
vn 0.000000 1.000000 0.000000
vn 0.000000 1.000000 0.000000
vn 0.000000 1.000000 0.000000
vn 0.000000 1.000000 0.000000
vn 0.000000 1.000000 0.000000
vn 0.000000 1.000000 0.000000
vn 0.000000 1.000000 0.000000
vn 0.000000 1.000000 0.000000
vn 0.000000 1.000000 0.000000
vn 0.000000 1.000000 0.000000
vn 0.000000 1.000000 0.000000
vn 0.000000 1.000000 0.000000
vn 0.380371 -0.000000 0.924561
vn 0.380371 -0.000000 0.924561
vn 0.380371 -0.000000 0.924561
vn 0.380371 -0.000000 0.924561
vn 0.380371 -0.000000 0.924561
vn 0.380371 -0.000000 0.924561
vn -0.361816 -0.000000 -0.932129
vn -0.361816 -0.000000 -0.932129
vn -0.361816 -0.000000 -0.932129
vn -0.361816 -0.000000 -0.932129
vn -0.361816 -0.000000 -0.932129
vn -0.361816 -0.000000 -0.932129
vn 0.000000 1.000000 0.000000
vn 0.000000 1.000000 0.000000
vn 0.000000 1.000000 0.000000
vn 0.000000 1.000000 0.000000
vn 0.000000 1.000000 0.000000
vn 0.000000 1.000000 0.000000
vn 0.000000 1.000000 0.000000
vn 0.000000 1.000000 0.000000
vn 0.000000 1.000000 0.000000
vn 0.000000 1.000000 0.000000
vn 0.000000 1.000000 0.000000
vn 0.000000 1.000000 0.000000
vn 0.359375 -0.000000 0.933105
vn 0.359375 -0.000000 0.933105
vn 0.359375 -0.000000 0.933105
vn 0.359375 -0.000000 0.933105
vn 0.359375 -0.000000 0.933105
vn 0.359375 -0.000000 0.933105
vn -0.346436 -0.000000 -0.937988
vn -0.346436 -0.000000 -0.937988
vn -0.346436 -0.000000 -0.937988
vn -0.346436 -0.000000 -0.937988
vn -0.346436 -0.000000 -0.937988
vn -0.346436 -0.000000 -0.937988
vn 0.000000 1.000000 0.000000
vn 0.000000 1.000000 0.000000
vn 0.000000 1.000000 0.000000
vn 0.000000 1.000000 0.000000
vn 0.000000 1.000000 0.000000
vn 0.000000 1.000000 0.000000
vn 0.000000 1.000000 0.000000
vn 0.000000 1.000000 0.000000
vn 0.000000 1.000000 0.000000
vn 0.000000 1.000000 0.000000
vn 0.000000 1.000000 0.000000
vn 0.000000 1.000000 0.000000
vn 0.344971 -0.000000 0.938477
vn 0.344971 -0.000000 0.938477
vn 0.344971 -0.000000 0.938477
vn 0.344971 -0.000000 0.938477
vn 0.344971 -0.000000 0.938477
vn 0.344971 -0.000000 0.938477
vn -0.335449 -0.000000 -0.941895
vn -0.335449 -0.000000 -0.941895
vn -0.335449 -0.000000 -0.941895
vn -0.335449 -0.000000 -0.941895
vn -0.335449 -0.000000 -0.941895
vn -0.335449 -0.000000 -0.941895
vn 0.000000 1.000000 0.000000
vn 0.000000 1.000000 0.000000
vn 0.000000 1.000000 0.000000
vn 0.000000 1.000000 0.000000
vn 0.000000 1.000000 0.000000
vn 0.000000 1.000000 0.000000
vn 0.000000 1.000000 0.000000
vn 0.000000 1.000000 0.000000
vn 0.000000 1.000000 0.000000
vn 0.000000 1.000000 0.000000
vn 0.000000 1.000000 0.000000
vn 0.000000 1.000000 0.000000
vn 0.334961 -0.000000 0.942139
vn 0.334961 -0.000000 0.942139
vn 0.334961 -0.000000 0.942139
vn 0.334961 -0.000000 0.942139
vn 0.334961 -0.000000 0.942139
vn 0.334961 -0.000000 0.942139
vn -0.328125 -0.000000 -0.944580
vn -0.328125 -0.000000 -0.944580
vn -0.328125 -0.000000 -0.944580
vn -0.328125 -0.000000 -0.944580
vn -0.328125 -0.000000 -0.944580
vn -0.328125 -0.000000 -0.944580
vn 0.000000 1.000000 0.000000
vn 0.000000 1.000000 0.000000
vn 0.000000 1.000000 0.000000
vn 0.000000 1.000000 0.000000
vn 0.000000 1.000000 0.000000
vn 0.000000 1.000000 0.000000
vn 0.000000 1.000000 0.000000
vn 0.000000 1.000000 0.000000
vn 0.000000 1.000000 0.000000
vn 0.000000 1.000000 0.000000
vn 0.000000 1.000000 0.000000
vn 0.000000 1.000000 0.000000
vn 0.328613 -0.000000 0.944336
vn 0.328613 -0.000000 0.944336
vn 0.328613 -0.000000 0.944336
vn 0.328613 -0.000000 0.944336
vn 0.328613 -0.000000 0.944336
vn 0.328613 -0.000000 0.944336
vn -0.323486 -0.000000 -0.946045
vn -0.323486 -0.000000 -0.946045
vn -0.323486 -0.000000 -0.946045
vn -0.323486 -0.000000 -0.946045
vn -0.323486 -0.000000 -0.946045
vn -0.323486 -0.000000 -0.946045
vn 0.000000 1.000000 0.000000
vn 0.000000 1.000000 0.000000
vn 0.000000 1.000000 0.000000
vn 0.000000 1.000000 0.000000
vn 0.000000 1.000000 0.000000
vn 0.000000 1.000000 0.000000
vn 0.000000 1.000000 0.000000
vn 0.000000 1.000000 0.000000
vn 0.000000 1.000000 0.000000
vn 0.000000 1.000000 0.000000
vn 0.000000 1.000000 0.000000
vn 0.000000 1.000000 0.000000
vn 0.324951 -0.000000 0.945557
vn 0.324951 -0.000000 0.945557
vn 0.324951 -0.000000 0.945557
vn 0.324951 -0.000000 0.945557
vn 0.324951 -0.000000 0.945557
vn 0.324951 -0.000000 0.945557
vn -0.321289 -0.000000 -0.946777
vn -0.321289 -0.000000 -0.946777
vn -0.321289 -0.000000 -0.946777
vn -0.321289 -0.000000 -0.946777
vn -0.321289 -0.000000 -0.946777
vn -0.321289 -0.000000 -0.946777
vn 0.000000 1.000000 0.000000
vn 0.000000 1.000000 0.000000
vn 0.000000 1.000000 0.000000
vn 0.000000 1.000000 0.000000
vn 0.000000 1.000000 0.000000
vn 0.000000 1.000000 0.000000
vn 0.000000 1.000000 0.000000
vn 0.000000 1.000000 0.000000
vn 0.000000 1.000000 0.000000
vn 0.000000 1.000000 0.000000
vn 0.000000 1.000000 0.000000
vn 0.000000 1.000000 0.000000
vn 0.323975 -0.000000 0.946045
vn 0.323975 -0.000000 0.946045
vn 0.323975 -0.000000 0.946045
vn 0.323975 -0.000000 0.946045
vn 0.323975 -0.000000 0.946045
vn 0.323975 -0.000000 0.946045
vn -0.321533 -0.000000 -0.946777
vn -0.321533 -0.000000 -0.946777
vn -0.321533 -0.000000 -0.946777
vn -0.321533 -0.000000 -0.946777
vn -0.321533 -0.000000 -0.946777
vn -0.321533 -0.000000 -0.946777
vn 0.000000 1.000000 0.000000
vn 0.000000 1.000000 0.000000
vn 0.000000 1.000000 0.000000
vn 0.000000 1.000000 0.000000
vn 0.000000 1.000000 0.000000
vn 0.000000 1.000000 0.000000
vn 0.000000 1.000000 0.000000
vn 0.000000 1.000000 0.000000
vn 0.000000 1.000000 0.000000
vn 0.000000 1.000000 0.000000
vn 0.000000 1.000000 0.000000
vn 0.000000 1.000000 0.000000
vn 0.325195 -0.000000 0.945557
vn 0.325195 -0.000000 0.945557
vn 0.325195 -0.000000 0.945557
vn 0.325195 -0.000000 0.945557
vn 0.325195 -0.000000 0.945557
vn 0.325195 -0.000000 0.945557
vn -0.447998 -0.000000 -0.893799
vn -0.447998 -0.000000 -0.893799
vn -0.447998 -0.000000 -0.893799
vn -0.447998 -0.000000 -0.893799
vn -0.447998 -0.000000 -0.893799
vn -0.447998 -0.000000 -0.893799
vn 0.228760 -0.000000 0.973389
vn 0.228760 -0.000000 0.973389
vn 0.228760 -0.000000 0.973389
vn 0.228760 -0.000000 0.973389
vn 0.228760 -0.000000 0.973389
vn 0.228760 -0.000000 0.973389
vn -0.418213 -0.000000 -0.908203
vn -0.418213 -0.000000 -0.908203
vn -0.418213 -0.000000 -0.908203
vn -0.418213 -0.000000 -0.908203
vn -0.418213 -0.000000 -0.908203
vn -0.418213 -0.000000 -0.908203
vn 0.182617 -0.000000 0.983154
vn 0.182617 -0.000000 0.983154
vn 0.182617 -0.000000 0.983154
vn 0.182617 -0.000000 0.983154
vn 0.182617 -0.000000 0.983154
vn 0.182617 -0.000000 0.983154
vn -0.331543 -0.000000 -0.943115
vn -0.331543 -0.000000 -0.943115
vn -0.331543 -0.000000 -0.943115
vn -0.331543 -0.000000 -0.943115
vn -0.331543 -0.000000 -0.943115
vn -0.331543 -0.000000 -0.943115
vn 0.345703 -0.000000 0.938232
vn 0.345703 -0.000000 0.938232
vn 0.345703 -0.000000 0.938232
vn 0.345703 -0.000000 0.938232
vn 0.345703 -0.000000 0.938232
vn 0.345703 -0.000000 0.938232
vn -0.240234 -0.000000 -0.970459
vn -0.240234 -0.000000 -0.970459
vn -0.240234 -0.000000 -0.970459
vn -0.240234 -0.000000 -0.970459
vn -0.240234 -0.000000 -0.970459
vn -0.240234 -0.000000 -0.970459
vn 0.000000 1.000000 0.000000
vn 0.000000 1.000000 0.000000
vn 0.000000 1.000000 0.000000
vn 0.000000 1.000000 0.000000
vn 0.000000 1.000000 0.000000
vn 0.000000 1.000000 0.000000
vn 0.000000 1.000000 0.000000
vn 0.000000 1.000000 0.000000
vn 0.000000 1.000000 0.000000
vn 0.000000 1.000000 0.000000
vn 0.000000 1.000000 0.000000
vn 0.000000 1.000000 0.000000
vn 0.451172 -0.000000 0.892334
vn 0.451172 -0.000000 0.892334
vn 0.451172 -0.000000 0.892334
vn 0.451172 -0.000000 0.892334
vn 0.451172 -0.000000 0.892334
vn 0.451172 -0.000000 0.892334
vn 0.000000 1.000000 0.000000
vn 0.000000 1.000000 0.000000
vn 0.000000 1.000000 0.000000
vn 0.000000 1.000000 0.000000
vn 0.000000 1.000000 0.000000
vn 0.000000 1.000000 0.000000
vn 0.000000 1.000000 0.000000
vn 0.000000 1.000000 0.000000
vn 0.000000 1.000000 0.000000
vn 0.000000 1.000000 0.000000
vn 0.000000 1.000000 0.000000
vn 0.000000 1.000000 0.000000
vn 0.476807 -0.000000 0.878906
vn 0.476807 -0.000000 0.878906
vn 0.476807 -0.000000 0.878906
vn 0.476807 -0.000000 0.878906
vn 0.476807 -0.000000 0.878906
vn 0.476807 -0.000000 0.878906
vn 0.000000 1.000000 0.000000
vn 0.000000 1.000000 0.000000
vn 0.000000 1.000000 0.000000
vn 0.000000 1.000000 0.000000
vn 0.000000 1.000000 0.000000
vn 0.000000 1.000000 0.000000
vn 0.000000 1.000000 0.000000
vn 0.000000 1.000000 0.000000
vn 0.000000 1.000000 0.000000
vn 0.000000 1.000000 0.000000
vn 0.000000 1.000000 0.000000
vn 0.000000 1.000000 0.000000
vn 0.506104 -0.000000 0.862305
vn 0.506104 -0.000000 0.862305
vn 0.506104 -0.000000 0.862305
vn 0.506104 -0.000000 0.862305
vn 0.506104 -0.000000 0.862305
vn 0.506104 -0.000000 0.862305
vn 0.000000 1.000000 0.000000
vn 0.000000 1.000000 0.000000
vn 0.000000 1.000000 0.000000
vn 0.000000 1.000000 0.000000
vn 0.000000 1.000000 0.000000
vn 0.000000 1.000000 0.000000
vn 0.000000 1.000000 0.000000
vn 0.000000 1.000000 0.000000
vn 0.000000 1.000000 0.000000
vn 0.000000 1.000000 0.000000
vn 0.000000 1.000000 0.000000
vn 0.000000 1.000000 0.000000
vn 0.516846 -0.000000 0.855957
vn 0.516846 -0.000000 0.855957
vn 0.516846 -0.000000 0.855957
vn 0.516846 -0.000000 0.855957
vn 0.516846 -0.000000 0.855957
vn 0.516846 -0.000000 0.855957
vn 0.000000 1.000000 0.000000
vn 0.000000 1.000000 0.000000
vn 0.000000 1.000000 0.000000
vn 0.000000 1.000000 0.000000
vn 0.000000 1.000000 0.000000
vn 0.000000 1.000000 0.000000
vn 0.000000 1.000000 0.000000
vn 0.000000 1.000000 0.000000
vn 0.000000 1.000000 0.000000
vn 0.000000 1.000000 0.000000
vn 0.000000 1.000000 0.000000
vn 0.000000 1.000000 0.000000
vn 0.641113 -0.000000 0.767334
vn 0.641113 -0.000000 0.767334
vn 0.641113 -0.000000 0.767334
vn 0.641113 -0.000000 0.767334
vn 0.641113 -0.000000 0.767334
vn 0.641113 -0.000000 0.767334
vn 0.000000 1.000000 0.000000
vn 0.000000 1.000000 0.000000
vn 0.000000 1.000000 0.000000
vn 0.000000 1.000000 0.000000
vn 0.000000 1.000000 0.000000
vn 0.000000 1.000000 0.000000
vn 0.677979 -0.000000 0.734863
vn 0.677979 -0.000000 0.734863
vn 0.677979 -0.000000 0.734863
vn 0.677979 -0.000000 0.734863
vn 0.677979 -0.000000 0.734863
vn 0.677979 -0.000000 0.734863
vn 0.000000 1.000000 0.000000
vn 0.000000 1.000000 0.000000
vn 0.000000 1.000000 0.000000
vn 0.000000 1.000000 0.000000
vn 0.000000 1.000000 0.000000
vn 0.000000 1.000000 0.000000
vn 0.000000 1.000000 0.000000
vn 0.000000 1.000000 0.000000
vn 0.000000 1.000000 0.000000
vn 0.000000 1.000000 0.000000
vn 0.000000 1.000000 0.000000
vn 0.000000 1.000000 0.000000
vn 0.832520 -0.000000 0.553467
vn 0.832520 -0.000000 0.553467
vn 0.832520 -0.000000 0.553467
vn 0.832520 -0.000000 0.553467
vn 0.832520 -0.000000 0.553467
vn 0.832520 -0.000000 0.553467
vn 0.000000 1.000000 0.000000
vn 0.000000 1.000000 0.000000
vn 0.000000 1.000000 0.000000
vn 0.000000 1.000000 0.000000
vn 0.000000 1.000000 0.000000
vn 0.000000 1.000000 0.000000
vn 0.000000 1.000000 0.000000
vn 0.000000 1.000000 0.000000
vn 0.000000 1.000000 0.000000
vn 0.000000 1.000000 0.000000
vn 0.000000 1.000000 0.000000
vn 0.000000 1.000000 0.000000
vn 0.966309 -0.000000 0.257080
vn 0.966309 -0.000000 0.257080
vn 0.966309 -0.000000 0.257080
vn 0.966309 -0.000000 0.257080
vn 0.966309 -0.000000 0.257080
vn 0.966309 -0.000000 0.257080
vn 0.000000 1.000000 0.000000
vn 0.000000 1.000000 0.000000
vn 0.000000 1.000000 0.000000
vn 0.000000 1.000000 0.000000
vn 0.000000 1.000000 0.000000
vn 0.000000 1.000000 0.000000
vn 0.000000 1.000000 0.000000
vn 0.000000 1.000000 0.000000
vn 0.000000 1.000000 0.000000
vn 0.000000 1.000000 0.000000
vn 0.000000 1.000000 0.000000
vn 0.000000 1.000000 0.000000
vn 0.967773 -0.000000 0.251465
vn 0.967773 -0.000000 0.251465
vn 0.967773 -0.000000 0.251465
vn 0.967773 -0.000000 0.251465
vn 0.967773 -0.000000 0.251465
vn 0.967773 -0.000000 0.251465
vn -0.893799 0.447510 -0.025635
vn -0.893799 0.447510 -0.025635
vn -0.893799 0.447510 -0.025635
vn -0.893799 0.447510 -0.025635
vn -0.893799 0.447510 -0.025635
vn -0.893799 0.447510 -0.025635
vn 0.892334 0.447021 0.061523
vn 0.892334 0.447021 0.061523
vn 0.892334 0.447021 0.061523
vn 0.892334 0.447021 0.061523
vn 0.892334 0.447021 0.061523
vn 0.892334 0.447021 0.061523
vn -0.890625 0.454102 -0.004883
vn -0.890625 0.454102 -0.004883
vn -0.890625 0.454102 -0.004883
vn -0.890625 0.454102 -0.004883
vn -0.890625 0.454102 -0.004883
vn -0.890625 0.454102 -0.004883
vn 0.890625 0.454102 -0.001953
vn 0.890625 0.454102 -0.001953
vn 0.890625 0.454102 -0.001953
vn 0.890625 0.454102 -0.001953
vn 0.890625 0.454102 -0.001953
vn 0.890625 0.454102 -0.001953
vn -0.887207 0.460449 0.027344
vn -0.887207 0.460449 0.027344
vn -0.887207 0.460449 0.027344
vn -0.887207 0.460449 0.027344
vn -0.887207 0.460449 0.027344
vn -0.887207 0.460449 0.027344
vn 0.886719 0.461914 0.000732
vn 0.886719 0.461914 0.000732
vn 0.886719 0.461914 0.000732
vn 0.886719 0.461914 0.000732
vn 0.886719 0.461914 0.000732
vn 0.886719 0.461914 0.000732
vn -0.883057 0.464844 0.059082
vn -0.883057 0.464844 0.059082
vn -0.883057 0.464844 0.059082
vn -0.883057 0.464844 0.059082
vn -0.883057 0.464844 0.059082
vn -0.883057 0.464844 0.059082
vn 0.882812 0.467773 0.038330
vn 0.882812 0.467773 0.038330
vn 0.882812 0.467773 0.038330
vn 0.882812 0.467773 0.038330
vn 0.882812 0.467773 0.038330
vn 0.882812 0.467773 0.038330
vn -0.878174 0.473633 0.064941
vn -0.878174 0.473633 0.064941
vn -0.878174 0.473633 0.064941
vn -0.878174 0.473633 0.064941
vn -0.878174 0.473633 0.064941
vn -0.878174 0.473633 0.064941
vn 0.877930 0.474365 0.061523
vn 0.877930 0.474365 0.061523
vn 0.877930 0.474365 0.061523
vn 0.877930 0.474365 0.061523
vn 0.877930 0.474365 0.061523
vn 0.877930 0.474365 0.061523
vn -0.873291 0.474121 0.109375
vn -0.873291 0.474121 0.109375
vn -0.873291 0.474121 0.109375
vn -0.873291 0.474121 0.109375
vn -0.873291 0.474121 0.109375
vn -0.873291 0.474121 0.109375
vn 0.873291 0.475342 0.105713
vn 0.873291 0.475342 0.105713
vn 0.873291 0.475342 0.105713
vn 0.873291 0.475342 0.105713
vn 0.873291 0.475342 0.105713
vn 0.873291 0.475342 0.105713
vn -0.868408 0.469482 0.158447
vn -0.868408 0.469482 0.158447
vn -0.868408 0.469482 0.158447
vn -0.868408 0.469482 0.158447
vn -0.868408 0.469482 0.158447
vn -0.868408 0.469482 0.158447
vn 0.868164 0.471191 0.154541
vn 0.868164 0.471191 0.154541
vn 0.868164 0.471191 0.154541
vn 0.868164 0.471191 0.154541
vn 0.868164 0.471191 0.154541
vn 0.868164 0.471191 0.154541
vn -0.864258 0.440674 0.242188
vn -0.864258 0.440674 0.242188
vn -0.864258 0.440674 0.242188
vn -0.864258 0.440674 0.242188
vn -0.864258 0.440674 0.242188
vn -0.864258 0.440674 0.242188
vn 0.862061 0.463623 0.204102
vn 0.862061 0.463623 0.204102
vn 0.862061 0.463623 0.204102
vn 0.862061 0.463623 0.204102
vn 0.862061 0.463623 0.204102
vn 0.862061 0.463623 0.204102
vn -0.847900 0.498047 0.180664
vn -0.847900 0.498047 0.180664
vn -0.847900 0.498047 0.180664
vn -0.847900 0.498047 0.180664
vn -0.847900 0.498047 0.180664
vn -0.847900 0.498047 0.180664
vn 0.000000 0.930420 0.365967
vn 0.000000 0.930420 0.365967
vn 0.000000 0.930420 0.365967
vn 0.000000 0.930420 0.365967
vn 0.000000 0.930420 0.365967
vn 0.000000 0.930420 0.365967
vn 0.000000 0.930420 0.365967
vn 0.000000 0.930420 0.365967
vn 0.000000 0.930420 0.365967
vn 0.000000 0.930420 0.365967
vn 0.000000 0.930420 0.365967
vn 0.000000 0.930420 0.365967
vn 0.854004 0.503662 0.128418
vn 0.854004 0.503662 0.128418
vn 0.854004 0.503662 0.128418
vn 0.854004 0.503662 0.128418
vn 0.854004 0.503662 0.128418
vn 0.854004 0.503662 0.128418
vt 1.000000 0.000000
vt 0.000000 1.000000
vt 0.000000 0.000000
vt 1.000000 1.000000
vt 0.000000 1.000000
vt 1.000000 0.000000
vt 0.000000 0.000000
vt 1.000000 1.000000
vt 1.000000 0.000000
vt 0.000000 1.000000
vt 1.000000 1.000000
vt 0.000000 0.000000
vt 1.000000 0.000000
vt 0.000000 1.000000
vt 0.000000 0.000000
vt 1.000000 1.000000
vt 0.000000 1.000000
vt 1.000000 0.000000
vt 0.000000 0.000000
vt 1.000000 1.000000
vt 1.000000 0.000000
vt 0.000000 1.000000
vt 1.000000 1.000000
vt 0.000000 0.000000
vt 1.000000 0.000000
vt 0.000000 1.000000
vt 0.000000 0.000000
vt 1.000000 1.000000
vt 0.000000 1.000000
vt 1.000000 0.000000
vt 1.000000 0.000000
vt 0.000000 1.000000
vt 0.000000 0.000000
vt 1.000000 1.000000
vt 0.000000 1.000000
vt 1.000000 0.000000
vt 0.000000 0.000000
vt 1.000000 1.000000
vt 1.000000 0.000000
vt 0.000000 1.000000
vt 1.000000 1.000000
vt 0.000000 0.000000
vt 0.000000 0.000000
vt 1.000000 1.000000
vt 1.000000 0.000000
vt 0.000000 1.000000
vt 1.000000 1.000000
vt 0.000000 0.000000
vt 1.000000 0.000000
vt 0.000000 1.000000
vt 0.000000 0.000000
vt 1.000000 1.000000
vt 0.000000 1.000000
vt 1.000000 0.000000
vt 1.000000 0.000000
vt 0.000000 1.000000
vt 0.000000 0.000000
vt 1.000000 1.000000
vt 0.000000 1.000000
vt 1.000000 0.000000
vt 0.000000 0.000000
vt 1.000000 1.000000
vt 1.000000 0.000000
vt 0.000000 1.000000
vt 1.000000 1.000000
vt 0.000000 0.000000
vt 0.000000 0.000000
vt 1.000000 1.000000
vt 1.000000 0.000000
vt 0.000000 1.000000
vt 1.000000 1.000000
vt 0.000000 0.000000
vt 1.000000 0.000000
vt 0.000000 1.000000
vt 0.000000 0.000000
vt 1.000000 1.000000
vt 0.000000 1.000000
vt 1.000000 0.000000
vt 1.000000 0.000000
vt 0.000000 1.000000
vt 0.000000 0.000000
vt 1.000000 1.000000
vt 0.000000 1.000000
vt 1.000000 0.000000
vt 0.000000 0.000000
vt 1.000000 1.000000
vt 1.000000 0.000000
vt 0.000000 1.000000
vt 1.000000 1.000000
vt 0.000000 0.000000
vt 0.000000 0.000000
vt 1.000000 1.000000
vt 1.000000 0.000000
vt 0.000000 1.000000
vt 1.000000 1.000000
vt 0.000000 0.000000
vt 1.000000 0.000000
vt 0.000000 1.000000
vt 0.000000 0.000000
vt 1.000000 1.000000
vt 0.000000 1.000000
vt 1.000000 0.000000
vt 1.000000 0.000000
vt 0.000000 1.000000
vt 0.000000 0.000000
vt 1.000000 1.000000
vt 0.000000 1.000000
vt 1.000000 0.000000
vt 0.000000 0.000000
vt 1.000000 1.000000
vt 1.000000 0.000000
vt 0.000000 1.000000
vt 1.000000 1.000000
vt 0.000000 0.000000
vt 0.000000 0.000000
vt 1.000000 1.000000
vt 1.000000 0.000000
vt 0.000000 1.000000
vt 1.000000 1.000000
vt 0.000000 0.000000
vt 1.000000 0.000000
vt 0.000000 1.000000
vt 0.000000 0.000000
vt 1.000000 1.000000
vt 0.000000 1.000000
vt 1.000000 0.000000
vt 1.000000 0.000000
vt 0.000000 1.000000
vt 0.000000 0.000000
vt 1.000000 1.000000
vt 0.000000 1.000000
vt 1.000000 0.000000
vt 0.000000 0.000000
vt 1.000000 1.000000
vt 1.000000 0.000000
vt 0.000000 1.000000
vt 1.000000 1.000000
vt 0.000000 0.000000
vt 0.000000 0.000000
vt 1.000000 1.000000
vt 1.000000 0.000000
vt 0.000000 1.000000
vt 1.000000 1.000000
vt 0.000000 0.000000
vt 1.000000 0.000000
vt 0.000000 1.000000
vt 0.000000 0.000000
vt 1.000000 1.000000
vt 0.000000 1.000000
vt 1.000000 0.000000
vt 1.000000 0.000000
vt 0.000000 1.000000
vt 0.000000 0.000000
vt 1.000000 1.000000
vt 0.000000 1.000000
vt 1.000000 0.000000
vt 0.000000 0.000000
vt 1.000000 1.000000
vt 1.000000 0.000000
vt 0.000000 1.000000
vt 1.000000 1.000000
vt 0.000000 0.000000
vt 0.000000 0.000000
vt 1.000000 1.000000
vt 1.000000 0.000000
vt 0.000000 1.000000
vt 1.000000 1.000000
vt 0.000000 0.000000
vt 1.000000 0.000000
vt 0.000000 1.000000
vt 0.000000 0.000000
vt 1.000000 1.000000
vt 0.000000 1.000000
vt 1.000000 0.000000
vt 1.000000 0.000000
vt 0.000000 1.000000
vt 0.000000 0.000000
vt 1.000000 1.000000
vt 0.000000 1.000000
vt 1.000000 0.000000
vt 0.000000 0.000000
vt 1.000000 1.000000
vt 1.000000 0.000000
vt 0.000000 1.000000
vt 1.000000 1.000000
vt 0.000000 0.000000
vt 0.000000 0.000000
vt 1.000000 1.000000
vt 1.000000 0.000000
vt 0.000000 1.000000
vt 1.000000 1.000000
vt 0.000000 0.000000
vt 1.000000 0.000000
vt 0.000000 1.000000
vt 0.000000 0.000000
vt 1.000000 1.000000
vt 0.000000 1.000000
vt 1.000000 0.000000
vt 1.000000 0.000000
vt 0.000000 1.000000
vt 0.000000 0.000000
vt 1.000000 1.000000
vt 0.000000 1.000000
vt 1.000000 0.000000
vt 0.000000 0.000000
vt 1.000000 1.000000
vt 1.000000 0.000000
vt 0.000000 1.000000
vt 1.000000 1.000000
vt 0.000000 0.000000
vt 0.000000 0.000000
vt 1.000000 1.000000
vt 1.000000 0.000000
vt 0.000000 1.000000
vt 1.000000 1.000000
vt 0.000000 0.000000
vt 1.000000 0.000000
vt 0.000000 1.000000
vt 0.000000 0.000000
vt 1.000000 1.000000
vt 0.000000 1.000000
vt 1.000000 0.000000
vt 1.000000 0.000000
vt 0.000000 1.000000
vt 0.000000 0.000000
vt 1.000000 1.000000
vt 0.000000 1.000000
vt 1.000000 0.000000
vt 0.000000 0.000000
vt 1.000000 1.000000
vt 1.000000 0.000000
vt 0.000000 1.000000
vt 1.000000 1.000000
vt 0.000000 0.000000
vt 0.000000 0.000000
vt 1.000000 1.000000
vt 1.000000 0.000000
vt 0.000000 1.000000
vt 1.000000 1.000000
vt 0.000000 0.000000
vt 1.000000 0.000000
vt 0.000000 1.000000
vt 0.000000 0.000000
vt 1.000000 1.000000
vt 0.000000 1.000000
vt 1.000000 0.000000
vt 0.000000 0.000000
vt 1.000000 1.000000
vt 1.000000 0.000000
vt 0.000000 1.000000
vt 1.000000 1.000000
vt 0.000000 0.000000
vt 1.000000 0.000000
vt 0.000000 1.000000
vt 0.000000 0.000000
vt 1.000000 1.000000
vt 0.000000 1.000000
vt 1.000000 0.000000
vt 0.000000 0.000000
vt 1.000000 1.000000
vt 1.000000 0.000000
vt 0.000000 1.000000
vt 1.000000 1.000000
vt 0.000000 0.000000
vt 1.000000 0.000000
vt 0.000000 1.000000
vt 0.000000 0.000000
vt 1.000000 1.000000
vt 0.000000 1.000000
vt 1.000000 0.000000
vt 0.000000 0.000000
vt 1.000000 1.000000
vt 1.000000 0.000000
vt 0.000000 1.000000
vt 1.000000 1.000000
vt 0.000000 0.000000
vt 1.000000 0.000000
vt 0.000000 1.000000
vt 0.000000 0.000000
vt 1.000000 1.000000
vt 0.000000 1.000000
vt 1.000000 0.000000
vt 1.000000 0.000000
vt 0.000000 1.000000
vt 0.000000 0.000000
vt 1.000000 1.000000
vt 0.000000 1.000000
vt 1.000000 0.000000
vt 0.000000 0.000000
vt 1.000000 1.000000
vt 1.000000 0.000000
vt 0.000000 1.000000
vt 1.000000 1.000000
vt 0.000000 0.000000
vt 0.000000 0.000000
vt 1.000000 1.000000
vt 1.000000 0.000000
vt 0.000000 1.000000
vt 1.000000 1.000000
vt 0.000000 0.000000
vt 1.000000 0.000000
vt 0.000000 1.000000
vt 0.000000 0.000000
vt 1.000000 1.000000
vt 0.000000 1.000000
vt 1.000000 0.000000
vt 0.000000 0.000000
vt 1.000000 1.000000
vt 1.000000 0.000000
vt 0.000000 1.000000
vt 1.000000 1.000000
vt 0.000000 0.000000
vt 0.000000 0.000000
vt 1.000000 1.000000
vt 1.000000 0.000000
vt 0.000000 1.000000
vt 1.000000 1.000000
vt 0.000000 0.000000
vt 1.000000 0.000000
vt 0.000000 1.000000
vt 0.000000 0.000000
vt 1.000000 1.000000
vt 0.000000 1.000000
vt 1.000000 0.000000
vt 0.000000 0.000000
vt 1.000000 1.000000
vt 1.000000 0.000000
vt 0.000000 1.000000
vt 1.000000 1.000000
vt 0.000000 0.000000
vt 0.000000 0.000000
vt 1.000000 1.000000
vt 1.000000 0.000000
vt 0.000000 1.000000
vt 1.000000 1.000000
vt 0.000000 0.000000
vt 1.000000 0.000000
vt 0.000000 1.000000
vt 0.000000 0.000000
vt 1.000000 1.000000
vt 0.000000 1.000000
vt 1.000000 0.000000
vt 0.000000 0.000000
vt 1.000000 1.000000
vt 1.000000 0.000000
vt 0.000000 1.000000
vt 1.000000 1.000000
vt 0.000000 0.000000
vt 0.000000 0.000000
vt 1.000000 1.000000
vt 1.000000 0.000000
vt 0.000000 1.000000
vt 1.000000 1.000000
vt 0.000000 0.000000
vt 1.000000 0.000000
vt 0.000000 1.000000
vt 0.000000 0.000000
vt 1.000000 1.000000
vt 0.000000 1.000000
vt 1.000000 0.000000
vt 0.000000 0.000000
vt 1.000000 1.000000
vt 1.000000 0.000000
vt 0.000000 1.000000
vt 1.000000 1.000000
vt 0.000000 0.000000
vt 0.000000 0.000000
vt 1.000000 1.000000
vt 1.000000 0.000000
vt 0.000000 1.000000
vt 1.000000 1.000000
vt 0.000000 0.000000
vt 0.000000 0.000000
vt 1.000000 1.000000
vt 1.000000 0.000000
vt 0.000000 1.000000
vt 1.000000 1.000000
vt 0.000000 0.000000
vt 0.000000 0.000000
vt 1.000000 1.000000
vt 1.000000 0.000000
vt 0.000000 1.000000
vt 1.000000 1.000000
vt 0.000000 0.000000
vt 1.000000 0.000000
vt 0.000000 1.000000
vt 0.000000 0.000000
vt 1.000000 1.000000
vt 0.000000 1.000000
vt 1.000000 0.000000
vt 0.000000 0.000000
vt 1.000000 1.000000
vt 1.000000 0.000000
vt 0.000000 1.000000
vt 1.000000 1.000000
vt 0.000000 0.000000
vt 0.000000 0.000000
vt 1.000000 1.000000
vt 1.000000 0.000000
vt 0.000000 1.000000
vt 1.000000 1.000000
vt 0.000000 0.000000
vt 1.000000 0.000000
vt 0.000000 1.000000
vt 0.000000 0.000000
vt 1.000000 1.000000
vt 0.000000 1.000000
vt 1.000000 0.000000
vt 0.000000 0.000000
vt 1.000000 1.000000
vt 1.000000 0.000000
vt 0.000000 1.000000
vt 1.000000 1.000000
vt 0.000000 0.000000
vt 0.000000 0.000000
vt 1.000000 1.000000
vt 1.000000 0.000000
vt 0.000000 1.000000
vt 1.000000 1.000000
vt 0.000000 0.000000
vt 1.000000 0.000000
vt 0.000000 1.000000
vt 0.000000 0.000000
vt 1.000000 1.000000
vt 0.000000 1.000000
vt 1.000000 0.000000
vt 0.000000 0.000000
vt 1.000000 1.000000
vt 1.000000 0.000000
vt 0.000000 1.000000
vt 1.000000 1.000000
vt 0.000000 0.000000
vt 0.000000 0.000000
vt 1.000000 1.000000
vt 1.000000 0.000000
vt 0.000000 1.000000
vt 1.000000 1.000000
vt 0.000000 0.000000
vt 1.000000 0.000000
vt 0.000000 1.000000
vt 0.000000 0.000000
vt 1.000000 1.000000
vt 0.000000 1.000000
vt 1.000000 0.000000
vt 0.000000 0.000000
vt 1.000000 1.000000
vt 1.000000 0.000000
vt 0.000000 1.000000
vt 1.000000 1.000000
vt 0.000000 0.000000
vt 1.000000 0.000000
vt 0.000000 1.000000
vt 0.000000 0.000000
vt 1.000000 1.000000
vt 0.000000 1.000000
vt 1.000000 0.000000
vt 0.000000 0.000000
vt 1.000000 1.000000
vt 1.000000 0.000000
vt 0.000000 1.000000
vt 1.000000 1.000000
vt 0.000000 0.000000
vt 1.000000 0.000000
vt 0.000000 1.000000
vt 0.000000 0.000000
vt 1.000000 1.000000
vt 0.000000 1.000000
vt 1.000000 0.000000
vt 0.000000 0.000000
vt 1.000000 1.000000
vt 1.000000 0.000000
vt 0.000000 1.000000
vt 1.000000 1.000000
vt 0.000000 0.000000
vt 1.000000 0.000000
vt 0.000000 1.000000
vt 0.000000 0.000000
vt 1.000000 1.000000
vt 0.000000 1.000000
vt 1.000000 0.000000
vt 0.000000 0.000000
vt 1.000000 1.000000
vt 1.000000 0.000000
vt 0.000000 1.000000
vt 1.000000 1.000000
vt 0.000000 0.000000
vt 1.000000 0.000000
vt 0.000000 1.000000
vt 0.000000 0.000000
vt 1.000000 1.000000
vt 0.000000 1.000000
vt 1.000000 0.000000
vt 0.000000 0.000000
vt 1.000000 1.000000
vt 1.000000 0.000000
vt 0.000000 1.000000
vt 1.000000 1.000000
vt 0.000000 0.000000
vt 1.000000 0.000000
vt 0.000000 1.000000
vt 0.000000 0.000000
vt 1.000000 1.000000
vt 0.000000 1.000000
vt 1.000000 0.000000
vt 0.000000 0.000000
vt 1.000000 1.000000
vt 1.000000 0.000000
vt 0.000000 1.000000
vt 1.000000 1.000000
vt 0.000000 0.000000
vt 1.000000 0.000000
vt 0.000000 1.000000
vt 0.000000 0.000000
vt 1.000000 1.000000
vt 0.000000 1.000000
vt 1.000000 0.000000
vt 0.000000 0.000000
vt 1.000000 1.000000
vt 1.000000 0.000000
vt 0.000000 1.000000
vt 1.000000 1.000000
vt 0.000000 0.000000
vt 1.000000 0.000000
vt 0.000000 1.000000
vt 0.000000 0.000000
vt 1.000000 1.000000
vt 0.000000 1.000000
vt 1.000000 0.000000
vt 0.000000 0.000000
vt 1.000000 1.000000
vt 1.000000 0.000000
vt 0.000000 1.000000
vt 1.000000 1.000000
vt 0.000000 0.000000
vt 1.000000 0.000000
vt 0.000000 1.000000
vt 0.000000 0.000000
vt 1.000000 1.000000
vt 0.000000 1.000000
vt 1.000000 0.000000
vt 0.000000 0.000000
vt 1.000000 1.000000
vt 1.000000 0.000000
vt 0.000000 1.000000
vt 1.000000 1.000000
vt 0.000000 0.000000
vt 1.000000 0.000000
vt 0.000000 1.000000
vt 0.000000 0.000000
vt 1.000000 1.000000
vt 0.000000 1.000000
vt 1.000000 0.000000
vt 0.000000 0.000000
vt 1.000000 1.000000
vt 1.000000 0.000000
vt 0.000000 1.000000
vt 1.000000 1.000000
vt 0.000000 0.000000
f 6817/6817/6817 6818/6818/6818 6819/6819/6819
f 6820/6820/6820 6821/6821/6821 6822/6822/6822
f 6823/6823/6823 6824/6824/6824 6825/6825/6825
f 6826/6826/6826 6827/6827/6827 6828/6828/6828
f 6829/6829/6829 6830/6830/6830 6831/6831/6831
f 6832/6832/6832 6833/6833/6833 6834/6834/6834
f 6835/6835/6835 6836/6836/6836 6837/6837/6837
f 6838/6838/6838 6839/6839/6839 6840/6840/6840
f 6841/6841/6841 6842/6842/6842 6843/6843/6843
f 6844/6844/6844 6845/6845/6845 6846/6846/6846
f 6847/6847/6847 6848/6848/6848 6849/6849/6849
f 6850/6850/6850 6851/6851/6851 6852/6852/6852
f 6853/6853/6853 6854/6854/6854 6855/6855/6855
f 6856/6856/6856 6857/6857/6857 6858/6858/6858
f 6859/6859/6859 6860/6860/6860 6861/6861/6861
f 6862/6862/6862 6863/6863/6863 6864/6864/6864
f 6865/6865/6865 6866/6866/6866 6867/6867/6867
f 6868/6868/6868 6869/6869/6869 6870/6870/6870
f 6871/6871/6871 6872/6872/6872 6873/6873/6873
f 6874/6874/6874 6875/6875/6875 6876/6876/6876
f 6877/6877/6877 6878/6878/6878 6879/6879/6879
f 6880/6880/6880 6881/6881/6881 6882/6882/6882
f 6883/6883/6883 6884/6884/6884 6885/6885/6885
f 6886/6886/6886 6887/6887/6887 6888/6888/6888
f 6889/6889/6889 6890/6890/6890 6891/6891/6891
f 6892/6892/6892 6893/6893/6893 6894/6894/6894
f 6895/6895/6895 6896/6896/6896 6897/6897/6897
f 6898/6898/6898 6899/6899/6899 6900/6900/6900
f 6901/6901/6901 6902/6902/6902 6903/6903/6903
f 6904/6904/6904 6905/6905/6905 6906/6906/6906
f 6907/6907/6907 6908/6908/6908 6909/6909/6909
f 6910/6910/6910 6911/6911/6911 6912/6912/6912
f 6913/6913/6913 6914/6914/6914 6915/6915/6915
f 6916/6916/6916 6917/6917/6917 6918/6918/6918
f 6919/6919/6919 6920/6920/6920 6921/6921/6921
f 6922/6922/6922 6923/6923/6923 6924/6924/6924
f 6925/6925/6925 6926/6926/6926 6927/6927/6927
f 6928/6928/6928 6929/6929/6929 6930/6930/6930
f 6931/6931/6931 6932/6932/6932 6933/6933/6933
f 6934/6934/6934 6935/6935/6935 6936/6936/6936
f 6937/6937/6937 6938/6938/6938 6939/6939/6939
f 6940/6940/6940 6941/6941/6941 6942/6942/6942
f 6943/6943/6943 6944/6944/6944 6945/6945/6945
f 6946/6946/6946 6947/6947/6947 6948/6948/6948
f 6949/6949/6949 6950/6950/6950 6951/6951/6951
f 6952/6952/6952 6953/6953/6953 6954/6954/6954
f 6955/6955/6955 6956/6956/6956 6957/6957/6957
f 6958/6958/6958 6959/6959/6959 6960/6960/6960
f 6961/6961/6961 6962/6962/6962 6963/6963/6963
f 6964/6964/6964 6965/6965/6965 6966/6966/6966
f 6967/6967/6967 6968/6968/6968 6969/6969/6969
f 6970/6970/6970 6971/6971/6971 6972/6972/6972
f 6973/6973/6973 6974/6974/6974 6975/6975/6975
f 6976/6976/6976 6977/6977/6977 6978/6978/6978
f 6979/6979/6979 6980/6980/6980 6981/6981/6981
f 6982/6982/6982 6983/6983/6983 6984/6984/6984
f 6985/6985/6985 6986/6986/6986 6987/6987/6987
f 6988/6988/6988 6989/6989/6989 6990/6990/6990
f 6991/6991/6991 6992/6992/6992 6993/6993/6993
f 6994/6994/6994 6995/6995/6995 6996/6996/6996
f 6997/6997/6997 6998/6998/6998 6999/6999/6999
f 7000/7000/7000 7001/7001/7001 7002/7002/7002
f 7003/7003/7003 7004/7004/7004 7005/7005/7005
f 7006/7006/7006 7007/7007/7007 7008/7008/7008
f 7009/7009/7009 7010/7010/7010 7011/7011/7011
f 7012/7012/7012 7013/7013/7013 7014/7014/7014
f 7015/7015/7015 7016/7016/7016 7017/7017/7017
f 7018/7018/7018 7019/7019/7019 7020/7020/7020
f 7021/7021/7021 7022/7022/7022 7023/7023/7023
f 7024/7024/7024 7025/7025/7025 7026/7026/7026
f 7027/7027/7027 7028/7028/7028 7029/7029/7029
f 7030/7030/7030 7031/7031/7031 7032/7032/7032
f 7033/7033/7033 7034/7034/7034 7035/7035/7035
f 7036/7036/7036 7037/7037/7037 7038/7038/7038
f 7039/7039/7039 7040/7040/7040 7041/7041/7041
f 7042/7042/7042 7043/7043/7043 7044/7044/7044
f 7045/7045/7045 7046/7046/7046 7047/7047/7047
f 7048/7048/7048 7049/7049/7049 7050/7050/7050
f 7051/7051/7051 7052/7052/7052 7053/7053/7053
f 7054/7054/7054 7055/7055/7055 7056/7056/7056
f 7057/7057/7057 7058/7058/7058 7059/7059/7059
f 7060/7060/7060 7061/7061/7061 7062/7062/7062
f 7063/7063/7063 7064/7064/7064 7065/7065/7065
f 7066/7066/7066 7067/7067/7067 7068/7068/7068
f 7069/7069/7069 7070/7070/7070 7071/7071/7071
f 7072/7072/7072 7073/7073/7073 7074/7074/7074
f 7075/7075/7075 7076/7076/7076 7077/7077/7077
f 7078/7078/7078 7079/7079/7079 7080/7080/7080
f 7081/7081/7081 7082/7082/7082 7083/7083/7083
f 7084/7084/7084 7085/7085/7085 7086/7086/7086
f 7087/7087/7087 7088/7088/7088 7089/7089/7089
f 7090/7090/7090 7091/7091/7091 7092/7092/7092
f 7093/7093/7093 7094/7094/7094 7095/7095/7095
f 7096/7096/7096 7097/7097/7097 7098/7098/7098
f 7099/7099/7099 7100/7100/7100 7101/7101/7101
f 7102/7102/7102 7103/7103/7103 7104/7104/7104
f 7105/7105/7105 7106/7106/7106 7107/7107/7107
f 7108/7108/7108 7109/7109/7109 7110/7110/7110
f 7111/7111/7111 7112/7112/7112 7113/7113/7113
f 7114/7114/7114 7115/7115/7115 7116/7116/7116
f 7117/7117/7117 7118/7118/7118 7119/7119/7119
f 7120/7120/7120 7121/7121/7121 7122/7122/7122
f 7123/7123/7123 7124/7124/7124 7125/7125/7125
f 7126/7126/7126 7127/7127/7127 7128/7128/7128
f 7129/7129/7129 7130/7130/7130 7131/7131/7131
f 7132/7132/7132 7133/7133/7133 7134/7134/7134
f 7135/7135/7135 7136/7136/7136 7137/7137/7137
f 7138/7138/7138 7139/7139/7139 7140/7140/7140
f 7141/7141/7141 7142/7142/7142 7143/7143/7143
f 7144/7144/7144 7145/7145/7145 7146/7146/7146
f 7147/7147/7147 7148/7148/7148 7149/7149/7149
f 7150/7150/7150 7151/7151/7151 7152/7152/7152
f 7153/7153/7153 7154/7154/7154 7155/7155/7155
f 7156/7156/7156 7157/7157/7157 7158/7158/7158
f 7159/7159/7159 7160/7160/7160 7161/7161/7161
f 7162/7162/7162 7163/7163/7163 7164/7164/7164
f 7165/7165/7165 7166/7166/7166 7167/7167/7167
f 7168/7168/7168 7169/7169/7169 7170/7170/7170
f 7171/7171/7171 7172/7172/7172 7173/7173/7173
f 7174/7174/7174 7175/7175/7175 7176/7176/7176
f 7177/7177/7177 7178/7178/7178 7179/7179/7179
f 7180/7180/7180 7181/7181/7181 7182/7182/7182
f 7183/7183/7183 7184/7184/7184 7185/7185/7185
f 7186/7186/7186 7187/7187/7187 7188/7188/7188
f 7189/7189/7189 7190/7190/7190 7191/7191/7191
f 7192/7192/7192 7193/7193/7193 7194/7194/7194
f 7195/7195/7195 7196/7196/7196 7197/7197/7197
f 7198/7198/7198 7199/7199/7199 7200/7200/7200
f 7201/7201/7201 7202/7202/7202 7203/7203/7203
f 7204/7204/7204 7205/7205/7205 7206/7206/7206
f 7207/7207/7207 7208/7208/7208 7209/7209/7209
f 7210/7210/7210 7211/7211/7211 7212/7212/7212
f 7213/7213/7213 7214/7214/7214 7215/7215/7215
f 7216/7216/7216 7217/7217/7217 7218/7218/7218
f 7219/7219/7219 7220/7220/7220 7221/7221/7221
f 7222/7222/7222 7223/7223/7223 7224/7224/7224
f 7225/7225/7225 7226/7226/7226 7227/7227/7227
f 7228/7228/7228 7229/7229/7229 7230/7230/7230
f 7231/7231/7231 7232/7232/7232 7233/7233/7233
f 7234/7234/7234 7235/7235/7235 7236/7236/7236
f 7237/7237/7237 7238/7238/7238 7239/7239/7239
f 7240/7240/7240 7241/7241/7241 7242/7242/7242
f 7243/7243/7243 7244/7244/7244 7245/7245/7245
f 7246/7246/7246 7247/7247/7247 7248/7248/7248
f 7249/7249/7249 7250/7250/7250 7251/7251/7251
f 7252/7252/7252 7253/7253/7253 7254/7254/7254
f 7255/7255/7255 7256/7256/7256 7257/7257/7257
f 7258/7258/7258 7259/7259/7259 7260/7260/7260
f 7261/7261/7261 7262/7262/7262 7263/7263/7263
f 7264/7264/7264 7265/7265/7265 7266/7266/7266
f 7267/7267/7267 7268/7268/7268 7269/7269/7269
f 7270/7270/7270 7271/7271/7271 7272/7272/7272
f 7273/7273/7273 7274/7274/7274 7275/7275/7275
f 7276/7276/7276 7277/7277/7277 7278/7278/7278
f 7279/7279/7279 7280/7280/7280 7281/7281/7281
f 7282/7282/7282 7283/7283/7283 7284/7284/7284
f 7285/7285/7285 7286/7286/7286 7287/7287/7287
f 7288/7288/7288 7289/7289/7289 7290/7290/7290
f 7291/7291/7291 7292/7292/7292 7293/7293/7293
f 7294/7294/7294 7295/7295/7295 7296/7296/7296
f 7297/7297/7297 7298/7298/7298 7299/7299/7299
f 7300/7300/7300 7301/7301/7301 7302/7302/7302
f 7303/7303/7303 7304/7304/7304 7305/7305/7305
f 7306/7306/7306 7307/7307/7307 7308/7308/7308
f 7309/7309/7309 7310/7310/7310 7311/7311/7311
f 7312/7312/7312 7313/7313/7313 7314/7314/7314
f 7315/7315/7315 7316/7316/7316 7317/7317/7317
f 7318/7318/7318 7319/7319/7319 7320/7320/7320
f 7321/7321/7321 7322/7322/7322 7323/7323/7323
f 7324/7324/7324 7325/7325/7325 7326/7326/7326
f 7327/7327/7327 7328/7328/7328 7329/7329/7329
f 7330/7330/7330 7331/7331/7331 7332/7332/7332
f 7333/7333/7333 7334/7334/7334 7335/7335/7335
f 7336/7336/7336 7337/7337/7337 7338/7338/7338
f 7339/7339/7339 7340/7340/7340 7341/7341/7341
f 7342/7342/7342 7343/7343/7343 7344/7344/7344
f 7345/7345/7345 7346/7346/7346 7347/7347/7347
f 7348/7348/7348 7349/7349/7349 7350/7350/7350
f 7351/7351/7351 7352/7352/7352 7353/7353/7353
f 7354/7354/7354 7355/7355/7355 7356/7356/7356
f 7357/7357/7357 7358/7358/7358 7359/7359/7359
f 7360/7360/7360 7361/7361/7361 7362/7362/7362
f 7363/7363/7363 7364/7364/7364 7365/7365/7365
f 7366/7366/7366 7367/7367/7367 7368/7368/7368
f 7369/7369/7369 7370/7370/7370 7371/7371/7371
f 7372/7372/7372 7373/7373/7373 7374/7374/7374
g face_texture_14
usemtl tex_14
v -315.981221 16.553991 -478.807512
v -330.215962 21.380282 -504.375587
v -336.413146 16.553991 -489.380282
v -308.572770 21.380282 -492.591549
v -330.215962 21.380282 -504.375587
v -315.981221 16.553991 -478.807512
v -295.549296 16.553991 -468.234742
v -308.572770 21.380282 -492.591549
v -315.981221 16.553991 -478.807512
v -286.929577 21.380282 -480.798122
v -308.572770 21.380282 -492.591549
v -295.549296 16.553991 -468.234742
v -323.201878 12.638498 -464.629108
v -336.413146 16.553991 -489.380282
v -342.413146 12.638498 -473.962441
v -315.981221 16.553991 -478.807512
v -336.413146 16.553991 -489.380282
v -323.201878 12.638498 -464.629108
v -303.990610 12.638498 -455.295775
v -315.981221 16.553991 -478.807512
v -323.201878 12.638498 -464.629108
v -295.549296 16.553991 -468.234742
v -315.981221 16.553991 -478.807512
v -303.990610 12.638498 -455.295775
v -330.112676 9.380282 -450.140845
v -342.413146 12.638498 -473.962441
v -348.093897 9.380282 -458.215962
v -323.201878 12.638498 -464.629108
v -342.413146 12.638498 -473.962441
v -330.112676 9.380282 -450.140845
v -312.122066 9.380282 -442.056338
v -323.201878 12.638498 -464.629108
v -330.112676 9.380282 -450.140845
v -303.990610 12.638498 -455.295775
v -323.201878 12.638498 -464.629108
v -312.122066 9.380282 -442.056338
v -336.600939 6.676056 -435.342723
v -348.093897 9.380282 -458.215962
v -353.342723 6.676056 -442.150235
v -330.112676 9.380282 -450.140845
v -348.093897 9.380282 -458.215962
v -336.600939 6.676056 -435.342723
v -319.859155 6.676056 -428.525822
v -330.112676 9.380282 -450.140845
v -336.600939 6.676056 -435.342723
v -312.122066 9.380282 -442.056338
v -330.112676 9.380282 -450.140845
v -319.859155 6.676056 -428.525822
v -342.553991 4.441315 -420.244131
v -353.342723 6.676056 -442.150235
v -358.028169 4.441315 -425.765258
v -336.600939 6.676056 -435.342723
v -353.342723 6.676056 -442.150235
v -342.553991 4.441315 -420.244131
v -327.079812 4.441315 -414.723005
v -336.600939 6.676056 -435.342723
v -342.553991 4.441315 -420.244131
v -319.859155 6.676056 -428.525822
v -336.600939 6.676056 -435.342723
v -327.079812 4.441315 -414.723005
v 312.751174 4.685446 -361.014085
v 298.995305 14.075117 -353.361502
v 310.967136 14.075117 -363.530516
v 301.145540 4.685446 -351.117371
v 298.995305 14.075117 -353.361502
v 312.751174 4.685446 -361.014085
v 296.629108 14.084507 -382.516432
v 280.713615 4.694836 -371.089202
v 294.845070 4.694836 -385.042254
v 282.863850 14.084507 -368.835681
v 280.713615 4.694836 -371.089202
v 296.629108 14.084507 -382.516432
v 325.887324 4.685446 -369.267606
v 310.967136 14.075117 -363.530516
v 324.422535 14.075117 -371.971831
v 312.751174 4.685446 -361.014085
v 310.967136 14.075117 -363.530516
v 325.887324 4.685446 -369.267606
v 313.483568 14.084507 -391.446009
v 294.845070 4.694836 -385.042254
v 312.018779 4.694836 -394.150235
v 296.629108 14.084507 -382.516432
v 294.845070 4.694836 -385.042254
v 313.483568 14.084507 -391.446009
v 619.708920 6.244131 -836.281690
v 647.643192 9.868545 -820.309859
v 646.000000 6.244131 -836.281690
v 619.708920 9.868545 -820.309859
v 647.643192 9.868545 -820.309859
v 619.708920 6.244131 -836.281690
v 593.417840 6.244131 -836.281690
v 619.708920 9.868545 -820.309859
v 619.708920 6.244131 -836.281690
v 591.774648 9.868545 -820.309859
v 619.708920 9.868545 -820.309859
v 593.417840 6.244131 -836.281690
v 619.708920 3.727700 -852.469484
v 646.000000 6.244131 -836.281690
v 644.356808 3.727700 -852.469484
v 619.708920 6.244131 -836.281690
v 646.000000 6.244131 -836.281690
v 619.708920 3.727700 -852.469484
v 595.061033 3.727700 -852.469484
v 619.708920 6.244131 -836.281690
v 619.708920 3.727700 -852.469484
v 593.417840 6.244131 -836.281690
v 619.708920 6.244131 -836.281690
v 595.061033 3.727700 -852.469484
v 619.708920 1.943662 -868.760563
v 644.356808 3.727700 -852.469484
v 642.713615 1.943662 -868.760563
v 619.708920 3.727700 -852.469484
v 644.356808 3.727700 -852.469484
v 619.708920 1.943662 -868.760563
v 596.704225 1.943662 -868.760563
v 619.708920 3.727700 -852.469484
v 619.708920 1.943662 -868.760563
v 595.061033 3.727700 -852.469484
v 619.708920 3.727700 -852.469484
v 596.704225 1.943662 -868.760563
v 619.708920 0.779343 -885.098592
v 642.713615 1.943662 -868.760563
v 641.070423 0.779343 -885.098592
v 619.708920 1.943662 -868.760563
v 642.713615 1.943662 -868.760563
v 619.708920 0.779343 -885.098592
v 598.347418 0.779343 -885.098592
v 619.708920 1.943662 -868.760563
v 619.708920 0.779343 -885.098592
v 596.704225 1.943662 -868.760563
v 619.708920 1.943662 -868.760563
v 598.347418 0.779343 -885.098592
v 619.708920 0.150235 -901.474178
v 641.070423 0.779343 -885.098592
v 639.427230 0.150235 -901.474178
v 619.708920 0.779343 -885.098592
v 641.070423 0.779343 -885.098592
v 619.708920 0.150235 -901.474178
v 599.990610 0.150235 -901.474178
v 619.708920 0.779343 -885.098592
v 619.708920 0.150235 -901.474178
v 598.347418 0.779343 -885.098592
v 619.708920 0.779343 -885.098592
v 599.990610 0.150235 -901.474178
vn -0.135254 0.955566 0.261475
vn -0.135254 0.955566 0.261475
vn -0.135254 0.955566 0.261475
vn -0.135254 0.955566 0.261475
vn -0.135254 0.955566 0.261475
vn -0.135254 0.955566 0.261475
vn -0.139404 0.952637 0.269531
vn -0.139404 0.952637 0.269531
vn -0.139404 0.952637 0.269531
vn -0.139404 0.952637 0.269531
vn -0.139404 0.952637 0.269531
vn -0.139404 0.952637 0.269531
vn -0.104492 0.970703 0.215332
vn -0.104492 0.970703 0.215332
vn -0.104492 0.970703 0.215332
vn -0.104492 0.970703 0.215332
vn -0.104492 0.970703 0.215332
vn -0.104492 0.970703 0.215332
vn -0.108398 0.968506 0.223145
vn -0.108398 0.968506 0.223145
vn -0.108398 0.968506 0.223145
vn -0.108398 0.968506 0.223145
vn -0.108398 0.968506 0.223145
vn -0.108398 0.968506 0.223145
vn -0.081299 0.979980 0.180908
vn -0.081299 0.979980 0.180908
vn -0.081299 0.979980 0.180908
vn -0.081299 0.979980 0.180908
vn -0.081299 0.979980 0.180908
vn -0.081299 0.979980 0.180908
vn -0.084473 0.978271 0.188232
vn -0.084473 0.978271 0.188232
vn -0.084473 0.978271 0.188232
vn -0.084473 0.978271 0.188232
vn -0.084473 0.978271 0.188232
vn -0.084473 0.978271 0.188232
vn -0.062256 0.986084 0.152832
vn -0.062256 0.986084 0.152832
vn -0.062256 0.986084 0.152832
vn -0.062256 0.986084 0.152832
vn -0.062256 0.986084 0.152832
vn -0.062256 0.986084 0.152832
vn -0.064941 0.984863 0.159668
vn -0.064941 0.984863 0.159668
vn -0.064941 0.984863 0.159668
vn -0.064941 0.984863 0.159668
vn -0.064941 0.984863 0.159668
vn -0.064941 0.984863 0.159668
vn -0.045654 0.990479 0.128174
vn -0.045654 0.990479 0.128174
vn -0.045654 0.990479 0.128174
vn -0.045654 0.990479 0.128174
vn -0.045654 0.990479 0.128174
vn -0.045654 0.990479 0.128174
vn -0.047852 0.989502 0.134766
vn -0.047852 0.989502 0.134766
vn -0.047852 0.989502 0.134766
vn -0.047852 0.989502 0.134766
vn -0.047852 0.989502 0.134766
vn -0.047852 0.989502 0.134766
vn -0.616211 -0.311279 -0.723145
vn -0.616211 -0.311279 -0.723145
vn -0.616211 -0.311279 -0.723145
vn -0.616211 -0.311279 -0.723145
vn -0.616211 -0.311279 -0.723145
vn -0.616211 -0.311279 -0.723145
vn 0.669922 -0.309082 0.674561
vn 0.669922 -0.309082 0.674561
vn 0.669922 -0.309082 0.674561
vn 0.669922 -0.309082 0.674561
vn 0.669922 -0.309082 0.674561
vn 0.669922 -0.309082 0.674561
vn -0.505615 -0.310547 -0.804688
vn -0.505615 -0.310547 -0.804688
vn -0.505615 -0.310547 -0.804688
vn -0.505615 -0.310547 -0.804688
vn -0.505615 -0.310547 -0.804688
vn -0.505615 -0.310547 -0.804688
vn 0.444580 -0.311523 0.839600
vn 0.444580 -0.311523 0.839600
vn 0.444580 -0.311523 0.839600
vn 0.444580 -0.311523 0.839600
vn 0.444580 -0.311523 0.839600
vn 0.444580 -0.311523 0.839600
vn 0.000000 0.975098 -0.221191
vn 0.000000 0.975098 -0.221191
vn 0.000000 0.975098 -0.221191
vn 0.000000 0.975098 -0.221191
vn 0.000000 0.975098 -0.221191
vn 0.000000 0.975098 -0.221191
vn 0.000000 0.975098 -0.221191
vn 0.000000 0.975098 -0.221191
vn 0.000000 0.975098 -0.221191
vn 0.000000 0.975098 -0.221191
vn 0.000000 0.975098 -0.221191
vn 0.000000 0.975098 -0.221191
vn 0.000000 0.988037 -0.153564
vn 0.000000 0.988037 -0.153564
vn 0.000000 0.988037 -0.153564
vn 0.000000 0.988037 -0.153564
vn 0.000000 0.988037 -0.153564
vn 0.000000 0.988037 -0.153564
vn 0.000000 0.988037 -0.153564
vn 0.000000 0.988037 -0.153564
vn 0.000000 0.988037 -0.153564
vn 0.000000 0.988037 -0.153564
vn 0.000000 0.988037 -0.153564
vn 0.000000 0.988037 -0.153564
vn 0.000000 0.993896 -0.108398
vn 0.000000 0.993896 -0.108398
vn 0.000000 0.993896 -0.108398
vn 0.000000 0.993896 -0.108398
vn 0.000000 0.993896 -0.108398
vn 0.000000 0.993896 -0.108398
vn 0.000000 0.993896 -0.108398
vn 0.000000 0.993896 -0.108398
vn 0.000000 0.993896 -0.108398
vn 0.000000 0.993896 -0.108398
vn 0.000000 0.993896 -0.108398
vn 0.000000 0.993896 -0.108398
vn 0.000000 0.997314 -0.071045
vn 0.000000 0.997314 -0.071045
vn 0.000000 0.997314 -0.071045
vn 0.000000 0.997314 -0.071045
vn 0.000000 0.997314 -0.071045
vn 0.000000 0.997314 -0.071045
vn 0.000000 0.997314 -0.071045
vn 0.000000 0.997314 -0.071045
vn 0.000000 0.997314 -0.071045
vn 0.000000 0.997314 -0.071045
vn 0.000000 0.997314 -0.071045
vn 0.000000 0.997314 -0.071045
vn 0.000000 0.999023 -0.038574
vn 0.000000 0.999023 -0.038574
vn 0.000000 0.999023 -0.038574
vn 0.000000 0.999023 -0.038574
vn 0.000000 0.999023 -0.038574
vn 0.000000 0.999023 -0.038574
vn 0.000000 0.999023 -0.038574
vn 0.000000 0.999023 -0.038574
vn 0.000000 0.999023 -0.038574
vn 0.000000 0.999023 -0.038574
vn 0.000000 0.999023 -0.038574
vn 0.000000 0.999023 -0.038574
vt 1.000000 0.000000
vt 0.000000 1.000000
vt 0.000000 0.000000
vt 1.000000 1.000000
vt 0.000000 1.000000
vt 1.000000 0.000000
vt 0.000000 0.000000
vt 1.000000 1.000000
vt 1.000000 0.000000
vt 0.000000 1.000000
vt 1.000000 1.000000
vt 0.000000 0.000000
vt 1.000000 0.000000
vt 0.000000 1.000000
vt 0.000000 0.000000
vt 1.000000 1.000000
vt 0.000000 1.000000
vt 1.000000 0.000000
vt 0.000000 0.000000
vt 1.000000 1.000000
vt 1.000000 0.000000
vt 0.000000 1.000000
vt 1.000000 1.000000
vt 0.000000 0.000000
vt 1.000000 0.000000
vt 0.000000 1.000000
vt 0.000000 0.000000
vt 1.000000 1.000000
vt 0.000000 1.000000
vt 1.000000 0.000000
vt 0.000000 0.000000
vt 1.000000 1.000000
vt 1.000000 0.000000
vt 0.000000 1.000000
vt 1.000000 1.000000
vt 0.000000 0.000000
vt 1.000000 0.000000
vt 0.000000 1.000000
vt 0.000000 0.000000
vt 1.000000 1.000000
vt 0.000000 1.000000
vt 1.000000 0.000000
vt 0.000000 0.000000
vt 1.000000 1.000000
vt 1.000000 0.000000
vt 0.000000 1.000000
vt 1.000000 1.000000
vt 0.000000 0.000000
vt 1.000000 0.000000
vt 0.000000 1.000000
vt 0.000000 0.000000
vt 1.000000 1.000000
vt 0.000000 1.000000
vt 1.000000 0.000000
vt 0.000000 0.000000
vt 1.000000 1.000000
vt 1.000000 0.000000
vt 0.000000 1.000000
vt 1.000000 1.000000
vt 0.000000 0.000000
vt 1.000000 0.000000
vt 0.000000 1.000000
vt 0.000000 0.000000
vt 1.000000 1.000000
vt 0.000000 1.000000
vt 1.000000 0.000000
vt 0.000000 0.000000
vt 1.000000 1.000000
vt 1.000000 0.000000
vt 0.000000 1.000000
vt 1.000000 1.000000
vt 0.000000 0.000000
vt 1.000000 0.000000
vt 0.000000 1.000000
vt 0.000000 0.000000
vt 1.000000 1.000000
vt 0.000000 1.000000
vt 1.000000 0.000000
vt 0.000000 0.000000
vt 1.000000 1.000000
vt 1.000000 0.000000
vt 0.000000 1.000000
vt 1.000000 1.000000
vt 0.000000 0.000000
vt 1.000000 0.000000
vt 0.000000 1.000000
vt 0.000000 0.000000
vt 1.000000 1.000000
vt 0.000000 1.000000
vt 1.000000 0.000000
vt 0.000000 0.000000
vt 1.000000 1.000000
vt 1.000000 0.000000
vt 0.000000 1.000000
vt 1.000000 1.000000
vt 0.000000 0.000000
vt 1.000000 0.000000
vt 0.000000 1.000000
vt 0.000000 0.000000
vt 1.000000 1.000000
vt 0.000000 1.000000
vt 1.000000 0.000000
vt 0.000000 0.000000
vt 1.000000 1.000000
vt 1.000000 0.000000
vt 0.000000 1.000000
vt 1.000000 1.000000
vt 0.000000 0.000000
vt 1.000000 0.000000
vt 0.000000 1.000000
vt 0.000000 0.000000
vt 1.000000 1.000000
vt 0.000000 1.000000
vt 1.000000 0.000000
vt 0.000000 0.000000
vt 1.000000 1.000000
vt 1.000000 0.000000
vt 0.000000 1.000000
vt 1.000000 1.000000
vt 0.000000 0.000000
vt 1.000000 0.000000
vt 0.000000 1.000000
vt 0.000000 0.000000
vt 1.000000 1.000000
vt 0.000000 1.000000
vt 1.000000 0.000000
vt 0.000000 0.000000
vt 1.000000 1.000000
vt 1.000000 0.000000
vt 0.000000 1.000000
vt 1.000000 1.000000
vt 0.000000 0.000000
vt 1.000000 0.000000
vt 0.000000 1.000000
vt 0.000000 0.000000
vt 1.000000 1.000000
vt 0.000000 1.000000
vt 1.000000 0.000000
vt 0.000000 0.000000
vt 1.000000 1.000000
vt 1.000000 0.000000
vt 0.000000 1.000000
vt 1.000000 1.000000
vt 0.000000 0.000000
f 7375/7375/7375 7376/7376/7376 7377/7377/7377
f 7378/7378/7378 7379/7379/7379 7380/7380/7380
f 7381/7381/7381 7382/7382/7382 7383/7383/7383
f 7384/7384/7384 7385/7385/7385 7386/7386/7386
f 7387/7387/7387 7388/7388/7388 7389/7389/7389
f 7390/7390/7390 7391/7391/7391 7392/7392/7392
f 7393/7393/7393 7394/7394/7394 7395/7395/7395
f 7396/7396/7396 7397/7397/7397 7398/7398/7398
f 7399/7399/7399 7400/7400/7400 7401/7401/7401
f 7402/7402/7402 7403/7403/7403 7404/7404/7404
f 7405/7405/7405 7406/7406/7406 7407/7407/7407
f 7408/7408/7408 7409/7409/7409 7410/7410/7410
f 7411/7411/7411 7412/7412/7412 7413/7413/7413
f 7414/7414/7414 7415/7415/7415 7416/7416/7416
f 7417/7417/7417 7418/7418/7418 7419/7419/7419
f 7420/7420/7420 7421/7421/7421 7422/7422/7422
f 7423/7423/7423 7424/7424/7424 7425/7425/7425
f 7426/7426/7426 7427/7427/7427 7428/7428/7428
f 7429/7429/7429 7430/7430/7430 7431/7431/7431
f 7432/7432/7432 7433/7433/7433 7434/7434/7434
f 7435/7435/7435 7436/7436/7436 7437/7437/7437
f 7438/7438/7438 7439/7439/7439 7440/7440/7440
f 7441/7441/7441 7442/7442/7442 7443/7443/7443
f 7444/7444/7444 7445/7445/7445 7446/7446/7446
f 7447/7447/7447 7448/7448/7448 7449/7449/7449
f 7450/7450/7450 7451/7451/7451 7452/7452/7452
f 7453/7453/7453 7454/7454/7454 7455/7455/7455
f 7456/7456/7456 7457/7457/7457 7458/7458/7458
f 7459/7459/7459 7460/7460/7460 7461/7461/7461
f 7462/7462/7462 7463/7463/7463 7464/7464/7464
f 7465/7465/7465 7466/7466/7466 7467/7467/7467
f 7468/7468/7468 7469/7469/7469 7470/7470/7470
f 7471/7471/7471 7472/7472/7472 7473/7473/7473
f 7474/7474/7474 7475/7475/7475 7476/7476/7476
f 7477/7477/7477 7478/7478/7478 7479/7479/7479
f 7480/7480/7480 7481/7481/7481 7482/7482/7482
f 7483/7483/7483 7484/7484/7484 7485/7485/7485
f 7486/7486/7486 7487/7487/7487 7488/7488/7488
f 7489/7489/7489 7490/7490/7490 7491/7491/7491
f 7492/7492/7492 7493/7493/7493 7494/7494/7494
f 7495/7495/7495 7496/7496/7496 7497/7497/7497
f 7498/7498/7498 7499/7499/7499 7500/7500/7500
f 7501/7501/7501 7502/7502/7502 7503/7503/7503
f 7504/7504/7504 7505/7505/7505 7506/7506/7506
f 7507/7507/7507 7508/7508/7508 7509/7509/7509
f 7510/7510/7510 7511/7511/7511 7512/7512/7512
f 7513/7513/7513 7514/7514/7514 7515/7515/7515
f 7516/7516/7516 7517/7517/7517 7518/7518/7518
g face_texture_15
usemtl tex_15
v -356.807512 0.000000 -307.615023
v -373.239437 0.000000 -324.000000
v -373.239437 0.000000 -307.615023
v -356.807512 0.000000 -324.000000
v -373.239437 0.000000 -324.000000
v -356.807512 0.000000 -307.615023
v -340.375587 0.000000 -274.845070
v -356.807512 0.000000 -291.230047
v -356.807512 0.000000 -274.845070
v -340.375587 0.000000 -291.230047
v -356.807512 0.000000 -291.230047
v -340.375587 0.000000 -274.845070
v -356.807512 0.000000 -258.460094
v -373.239437 0.000000 -274.845070
v -373.239437 0.000000 -258.460094
v -356.807512 0.000000 -274.845070
v -373.239437 0.000000 -274.845070
v -356.807512 0.000000 -258.460094
v -340.375587 0.000000 -225.690141
v -356.807512 0.000000 -242.075117
v -356.807512 0.000000 -225.690141
v -340.375587 0.000000 -242.075117
v -356.807512 0.000000 -242.075117
v -340.375587 0.000000 -225.690141
v -356.807512 0.000000 -209.305164
v -373.239437 0.000000 -225.690141
v -373.239437 0.000000 -209.305164
v -356.807512 0.000000 -225.690141
v -373.239437 0.000000 -225.690141
v -356.807512 0.000000 -209.305164
v -340.375587 0.000000 -176.535211
v -356.807512 0.000000 -192.920188
v -356.807512 0.000000 -176.535211
v -340.375587 0.000000 -192.920188
v -356.807512 0.000000 -192.920188
v -340.375587 0.000000 -176.535211
v -340.375587 0.000000 -127.380282
v -356.807512 0.000000 -143.765258
v -356.807512 0.000000 -127.380282
v -340.375587 0.000000 -143.765258
v -356.807512 0.000000 -143.765258
v -340.375587 0.000000 -127.380282
vn 0.000000 1.000000 0.000000
vn 0.000000 1.000000 0.000000
vn 0.000000 1.000000 0.000000
vn 0.000000 1.000000 0.000000
vn 0.000000 1.000000 0.000000
vn 0.000000 1.000000 0.000000
vn 0.000000 1.000000 0.000000
vn 0.000000 1.000000 0.000000
vn 0.000000 1.000000 0.000000
vn 0.000000 1.000000 0.000000
vn 0.000000 1.000000 0.000000
vn 0.000000 1.000000 0.000000
vn 0.000000 1.000000 0.000000
vn 0.000000 1.000000 0.000000
vn 0.000000 1.000000 0.000000
vn 0.000000 1.000000 0.000000
vn 0.000000 1.000000 0.000000
vn 0.000000 1.000000 0.000000
vn 0.000000 1.000000 0.000000
vn 0.000000 1.000000 0.000000
vn 0.000000 1.000000 0.000000
vn 0.000000 1.000000 0.000000
vn 0.000000 1.000000 0.000000
vn 0.000000 1.000000 0.000000
vn 0.000000 1.000000 0.000000
vn 0.000000 1.000000 0.000000
vn 0.000000 1.000000 0.000000
vn 0.000000 1.000000 0.000000
vn 0.000000 1.000000 0.000000
vn 0.000000 1.000000 0.000000
vn 0.000000 1.000000 0.000000
vn 0.000000 1.000000 0.000000
vn 0.000000 1.000000 0.000000
vn 0.000000 1.000000 0.000000
vn 0.000000 1.000000 0.000000
vn 0.000000 1.000000 0.000000
vn 0.000000 1.000000 0.000000
vn 0.000000 1.000000 0.000000
vn 0.000000 1.000000 0.000000
vn 0.000000 1.000000 0.000000
vn 0.000000 1.000000 0.000000
vn 0.000000 1.000000 0.000000
vt 0.000000 0.000000
vt 1.000000 1.000000
vt 1.000000 0.000000
vt 0.000000 1.000000
vt 1.000000 1.000000
vt 0.000000 0.000000
vt 0.000000 0.000000
vt 1.000000 1.000000
vt 1.000000 0.000000
vt 0.000000 1.000000
vt 1.000000 1.000000
vt 0.000000 0.000000
vt 0.000000 0.000000
vt 1.000000 1.000000
vt 1.000000 0.000000
vt 0.000000 1.000000
vt 1.000000 1.000000
vt 0.000000 0.000000
vt 0.000000 0.000000
vt 1.000000 1.000000
vt 1.000000 0.000000
vt 0.000000 1.000000
vt 1.000000 1.000000
vt 0.000000 0.000000
vt 0.000000 0.000000
vt 1.000000 1.000000
vt 1.000000 0.000000
vt 0.000000 1.000000
vt 1.000000 1.000000
vt 0.000000 0.000000
vt 0.000000 0.000000
vt 1.000000 1.000000
vt 1.000000 0.000000
vt 0.000000 1.000000
vt 1.000000 1.000000
vt 0.000000 0.000000
vt 0.000000 0.000000
vt 1.000000 1.000000
vt 1.000000 0.000000
vt 0.000000 1.000000
vt 1.000000 1.000000
vt 0.000000 0.000000
f 7519/7519/7519 7520/7520/7520 7521/7521/7521
f 7522/7522/7522 7523/7523/7523 7524/7524/7524
f 7525/7525/7525 7526/7526/7526 7527/7527/7527
f 7528/7528/7528 7529/7529/7529 7530/7530/7530
f 7531/7531/7531 7532/7532/7532 7533/7533/7533
f 7534/7534/7534 7535/7535/7535 7536/7536/7536
f 7537/7537/7537 7538/7538/7538 7539/7539/7539
f 7540/7540/7540 7541/7541/7541 7542/7542/7542
f 7543/7543/7543 7544/7544/7544 7545/7545/7545
f 7546/7546/7546 7547/7547/7547 7548/7548/7548
f 7549/7549/7549 7550/7550/7550 7551/7551/7551
f 7552/7552/7552 7553/7553/7553 7554/7554/7554
f 7555/7555/7555 7556/7556/7556 7557/7557/7557
f 7558/7558/7558 7559/7559/7559 7560/7560/7560
g face_texture_16
usemtl tex_16
v -373.239437 0.000000 -45.464789
v -377.934272 4.685446 -61.840376
v -377.934272 4.685446 -45.464789
v -373.239437 0.000000 -61.840376
v -377.934272 4.685446 -61.840376
v -373.239437 0.000000 -45.464789
v -356.807512 0.000000 -45.464789
v -373.239437 0.000000 -61.840376
v -373.239437 0.000000 -45.464789
v -356.807512 0.000000 -61.840376
v -373.239437 0.000000 -61.840376
v -356.807512 0.000000 -45.464789
v -340.375587 0.000000 -45.464789
v -356.807512 0.000000 -61.840376
v -356.807512 0.000000 -45.464789
v -340.375587 0.000000 -61.840376
v -356.807512 0.000000 -61.840376
v -340.375587 0.000000 -45.464789
v -335.680751 4.685446 -45.464789
v -340.375587 0.000000 -61.840376
v -340.375587 0.000000 -45.464789
v -335.680751 4.685446 -61.840376
v -340.375587 0.000000 -61.840376
v -335.680751 4.685446 -45.464789
v -373.239437 0.000000 -29.079812
v -377.934272 4.685446 -45.464789
v -377.934272 4.685446 -29.079812
v -373.239437 0.000000 -45.464789
v -377.934272 4.685446 -45.464789
v -373.239437 0.000000 -29.079812
v -356.807512 0.000000 -29.079812
v -373.239437 0.000000 -45.464789
v -373.239437 0.000000 -29.079812
v -356.807512 0.000000 -45.464789
v -373.239437 0.000000 -45.464789
v -356.807512 0.000000 -29.079812
v -340.375587 0.000000 -29.079812
v -356.807512 0.000000 -45.464789
v -356.807512 0.000000 -29.079812
v -340.375587 0.000000 -45.464789
v -356.807512 0.000000 -45.464789
v -340.375587 0.000000 -29.079812
v -335.680751 4.685446 -29.079812
v -340.375587 0.000000 -45.464789
v -340.375587 0.000000 -29.079812
v -335.680751 4.685446 -45.464789
v -340.375587 0.000000 -45.464789
v -335.680751 4.685446 -29.079812
vn 0.707031 0.707031 0.000000
vn 0.707031 0.707031 0.000000
vn 0.707031 0.707031 0.000000
vn 0.707031 0.707031 0.000000
vn 0.707031 0.707031 0.000000
vn 0.707031 0.707031 0.000000
vn 0.000000 1.000000 0.000000
vn 0.000000 1.000000 0.000000
vn 0.000000 1.000000 0.000000
vn 0.000000 1.000000 0.000000
vn 0.000000 1.000000 0.000000
vn 0.000000 1.000000 0.000000
vn 0.000000 1.000000 0.000000
vn 0.000000 1.000000 0.000000
vn 0.000000 1.000000 0.000000
vn 0.000000 1.000000 0.000000
vn 0.000000 1.000000 0.000000
vn 0.000000 1.000000 0.000000
vn -0.707031 0.707031 0.000000
vn -0.707031 0.707031 0.000000
vn -0.707031 0.707031 0.000000
vn -0.707031 0.707031 0.000000
vn -0.707031 0.707031 0.000000
vn -0.707031 0.707031 0.000000
vn 0.707031 0.707031 0.000000
vn 0.707031 0.707031 0.000000
vn 0.707031 0.707031 0.000000
vn 0.707031 0.707031 0.000000
vn 0.707031 0.707031 0.000000
vn 0.707031 0.707031 0.000000
vn 0.000000 1.000000 0.000000
vn 0.000000 1.000000 0.000000
vn 0.000000 1.000000 0.000000
vn 0.000000 1.000000 0.000000
vn 0.000000 1.000000 0.000000
vn 0.000000 1.000000 0.000000
vn 0.000000 1.000000 0.000000
vn 0.000000 1.000000 0.000000
vn 0.000000 1.000000 0.000000
vn 0.000000 1.000000 0.000000
vn 0.000000 1.000000 0.000000
vn 0.000000 1.000000 0.000000
vn -0.707031 0.707031 0.000000
vn -0.707031 0.707031 0.000000
vn -0.707031 0.707031 0.000000
vn -0.707031 0.707031 0.000000
vn -0.707031 0.707031 0.000000
vn -0.707031 0.707031 0.000000
vt 0.000000 0.000000
vt 1.000000 1.000000
vt 1.000000 0.000000
vt 0.000000 1.000000
vt 1.000000 1.000000
vt 0.000000 0.000000
vt 0.000000 0.000000
vt 1.000000 1.000000
vt 1.000000 0.000000
vt 0.000000 1.000000
vt 1.000000 1.000000
vt 0.000000 0.000000
vt 0.000000 0.000000
vt 1.000000 1.000000
vt 1.000000 0.000000
vt 0.000000 1.000000
vt 1.000000 1.000000
vt 0.000000 0.000000
vt 0.000000 0.000000
vt 1.000000 1.000000
vt 1.000000 0.000000
vt 0.000000 1.000000
vt 1.000000 1.000000
vt 0.000000 0.000000
vt 0.000000 0.000000
vt 1.000000 1.000000
vt 1.000000 0.000000
vt 0.000000 1.000000
vt 1.000000 1.000000
vt 0.000000 0.000000
vt 0.000000 0.000000
vt 1.000000 1.000000
vt 1.000000 0.000000
vt 0.000000 1.000000
vt 1.000000 1.000000
vt 0.000000 0.000000
vt 0.000000 0.000000
vt 1.000000 1.000000
vt 1.000000 0.000000
vt 0.000000 1.000000
vt 1.000000 1.000000
vt 0.000000 0.000000
vt 0.000000 0.000000
vt 1.000000 1.000000
vt 1.000000 0.000000
vt 0.000000 1.000000
vt 1.000000 1.000000
vt 0.000000 0.000000
f 7561/7561/7561 7562/7562/7562 7563/7563/7563
f 7564/7564/7564 7565/7565/7565 7566/7566/7566
f 7567/7567/7567 7568/7568/7568 7569/7569/7569
f 7570/7570/7570 7571/7571/7571 7572/7572/7572
f 7573/7573/7573 7574/7574/7574 7575/7575/7575
f 7576/7576/7576 7577/7577/7577 7578/7578/7578
f 7579/7579/7579 7580/7580/7580 7581/7581/7581
f 7582/7582/7582 7583/7583/7583 7584/7584/7584
f 7585/7585/7585 7586/7586/7586 7587/7587/7587
f 7588/7588/7588 7589/7589/7589 7590/7590/7590
f 7591/7591/7591 7592/7592/7592 7593/7593/7593
f 7594/7594/7594 7595/7595/7595 7596/7596/7596
f 7597/7597/7597 7598/7598/7598 7599/7599/7599
f 7600/7600/7600 7601/7601/7601 7602/7602/7602
f 7603/7603/7603 7604/7604/7604 7605/7605/7605
f 7606/7606/7606 7607/7607/7607 7608/7608/7608
g face_texture_17
usemtl tex_17
v -225.183099 37.727700 -619.934272
v -228.760563 29.539906 -641.652582
v -238.788732 37.727700 -629.136150
v -216.272300 29.539906 -630.967136
v -228.760563 29.539906 -641.652582
v -225.183099 37.727700 -619.934272
v -211.577465 37.727700 -610.723005
v -216.272300 29.539906 -630.967136
v -225.183099 37.727700 -619.934272
v -203.784038 29.539906 -620.291080
v -216.272300 29.539906 -630.967136
v -211.577465 37.727700 -610.723005
vn 0.280762 0.865234 -0.415039
vn 0.280762 0.865234 -0.415039
vn 0.280762 0.865234 -0.415039
vn 0.280762 0.865234 -0.415039
vn 0.280762 0.865234 -0.415039
vn 0.280762 0.865234 -0.415039
vn 0.310791 0.832031 -0.459229
vn 0.310791 0.832031 -0.459229
vn 0.310791 0.832031 -0.459229
vn 0.310791 0.832031 -0.459229
vn 0.310791 0.832031 -0.459229
vn 0.310791 0.832031 -0.459229
vt 1.000000 0.000000
vt 0.000000 1.000000
vt 0.000000 0.000000
vt 1.000000 1.000000
vt 0.000000 1.000000
vt 1.000000 0.000000
vt 0.000000 0.000000
vt 1.000000 1.000000
vt 1.000000 0.000000
vt 0.000000 1.000000
vt 1.000000 1.000000
vt 0.000000 0.000000
f 7609/7609/7609 7610/7610/7610 7611/7611/7611
f 7612/7612/7612 7613/7613/7613 7614/7614/7614
f 7615/7615/7615 7616/7616/7616 7617/7617/7617
f 7618/7618/7618 7619/7619/7619 7620/7620/7620
g face_texture_18
usemtl tex_18
v 310.967136 14.075117 -363.530516
v 282.863850 14.084507 -368.835681
v 296.629108 14.084507 -382.516432
v 298.995305 14.075117 -353.361502
v 282.863850 14.084507 -368.835681
v 310.967136 14.075117 -363.530516
v 324.422535 14.075117 -371.971831
v 296.629108 14.084507 -382.516432
v 313.483568 14.084507 -391.446009
v 310.967136 14.075117 -363.530516
v 296.629108 14.084507 -382.516432
v 324.422535 14.075117 -371.971831
v -96.920188 79.690141 -1080.347418
v -93.211268 80.356808 -1097.737089
v -100.629108 84.262911 -1083.417840
v -89.558685 75.793427 -1094.582160
v -93.211268 80.356808 -1097.737089
v -96.920188 79.690141 -1080.347418
v -62.995305 84.262911 -1064.206573
v -60.384977 75.793427 -1079.446009
v -67.652582 79.690141 -1065.408451
v -55.699531 80.356808 -1078.281690
v -60.384977 75.793427 -1079.446009
v -62.995305 84.262911 -1064.206573
v -111.408451 86.544601 -1051.877934
v -107.953052 87.924883 -1069.042254
v -115.248826 91.183099 -1054.676056
v -104.197183 83.323944 -1066.084507
v -107.953052 87.924883 -1069.042254
v -111.408451 86.544601 -1051.877934
v -77.727700 91.183099 -1035.239437
v -74.892019 83.323944 -1051.201878
v -82.225352 86.544601 -1036.760563
v -70.281690 87.924883 -1049.906103
v -74.892019 83.323944 -1051.201878
v -77.727700 91.183099 -1035.239437
v 554.112676 0.000000 -454.694836
v 538.187793 4.685446 -450.018779
v 554.112676 4.685446 -454.694836
v 538.187793 0.000000 -450.018779
v 538.187793 4.685446 -450.018779
v 554.112676 0.000000 -454.694836
v 646.000000 6.244131 -836.281690
v 655.624413 14.431925 -821.417840
v 653.511737 10.873239 -837.042254
v 647.643192 9.868545 -820.309859
v 655.624413 14.431925 -821.417840
v 646.000000 6.244131 -836.281690
v 585.906103 10.873239 -837.042254
v 591.774648 9.868545 -820.309859
v 593.417840 6.244131 -836.281690
v 583.793427 14.431925 -821.417840
v 591.774648 9.868545 -820.309859
v 585.906103 10.873239 -837.042254
v 644.356808 3.727700 -852.469484
v 653.511737 10.873239 -837.042254
v 651.399061 8.384977 -853.014085
v 646.000000 6.244131 -836.281690
v 653.511737 10.873239 -837.042254
v 644.356808 3.727700 -852.469484
v 588.018779 8.384977 -853.014085
v 593.417840 6.244131 -836.281690
v 595.061033 3.727700 -852.469484
v 585.906103 10.873239 -837.042254
v 593.417840 6.244131 -836.281690
v 588.018779 8.384977 -853.014085
v 642.713615 1.943662 -868.760563
v 651.399061 8.384977 -853.014085
v 649.286385 6.629108 -869.117371
v 644.356808 3.727700 -852.469484
v 651.399061 8.384977 -853.014085
v 642.713615 1.943662 -868.760563
v 590.131455 6.629108 -869.117371
v 595.061033 3.727700 -852.469484
v 596.704225 1.943662 -868.760563
v 588.018779 8.384977 -853.014085
v 595.061033 3.727700 -852.469484
v 590.131455 6.629108 -869.117371
v 641.070423 0.779343 -885.098592
v 649.286385 6.629108 -869.117371
v 647.173709 5.474178 -885.305164
v 642.713615 1.943662 -868.760563
v 649.286385 6.629108 -869.117371
v 641.070423 0.779343 -885.098592
v 592.244131 5.474178 -885.305164
v 596.704225 1.943662 -868.760563
v 598.347418 0.779343 -885.098592
v 590.131455 6.629108 -869.117371
v 596.704225 1.943662 -868.760563
v 592.244131 5.474178 -885.305164
v 639.427230 0.150235 -901.474178
v 647.173709 5.474178 -885.305164
v 645.061033 4.845070 -901.539906
v 641.070423 0.779343 -885.098592
v 647.173709 5.474178 -885.305164
v 639.427230 0.150235 -901.474178
v 594.356808 4.845070 -901.539906
v 598.347418 0.779343 -885.098592
v 599.990610 0.150235 -901.474178
v 592.244131 5.474178 -885.305164
v 598.347418 0.779343 -885.098592
v 594.356808 4.845070 -901.539906
v 371.427230 0.000000 -1375.230047
v 387.192488 4.685446 -1381.896714
v 370.835681 4.685446 -1379.887324
v 387.765258 0.000000 -1377.239437
v 387.192488 4.685446 -1381.896714
v 371.427230 0.000000 -1375.230047
v 376.159624 4.685446 -1337.971831
v 391.755869 0.000000 -1344.619718
v 375.568075 0.000000 -1342.629108
v 392.328638 4.685446 -1339.953052
v 391.755869 0.000000 -1344.619718
v 376.159624 4.685446 -1337.971831
v 338.798122 0.000000 -1370.995305
v 354.497653 4.694836 -1377.802817
v 338.169014 4.685446 -1375.643192
v 355.107981 0.000000 -1373.145540
v 354.497653 4.694836 -1377.802817
v 338.798122 0.000000 -1370.995305
v 343.830986 4.685446 -1333.774648
v 359.389671 0.000000 -1340.563380
v 343.201878 0.000000 -1338.422535
v 360.000000 4.685446 -1335.906103
v 359.389671 0.000000 -1340.563380
v 343.830986 4.685446 -1333.774648
v 306.234742 0.000000 -1366.516432
v 321.859155 4.694836 -1373.436620
v 305.568075 4.685446 -1371.164319
v 322.507042 0.000000 -1368.779343
v 321.859155 4.694836 -1373.436620
v 306.234742 0.000000 -1366.516432
v 311.502347 4.685446 -1329.333333
v 327.023474 0.000000 -1336.234742
v 310.845070 0.000000 -1333.981221
v 327.671362 4.685446 -1331.577465
v 327.023474 0.000000 -1336.234742
v 311.502347 4.685446 -1329.333333
v 273.727700 0.000000 -1361.859155
v 289.295775 4.685446 -1368.854460
v 273.042254 4.694836 -1366.507042
v 289.971831 0.000000 -1364.206573
v 289.295775 4.685446 -1368.854460
v 273.727700 0.000000 -1361.859155
v 279.164319 4.685446 -1324.694836
v 294.657277 0.000000 -1331.680751
v 278.478873 0.000000 -1329.342723
v 295.333333 4.685446 -1327.032864
v 294.657277 0.000000 -1331.680751
v 279.164319 4.685446 -1324.694836
v 241.267606 0.000000 -1357.079812
v 256.798122 4.694836 -1364.122066
v 240.572770 4.694836 -1361.718310
v 257.483568 0.000000 -1359.474178
v 256.798122 4.694836 -1364.122066
v 241.267606 0.000000 -1357.079812
v 246.779343 4.685446 -1319.924883
v 262.291080 0.000000 -1326.967136
v 246.093897 0.000000 -1324.572770
v 262.976526 4.685446 -1322.319249
v 262.291080 0.000000 -1326.967136
v 246.779343 4.685446 -1319.924883
v 208.873239 0.000000 -1352.272300
v 224.375587 4.685446 -1359.314554
v 208.187793 4.694836 -1356.910798
v 225.061033 0.000000 -1354.676056
v 224.375587 4.685446 -1359.314554
v 208.873239 0.000000 -1352.272300
v 214.347418 4.685446 -1315.107981
v 229.896714 0.000000 -1322.169014
v 213.671362 0.000000 -1319.755869
v 230.582160 4.685446 -1317.521127
v 229.896714 0.000000 -1322.169014
v 214.347418 4.685446 -1315.107981
v 176.563380 0.000000 -1347.558685
v 192.028169 4.694836 -1354.535211
v 175.915493 4.694836 -1352.206573
v 192.704225 0.000000 -1349.887324
v 192.028169 4.694836 -1354.535211
v 176.563380 0.000000 -1347.558685
v 181.765258 4.685446 -1310.356808
v 197.408451 0.000000 -1317.361502
v 181.117371 0.000000 -1315.014085
v 198.084507 4.685446 -1312.713615
v 197.408451 0.000000 -1317.361502
v 181.765258 4.685446 -1310.356808
v 142.075117 0.215962 -1342.150235
v 159.389671 4.666667 -1349.981221
v 141.061033 4.910798 -1346.751174
v 160.065728 -0.018779 -1345.333333
v 159.389671 4.666667 -1349.981221
v 142.075117 0.215962 -1342.150235
v 152.366197 4.901408 -1306.037559
v 165.154930 -0.018779 -1312.863850
v 150.863850 0.215962 -1310.488263
v 165.924883 4.666667 -1308.234742
v 165.154930 -0.018779 -1312.863850
v 152.366197 4.901408 -1306.037559
v 108.244131 2.845070 -1330.206573
v 123.427230 5.877934 -1341.539906
v 106.666667 7.502347 -1334.666667
v 124.732394 1.201878 -1337.014085
v 123.427230 5.877934 -1341.539906
v 108.244131 2.845070 -1330.206573
v 125.784038 7.492958 -1296.985915
v 136.798122 1.201878 -1306.441315
v 123.117371 2.835681 -1300.901408
v 138.948357 5.877934 -1302.244131
v 136.798122 1.201878 -1306.441315
v 125.784038 7.492958 -1296.985915
v 78.009390 7.661972 -1312.798122
v 90.845070 9.661972 -1326.431925
v 75.962441 12.281690 -1317.107981
v 92.676056 5.023474 -1322.046948
v 90.845070 9.661972 -1326.431925
v 78.009390 7.661972 -1312.798122
v 100.591549 12.272300 -1282.769953
v 109.887324 5.014085 -1294.046948
v 97.164319 7.652582 -1286.093897
v 112.976526 9.652582 -1290.441315
v 109.887324 5.014085 -1294.046948
v 100.591549 12.272300 -1282.769953
v 51.154930 13.962441 -1291.887324
v 61.953052 15.267606 -1306.920188
v 48.751174 18.553991 -1296.037559
v 64.197183 10.666667 -1302.685446
v 61.953052 15.267606 -1306.920188
v 51.154930 13.962441 -1291.887324
v 77.154930 18.544601 -1264.760563
v 84.957746 10.657277 -1277.211268
v 73.258216 13.953052 -1267.558685
v 88.657277 15.248826 -1274.169014
v 84.957746 10.657277 -1277.211268
v 77.154930 18.544601 -1264.760563
v 27.126761 21.239437 -1268.713615
v 36.272300 22.084507 -1284.600939
v 24.431925 25.802817 -1272.713615
v 38.826291 17.511737 -1280.525822
v 36.272300 22.084507 -1284.600939
v 27.126761 21.239437 -1268.713615
v 55.474178 25.802817 -1244.046948
v 62.037559 17.502347 -1257.258216
v 51.276995 21.239437 -1246.422535
v 66.112676 22.075117 -1254.685446
v 62.037559 17.502347 -1257.258216
v 55.474178 25.802817 -1244.046948
v 5.352113 29.154930 -1244.018779
v 13.173709 29.690141 -1260.450704
v 2.431925 33.699531 -1247.877934
v 15.990610 25.136150 -1256.525822
v 13.173709 29.690141 -1260.450704
v 5.352113 29.154930 -1244.018779
v 35.370892 33.699531 -1221.408451
v 40.929577 25.136150 -1235.117371
v 30.967136 29.154930 -1223.436620
v 45.239437 29.690141 -1232.929577
v 40.929577 25.136150 -1235.117371
v 35.370892 33.699531 -1221.408451
v -14.591549 37.474178 -1218.253521
v -7.830986 37.812207 -1235.042254
v -17.690141 42.009390 -1221.981221
v -4.816901 33.276995 -1231.248826
v -7.830986 37.812207 -1235.042254
v -14.591549 37.474178 -1218.253521
v 16.629108 42.009390 -1197.352113
v 21.370892 33.276995 -1211.408451
v 12.103286 37.474178 -1199.098592
v 25.840376 37.812207 -1209.530516
v 21.370892 33.276995 -1211.408451
v 16.629108 42.009390 -1197.352113
v -33.070423 46.037559 -1191.690141
v -27.173709 46.272300 -1208.723005
v -36.319249 50.563380 -1195.286385
v -23.990610 41.737089 -1205.061033
v -27.173709 46.272300 -1208.723005
v -33.070423 46.037559 -1191.690141
v -0.929577 50.563380 -1172.206573
v 3.136150 41.737089 -1186.525822
v -5.539906 46.037559 -1173.737089
v 7.708920 46.272300 -1184.901408
v 3.136150 41.737089 -1186.525822
v -0.929577 50.563380 -1172.206573
v -50.338028 54.694836 -1164.507042
v -45.164319 54.892019 -1181.708920
v -53.718310 59.220657 -1167.981221
v -41.840376 50.366197 -1178.169014
v -45.164319 54.892019 -1181.708920
v -50.338028 54.694836 -1164.507042
v -17.511737 59.220657 -1146.215962
v -13.971831 50.366197 -1160.741784
v -22.169014 54.694836 -1147.568075
v -9.333333 54.892019 -1159.305164
v -13.971831 50.366197 -1160.741784
v -17.511737 59.220657 -1146.215962
v -66.610329 63.314554 -1136.826291
v -62.028169 63.549296 -1154.140845
v -70.103286 67.849765 -1140.187793
v -58.582160 59.023474 -1150.723005
v -62.028169 63.549296 -1154.140845
v -66.610329 63.314554 -1136.826291
v -33.258216 67.849765 -1119.511737
v -30.150235 59.023474 -1134.234742
v -37.943662 63.314554 -1120.741784
v -25.474178 63.549296 -1132.948357
v -30.150235 59.023474 -1134.234742
v -33.258216 67.849765 -1119.511737
v -82.075117 71.737089 -1108.741784
v -77.981221 72.103286 -1126.131455
v -85.671362 76.281690 -1111.971831
v -74.431925 67.568075 -1122.835681
v -77.981221 72.103286 -1126.131455
v -82.075117 71.737089 -1108.741784
v -48.338028 76.281690 -1092.178404
v -45.568075 67.568075 -1107.117371
v -53.032864 71.737089 -1093.352113
v -40.863850 72.103286 -1105.924883
v -45.568075 67.568075 -1107.117371
v -48.338028 76.281690 -1092.178404
vn 0.000000 -1.000000 0.000000
vn 0.000000 -1.000000 0.000000
vn 0.000000 -1.000000 0.000000
vn 0.000000 -1.000000 0.000000
vn 0.000000 -1.000000 0.000000
vn 0.000000 -1.000000 0.000000
vn 0.000000 -1.000000 0.000000
vn 0.000000 -1.000000 0.000000
vn 0.000000 -1.000000 0.000000
vn 0.000000 -1.000000 0.000000
vn 0.000000 -1.000000 0.000000
vn 0.000000 -1.000000 0.000000
vn 0.703857 0.687988 0.176025
vn 0.703857 0.687988 0.176025
vn 0.703857 0.687988 0.176025
vn 0.703857 0.687988 0.176025
vn 0.703857 0.687988 0.176025
vn 0.703857 0.687988 0.176025
vn -0.550781 0.685547 -0.475586
vn -0.550781 0.685547 -0.475586
vn -0.550781 0.685547 -0.475586
vn -0.550781 0.685547 -0.475586
vn -0.550781 0.685547 -0.475586
vn -0.550781 0.685547 -0.475586
vn 0.694336 0.692383 0.195557
vn 0.694336 0.692383 0.195557
vn 0.694336 0.692383 0.195557
vn 0.694336 0.692383 0.195557
vn 0.694336 0.692383 0.195557
vn 0.694336 0.692383 0.195557
vn -0.566895 0.694824 -0.441895
vn -0.566895 0.694824 -0.441895
vn -0.566895 0.694824 -0.441895
vn -0.566895 0.694824 -0.441895
vn -0.566895 0.694824 -0.441895
vn -0.566895 0.694824 -0.441895
vn -0.281494 -0.000000 -0.959473
vn -0.281494 -0.000000 -0.959473
vn -0.281494 -0.000000 -0.959473
vn -0.281494 -0.000000 -0.959473
vn -0.281494 -0.000000 -0.959473
vn -0.281494 -0.000000 -0.959473
vn -0.529785 0.836914 -0.135498
vn -0.529785 0.836914 -0.135498
vn -0.529785 0.836914 -0.135498
vn -0.529785 0.836914 -0.135498
vn -0.529785 0.836914 -0.135498
vn -0.529785 0.836914 -0.135498
vn 0.529785 0.839600 -0.119141
vn 0.529785 0.839600 -0.119141
vn 0.529785 0.839600 -0.119141
vn 0.529785 0.839600 -0.119141
vn 0.529785 0.839600 -0.119141
vn 0.529785 0.839600 -0.119141
vn -0.554443 0.828857 -0.072510
vn -0.554443 0.828857 -0.072510
vn -0.554443 0.828857 -0.072510
vn -0.554443 0.828857 -0.072510
vn -0.554443 0.828857 -0.072510
vn -0.554443 0.828857 -0.072510
vn 0.554199 0.830322 -0.055908
vn 0.554199 0.830322 -0.055908
vn 0.554199 0.830322 -0.055908
vn 0.554199 0.830322 -0.055908
vn 0.554199 0.830322 -0.055908
vn 0.554199 0.830322 -0.055908
vn -0.580811 0.813232 -0.030029
vn -0.580811 0.813232 -0.030029
vn -0.580811 0.813232 -0.030029
vn -0.580811 0.813232 -0.030029
vn -0.580811 0.813232 -0.030029
vn -0.580811 0.813232 -0.030029
vn 0.580322 0.813965 -0.012695
vn 0.580322 0.813965 -0.012695
vn 0.580322 0.813965 -0.012695
vn 0.580322 0.813965 -0.012695
vn 0.580322 0.813965 -0.012695
vn 0.580322 0.813965 -0.012695
vn -0.609131 0.792969 0.004639
vn -0.609131 0.792969 0.004639
vn -0.609131 0.792969 0.004639
vn -0.609131 0.792969 0.004639
vn -0.609131 0.792969 0.004639
vn -0.609131 0.792969 0.004639
vn 0.608643 0.792969 0.022705
vn 0.608643 0.792969 0.022705
vn 0.608643 0.792969 0.022705
vn 0.608643 0.792969 0.022705
vn 0.608643 0.792969 0.022705
vn 0.608643 0.792969 0.022705
vn -0.639404 0.767822 0.034180
vn -0.639404 0.767822 0.034180
vn -0.639404 0.767822 0.034180
vn -0.639404 0.767822 0.034180
vn -0.639404 0.767822 0.034180
vn -0.639404 0.767822 0.034180
vn 0.638672 0.767334 0.053223
vn 0.638672 0.767334 0.053223
vn 0.638672 0.767334 0.053223
vn 0.638672 0.767334 0.053223
vn 0.638672 0.767334 0.053223
vn 0.638672 0.767334 0.053223
vn 0.086182 0.707031 0.701660
vn 0.086182 0.707031 0.701660
vn 0.086182 0.707031 0.701660
vn 0.086182 0.707031 0.701660
vn 0.086182 0.707031 0.701660
vn 0.086182 0.707031 0.701660
vn -0.086182 0.707031 -0.701660
vn -0.086182 0.707031 -0.701660
vn -0.086182 0.707031 -0.701660
vn -0.086182 0.707031 -0.701660
vn -0.086182 0.707031 -0.701660
vn -0.086182 0.707031 -0.701660
vn 0.092285 0.707031 0.700928
vn 0.092285 0.707031 0.700928
vn 0.092285 0.707031 0.700928
vn 0.092285 0.707031 0.700928
vn 0.092285 0.707031 0.700928
vn 0.092285 0.707031 0.700928
vn -0.092285 0.707031 -0.700928
vn -0.092285 0.707031 -0.700928
vn -0.092285 0.707031 -0.700928
vn -0.092285 0.707031 -0.700928
vn -0.092285 0.707031 -0.700928
vn -0.092285 0.707031 -0.700928
vn 0.097168 0.707031 0.700195
vn 0.097168 0.707031 0.700195
vn 0.097168 0.707031 0.700195
vn 0.097168 0.707031 0.700195
vn 0.097168 0.707031 0.700195
vn 0.097168 0.707031 0.700195
vn -0.097168 0.707031 -0.700195
vn -0.097168 0.707031 -0.700195
vn -0.097168 0.707031 -0.700195
vn -0.097168 0.707031 -0.700195
vn -0.097168 0.707031 -0.700195
vn -0.097168 0.707031 -0.700195
vn 0.101074 0.706787 0.699707
vn 0.101074 0.706787 0.699707
vn 0.101074 0.706787 0.699707
vn 0.101074 0.706787 0.699707
vn 0.101074 0.706787 0.699707
vn 0.101074 0.706787 0.699707
vn -0.101074 0.707031 -0.699707
vn -0.101074 0.707031 -0.699707
vn -0.101074 0.707031 -0.699707
vn -0.101074 0.707031 -0.699707
vn -0.101074 0.707031 -0.699707
vn -0.101074 0.707031 -0.699707
vn 0.103516 0.706787 0.699463
vn 0.103516 0.706787 0.699463
vn 0.103516 0.706787 0.699463
vn 0.103516 0.706787 0.699463
vn 0.103516 0.706787 0.699463
vn 0.103516 0.706787 0.699463
vn -0.103516 0.707031 -0.699219
vn -0.103516 0.707031 -0.699219
vn -0.103516 0.707031 -0.699219
vn -0.103516 0.707031 -0.699219
vn -0.103516 0.707031 -0.699219
vn -0.103516 0.707031 -0.699219
vn 0.103760 0.706787 0.699463
vn 0.103760 0.706787 0.699463
vn 0.103760 0.706787 0.699463
vn 0.103760 0.706787 0.699463
vn 0.103760 0.706787 0.699463
vn 0.103760 0.706787 0.699463
vn -0.103760 0.707031 -0.699219
vn -0.103760 0.707031 -0.699219
vn -0.103760 0.707031 -0.699219
vn -0.103760 0.707031 -0.699219
vn -0.103760 0.707031 -0.699219
vn -0.103760 0.707031 -0.699219
vn 0.100830 0.706787 0.699707
vn 0.100830 0.706787 0.699707
vn 0.100830 0.706787 0.699707
vn 0.100830 0.706787 0.699707
vn 0.100830 0.706787 0.699707
vn 0.100830 0.706787 0.699707
vn -0.100830 0.707031 -0.699707
vn -0.100830 0.707031 -0.699707
vn -0.100830 0.707031 -0.699707
vn -0.100830 0.707031 -0.699707
vn -0.100830 0.707031 -0.699707
vn -0.100830 0.707031 -0.699707
vn 0.132080 0.707764 0.693604
vn 0.132080 0.707764 0.693604
vn 0.132080 0.707764 0.693604
vn 0.132080 0.707764 0.693604
vn 0.132080 0.707764 0.693604
vn 0.132080 0.707764 0.693604
vn -0.101807 0.702148 -0.704346
vn -0.101807 0.702148 -0.704346
vn -0.101807 0.702148 -0.704346
vn -0.101807 0.702148 -0.704346
vn -0.101807 0.702148 -0.704346
vn -0.101807 0.702148 -0.704346
vn 0.327881 0.709229 0.623779
vn 0.327881 0.709229 0.623779
vn 0.327881 0.709229 0.623779
vn 0.327881 0.709229 0.623779
vn 0.327881 0.709229 0.623779
vn 0.327881 0.709229 0.623779
vn -0.191895 0.693604 -0.694092
vn -0.191895 0.693604 -0.694092
vn -0.191895 0.693604 -0.694092
vn -0.191895 0.693604 -0.694092
vn -0.191895 0.693604 -0.694092
vn -0.191895 0.693604 -0.694092
vn 0.464355 0.705322 0.535400
vn 0.464355 0.705322 0.535400
vn 0.464355 0.705322 0.535400
vn 0.464355 0.705322 0.535400
vn 0.464355 0.705322 0.535400
vn 0.464355 0.705322 0.535400
vn -0.271973 0.686768 -0.673828
vn -0.271973 0.686768 -0.673828
vn -0.271973 0.686768 -0.673828
vn -0.271973 0.686768 -0.673828
vn -0.271973 0.686768 -0.673828
vn -0.271973 0.686768 -0.673828
vn 0.552246 0.699951 0.452393
vn 0.552246 0.699951 0.452393
vn 0.552246 0.699951 0.452393
vn 0.552246 0.699951 0.452393
vn 0.552246 0.699951 0.452393
vn 0.552246 0.699951 0.452393
vn -0.335938 0.682373 -0.649170
vn -0.335938 0.682373 -0.649170
vn -0.335938 0.682373 -0.649170
vn -0.335938 0.682373 -0.649170
vn -0.335938 0.682373 -0.649170
vn -0.335938 0.682373 -0.649170
vn 0.608154 0.695068 0.382812
vn 0.608154 0.695068 0.382812
vn 0.608154 0.695068 0.382812
vn 0.608154 0.695068 0.382812
vn 0.608154 0.695068 0.382812
vn 0.608154 0.695068 0.382812
vn -0.385742 0.679443 -0.624023
vn -0.385742 0.679443 -0.624023
vn -0.385742 0.679443 -0.624023
vn -0.385742 0.679443 -0.624023
vn -0.385742 0.679443 -0.624023
vn -0.385742 0.679443 -0.624023
vn 0.644775 0.691162 0.325928
vn 0.644775 0.691162 0.325928
vn 0.644775 0.691162 0.325928
vn 0.644775 0.691162 0.325928
vn 0.644775 0.691162 0.325928
vn 0.644775 0.691162 0.325928
vn -0.424561 0.677979 -0.599854
vn -0.424561 0.677979 -0.599854
vn -0.424561 0.677979 -0.599854
vn -0.424561 0.677979 -0.599854
vn -0.424561 0.677979 -0.599854
vn -0.424561 0.677979 -0.599854
vn 0.668701 0.688232 0.280273
vn 0.668701 0.688232 0.280273
vn 0.668701 0.688232 0.280273
vn 0.668701 0.688232 0.280273
vn 0.668701 0.688232 0.280273
vn 0.668701 0.688232 0.280273
vn -0.455566 0.677246 -0.577637
vn -0.455566 0.677246 -0.577637
vn -0.455566 0.677246 -0.577637
vn -0.455566 0.677246 -0.577637
vn -0.455566 0.677246 -0.577637
vn -0.455566 0.677246 -0.577637
vn 0.684814 0.686523 0.243896
vn 0.684814 0.686523 0.243896
vn 0.684814 0.686523 0.243896
vn 0.684814 0.686523 0.243896
vn 0.684814 0.686523 0.243896
vn 0.684814 0.686523 0.243896
vn -0.480713 0.677002 -0.556885
vn -0.480713 0.677002 -0.556885
vn -0.480713 0.677002 -0.556885
vn -0.480713 0.677002 -0.556885
vn -0.480713 0.677002 -0.556885
vn -0.480713 0.677002 -0.556885
vn 0.695557 0.685303 0.215088
vn 0.695557 0.685303 0.215088
vn 0.695557 0.685303 0.215088
vn 0.695557 0.685303 0.215088
vn 0.695557 0.685303 0.215088
vn 0.695557 0.685303 0.215088
vn -0.501709 0.677490 -0.537354
vn -0.501709 0.677490 -0.537354
vn -0.501709 0.677490 -0.537354
vn -0.501709 0.677490 -0.537354
vn -0.501709 0.677490 -0.537354
vn -0.501709 0.677490 -0.537354
vn 0.702148 0.685059 0.193359
vn 0.702148 0.685059 0.193359
vn 0.702148 0.685059 0.193359
vn 0.702148 0.685059 0.193359
vn 0.702148 0.685059 0.193359
vn 0.702148 0.685059 0.193359
vn -0.519775 0.678711 -0.518311
vn -0.519775 0.678711 -0.518311
vn -0.519775 0.678711 -0.518311
vn -0.519775 0.678711 -0.518311
vn -0.519775 0.678711 -0.518311
vn -0.519775 0.678711 -0.518311
vn 0.705078 0.685791 0.179443
vn 0.705078 0.685791 0.179443
vn 0.705078 0.685791 0.179443
vn 0.705078 0.685791 0.179443
vn 0.705078 0.685791 0.179443
vn 0.705078 0.685791 0.179443
vn -0.535645 0.681152 -0.498535
vn -0.535645 0.681152 -0.498535
vn -0.535645 0.681152 -0.498535
vn -0.535645 0.681152 -0.498535
vn -0.535645 0.681152 -0.498535
vn -0.535645 0.681152 -0.498535
vt 0.000000 0.000000
vt 1.000000 1.000000
vt 1.000000 0.000000
vt 0.000000 1.000000
vt 1.000000 1.000000
vt 0.000000 0.000000
vt 0.000000 0.000000
vt 1.000000 1.000000
vt 1.000000 0.000000
vt 0.000000 1.000000
vt 1.000000 1.000000
vt 0.000000 0.000000
vt 0.000000 0.000000
vt 1.000000 1.000000
vt 1.000000 0.000000
vt 0.000000 1.000000
vt 1.000000 1.000000
vt 0.000000 0.000000
vt 0.000000 0.000000
vt 1.000000 1.000000
vt 1.000000 0.000000
vt 0.000000 1.000000
vt 1.000000 1.000000
vt 0.000000 0.000000
vt 0.000000 0.000000
vt 1.000000 1.000000
vt 1.000000 0.000000
vt 0.000000 1.000000
vt 1.000000 1.000000
vt 0.000000 0.000000
vt 0.000000 0.000000
vt 1.000000 1.000000
vt 1.000000 0.000000
vt 0.000000 1.000000
vt 1.000000 1.000000
vt 0.000000 0.000000
vt 1.000000 0.000000
vt 0.000000 1.000000
vt 0.000000 0.000000
vt 1.000000 1.000000
vt 0.000000 1.000000
vt 1.000000 0.000000
vt 1.000000 0.000000
vt 0.000000 1.000000
vt 0.000000 0.000000
vt 1.000000 1.000000
vt 0.000000 1.000000
vt 1.000000 0.000000
vt 0.000000 0.000000
vt 1.000000 1.000000
vt 1.000000 0.000000
vt 0.000000 1.000000
vt 1.000000 1.000000
vt 0.000000 0.000000
vt 1.000000 0.000000
vt 0.000000 1.000000
vt 0.000000 0.000000
vt 1.000000 1.000000
vt 0.000000 1.000000
vt 1.000000 0.000000
vt 0.000000 0.000000
vt 1.000000 1.000000
vt 1.000000 0.000000
vt 0.000000 1.000000
vt 1.000000 1.000000
vt 0.000000 0.000000
vt 1.000000 0.000000
vt 0.000000 1.000000
vt 0.000000 0.000000
vt 1.000000 1.000000
vt 0.000000 1.000000
vt 1.000000 0.000000
vt 0.000000 0.000000
vt 1.000000 1.000000
vt 1.000000 0.000000
vt 0.000000 1.000000
vt 1.000000 1.000000
vt 0.000000 0.000000
vt 1.000000 0.000000
vt 0.000000 1.000000
vt 0.000000 0.000000
vt 1.000000 1.000000
vt 0.000000 1.000000
vt 1.000000 0.000000
vt 0.000000 0.000000
vt 1.000000 1.000000
vt 1.000000 0.000000
vt 0.000000 1.000000
vt 1.000000 1.000000
vt 0.000000 0.000000
vt 1.000000 0.000000
vt 0.000000 1.000000
vt 0.000000 0.000000
vt 1.000000 1.000000
vt 0.000000 1.000000
vt 1.000000 0.000000
vt 0.000000 0.000000
vt 1.000000 1.000000
vt 1.000000 0.000000
vt 0.000000 1.000000
vt 1.000000 1.000000
vt 0.000000 0.000000
vt 1.000000 0.000000
vt 0.000000 1.000000
vt 0.000000 0.000000
vt 1.000000 1.000000
vt 0.000000 1.000000
vt 1.000000 0.000000
vt 0.000000 0.000000
vt 1.000000 1.000000
vt 1.000000 0.000000
vt 0.000000 1.000000
vt 1.000000 1.000000
vt 0.000000 0.000000
vt 1.000000 0.000000
vt 0.000000 1.000000
vt 0.000000 0.000000
vt 1.000000 1.000000
vt 0.000000 1.000000
vt 1.000000 0.000000
vt 0.000000 0.000000
vt 1.000000 1.000000
vt 1.000000 0.000000
vt 0.000000 1.000000
vt 1.000000 1.000000
vt 0.000000 0.000000
vt 1.000000 0.000000
vt 0.000000 1.000000
vt 0.000000 0.000000
vt 1.000000 1.000000
vt 0.000000 1.000000
vt 1.000000 0.000000
vt 0.000000 0.000000
vt 1.000000 1.000000
vt 1.000000 0.000000
vt 0.000000 1.000000
vt 1.000000 1.000000
vt 0.000000 0.000000
vt 1.000000 0.000000
vt 0.000000 1.000000
vt 0.000000 0.000000
vt 1.000000 1.000000
vt 0.000000 1.000000
vt 1.000000 0.000000
vt 0.000000 0.000000
vt 1.000000 1.000000
vt 1.000000 0.000000
vt 0.000000 1.000000
vt 1.000000 1.000000
vt 0.000000 0.000000
vt 1.000000 0.000000
vt 0.000000 1.000000
vt 0.000000 0.000000
vt 1.000000 1.000000
vt 0.000000 1.000000
vt 1.000000 0.000000
vt 0.000000 0.000000
vt 1.000000 1.000000
vt 1.000000 0.000000
vt 0.000000 1.000000
vt 1.000000 1.000000
vt 0.000000 0.000000
vt 1.000000 0.000000
vt 0.000000 1.000000
vt 0.000000 0.000000
vt 1.000000 1.000000
vt 0.000000 1.000000
vt 1.000000 0.000000
vt 0.000000 0.000000
vt 1.000000 1.000000
vt 1.000000 0.000000
vt 0.000000 1.000000
vt 1.000000 1.000000
vt 0.000000 0.000000
vt 1.000000 0.000000
vt 0.000000 1.000000
vt 0.000000 0.000000
vt 1.000000 1.000000
vt 0.000000 1.000000
vt 1.000000 0.000000
vt 0.000000 0.000000
vt 1.000000 1.000000
vt 1.000000 0.000000
vt 0.000000 1.000000
vt 1.000000 1.000000
vt 0.000000 0.000000
vt 1.000000 0.000000
vt 0.000000 1.000000
vt 0.000000 0.000000
vt 1.000000 1.000000
vt 0.000000 1.000000
vt 1.000000 0.000000
vt 0.000000 0.000000
vt 1.000000 1.000000
vt 1.000000 0.000000
vt 0.000000 1.000000
vt 1.000000 1.000000
vt 0.000000 0.000000
vt 1.000000 0.000000
vt 0.000000 1.000000
vt 0.000000 0.000000
vt 1.000000 1.000000
vt 0.000000 1.000000
vt 1.000000 0.000000
vt 0.000000 0.000000
vt 1.000000 1.000000
vt 1.000000 0.000000
vt 0.000000 1.000000
vt 1.000000 1.000000
vt 0.000000 0.000000
vt 0.000000 0.000000
vt 1.000000 1.000000
vt 1.000000 0.000000
vt 0.000000 1.000000
vt 1.000000 1.000000
vt 0.000000 0.000000
vt 0.000000 0.000000
vt 1.000000 1.000000
vt 1.000000 0.000000
vt 0.000000 1.000000
vt 1.000000 1.000000
vt 0.000000 0.000000
vt 0.000000 0.000000
vt 1.000000 1.000000
vt 1.000000 0.000000
vt 0.000000 1.000000
vt 1.000000 1.000000
vt 0.000000 0.000000
vt 0.000000 0.000000
vt 1.000000 1.000000
vt 1.000000 0.000000
vt 0.000000 1.000000
vt 1.000000 1.000000
vt 0.000000 0.000000
vt 0.000000 0.000000
vt 1.000000 1.000000
vt 1.000000 0.000000
vt 0.000000 1.000000
vt 1.000000 1.000000
vt 0.000000 0.000000
vt 0.000000 0.000000
vt 1.000000 1.000000
vt 1.000000 0.000000
vt 0.000000 1.000000
vt 1.000000 1.000000
vt 0.000000 0.000000
vt 0.000000 0.000000
vt 1.000000 1.000000
vt 1.000000 0.000000
vt 0.000000 1.000000
vt 1.000000 1.000000
vt 0.000000 0.000000
vt 0.000000 0.000000
vt 1.000000 1.000000
vt 1.000000 0.000000
vt 0.000000 1.000000
vt 1.000000 1.000000
vt 0.000000 0.000000
vt 0.000000 0.000000
vt 1.000000 1.000000
vt 1.000000 0.000000
vt 0.000000 1.000000
vt 1.000000 1.000000
vt 0.000000 0.000000
vt 0.000000 0.000000
vt 1.000000 1.000000
vt 1.000000 0.000000
vt 0.000000 1.000000
vt 1.000000 1.000000
vt 0.000000 0.000000
vt 0.000000 0.000000
vt 1.000000 1.000000
vt 1.000000 0.000000
vt 0.000000 1.000000
vt 1.000000 1.000000
vt 0.000000 0.000000
vt 0.000000 0.000000
vt 1.000000 1.000000
vt 1.000000 0.000000
vt 0.000000 1.000000
vt 1.000000 1.000000
vt 0.000000 0.000000
vt 0.000000 0.000000
vt 1.000000 1.000000
vt 1.000000 0.000000
vt 0.000000 1.000000
vt 1.000000 1.000000
vt 0.000000 0.000000
vt 0.000000 0.000000
vt 1.000000 1.000000
vt 1.000000 0.000000
vt 0.000000 1.000000
vt 1.000000 1.000000
vt 0.000000 0.000000
vt 0.000000 0.000000
vt 1.000000 1.000000
vt 1.000000 0.000000
vt 0.000000 1.000000
vt 1.000000 1.000000
vt 0.000000 0.000000
vt 0.000000 0.000000
vt 1.000000 1.000000
vt 1.000000 0.000000
vt 0.000000 1.000000
vt 1.000000 1.000000
vt 0.000000 0.000000
vt 0.000000 0.000000
vt 1.000000 1.000000
vt 1.000000 0.000000
vt 0.000000 1.000000
vt 1.000000 1.000000
vt 0.000000 0.000000
vt 0.000000 0.000000
vt 1.000000 1.000000
vt 1.000000 0.000000
vt 0.000000 1.000000
vt 1.000000 1.000000
vt 0.000000 0.000000
f 7621/7621/7621 7622/7622/7622 7623/7623/7623
f 7624/7624/7624 7625/7625/7625 7626/7626/7626
f 7627/7627/7627 7628/7628/7628 7629/7629/7629
f 7630/7630/7630 7631/7631/7631 7632/7632/7632
f 7633/7633/7633 7634/7634/7634 7635/7635/7635
f 7636/7636/7636 7637/7637/7637 7638/7638/7638
f 7639/7639/7639 7640/7640/7640 7641/7641/7641
f 7642/7642/7642 7643/7643/7643 7644/7644/7644
f 7645/7645/7645 7646/7646/7646 7647/7647/7647
f 7648/7648/7648 7649/7649/7649 7650/7650/7650
f 7651/7651/7651 7652/7652/7652 7653/7653/7653
f 7654/7654/7654 7655/7655/7655 7656/7656/7656
f 7657/7657/7657 7658/7658/7658 7659/7659/7659
f 7660/7660/7660 7661/7661/7661 7662/7662/7662
f 7663/7663/7663 7664/7664/7664 7665/7665/7665
f 7666/7666/7666 7667/7667/7667 7668/7668/7668
f 7669/7669/7669 7670/7670/7670 7671/7671/7671
f 7672/7672/7672 7673/7673/7673 7674/7674/7674
f 7675/7675/7675 7676/7676/7676 7677/7677/7677
f 7678/7678/7678 7679/7679/7679 7680/7680/7680
f 7681/7681/7681 7682/7682/7682 7683/7683/7683
f 7684/7684/7684 7685/7685/7685 7686/7686/7686
f 7687/7687/7687 7688/7688/7688 7689/7689/7689
f 7690/7690/7690 7691/7691/7691 7692/7692/7692
f 7693/7693/7693 7694/7694/7694 7695/7695/7695
f 7696/7696/7696 7697/7697/7697 7698/7698/7698
f 7699/7699/7699 7700/7700/7700 7701/7701/7701
f 7702/7702/7702 7703/7703/7703 7704/7704/7704
f 7705/7705/7705 7706/7706/7706 7707/7707/7707
f 7708/7708/7708 7709/7709/7709 7710/7710/7710
f 7711/7711/7711 7712/7712/7712 7713/7713/7713
f 7714/7714/7714 7715/7715/7715 7716/7716/7716
f 7717/7717/7717 7718/7718/7718 7719/7719/7719
f 7720/7720/7720 7721/7721/7721 7722/7722/7722
f 7723/7723/7723 7724/7724/7724 7725/7725/7725
f 7726/7726/7726 7727/7727/7727 7728/7728/7728
f 7729/7729/7729 7730/7730/7730 7731/7731/7731
f 7732/7732/7732 7733/7733/7733 7734/7734/7734
f 7735/7735/7735 7736/7736/7736 7737/7737/7737
f 7738/7738/7738 7739/7739/7739 7740/7740/7740
f 7741/7741/7741 7742/7742/7742 7743/7743/7743
f 7744/7744/7744 7745/7745/7745 7746/7746/7746
f 7747/7747/7747 7748/7748/7748 7749/7749/7749
f 7750/7750/7750 7751/7751/7751 7752/7752/7752
f 7753/7753/7753 7754/7754/7754 7755/7755/7755
f 7756/7756/7756 7757/7757/7757 7758/7758/7758
f 7759/7759/7759 7760/7760/7760 7761/7761/7761
f 7762/7762/7762 7763/7763/7763 7764/7764/7764
f 7765/7765/7765 7766/7766/7766 7767/7767/7767
f 7768/7768/7768 7769/7769/7769 7770/7770/7770
f 7771/7771/7771 7772/7772/7772 7773/7773/7773
f 7774/7774/7774 7775/7775/7775 7776/7776/7776
f 7777/7777/7777 7778/7778/7778 7779/7779/7779
f 7780/7780/7780 7781/7781/7781 7782/7782/7782
f 7783/7783/7783 7784/7784/7784 7785/7785/7785
f 7786/7786/7786 7787/7787/7787 7788/7788/7788
f 7789/7789/7789 7790/7790/7790 7791/7791/7791
f 7792/7792/7792 7793/7793/7793 7794/7794/7794
f 7795/7795/7795 7796/7796/7796 7797/7797/7797
f 7798/7798/7798 7799/7799/7799 7800/7800/7800
f 7801/7801/7801 7802/7802/7802 7803/7803/7803
f 7804/7804/7804 7805/7805/7805 7806/7806/7806
f 7807/7807/7807 7808/7808/7808 7809/7809/7809
f 7810/7810/7810 7811/7811/7811 7812/7812/7812
f 7813/7813/7813 7814/7814/7814 7815/7815/7815
f 7816/7816/7816 7817/7817/7817 7818/7818/7818
f 7819/7819/7819 7820/7820/7820 7821/7821/7821
f 7822/7822/7822 7823/7823/7823 7824/7824/7824
f 7825/7825/7825 7826/7826/7826 7827/7827/7827
f 7828/7828/7828 7829/7829/7829 7830/7830/7830
f 7831/7831/7831 7832/7832/7832 7833/7833/7833
f 7834/7834/7834 7835/7835/7835 7836/7836/7836
f 7837/7837/7837 7838/7838/7838 7839/7839/7839
f 7840/7840/7840 7841/7841/7841 7842/7842/7842
f 7843/7843/7843 7844/7844/7844 7845/7845/7845
f 7846/7846/7846 7847/7847/7847 7848/7848/7848
f 7849/7849/7849 7850/7850/7850 7851/7851/7851
f 7852/7852/7852 7853/7853/7853 7854/7854/7854
f 7855/7855/7855 7856/7856/7856 7857/7857/7857
f 7858/7858/7858 7859/7859/7859 7860/7860/7860
f 7861/7861/7861 7862/7862/7862 7863/7863/7863
f 7864/7864/7864 7865/7865/7865 7866/7866/7866
f 7867/7867/7867 7868/7868/7868 7869/7869/7869
f 7870/7870/7870 7871/7871/7871 7872/7872/7872
f 7873/7873/7873 7874/7874/7874 7875/7875/7875
f 7876/7876/7876 7877/7877/7877 7878/7878/7878
f 7879/7879/7879 7880/7880/7880 7881/7881/7881
f 7882/7882/7882 7883/7883/7883 7884/7884/7884
f 7885/7885/7885 7886/7886/7886 7887/7887/7887
f 7888/7888/7888 7889/7889/7889 7890/7890/7890
f 7891/7891/7891 7892/7892/7892 7893/7893/7893
f 7894/7894/7894 7895/7895/7895 7896/7896/7896
f 7897/7897/7897 7898/7898/7898 7899/7899/7899
f 7900/7900/7900 7901/7901/7901 7902/7902/7902
f 7903/7903/7903 7904/7904/7904 7905/7905/7905
f 7906/7906/7906 7907/7907/7907 7908/7908/7908
f 7909/7909/7909 7910/7910/7910 7911/7911/7911
f 7912/7912/7912 7913/7913/7913 7914/7914/7914
f 7915/7915/7915 7916/7916/7916 7917/7917/7917
f 7918/7918/7918 7919/7919/7919 7920/7920/7920
f 7921/7921/7921 7922/7922/7922 7923/7923/7923
f 7924/7924/7924 7925/7925/7925 7926/7926/7926
f 7927/7927/7927 7928/7928/7928 7929/7929/7929
f 7930/7930/7930 7931/7931/7931 7932/7932/7932
f 7933/7933/7933 7934/7934/7934 7935/7935/7935
f 7936/7936/7936 7937/7937/7937 7938/7938/7938
g face_texture_19
usemtl tex_19
v -356.807512 0.000000 -274.845070
v -373.239437 0.000000 -291.230047
v -373.239437 0.000000 -274.845070
v -356.807512 0.000000 -291.230047
v -373.239437 0.000000 -291.230047
v -356.807512 0.000000 -274.845070
v -340.375587 0.000000 -242.075117
v -356.807512 0.000000 -258.460094
v -356.807512 0.000000 -242.075117
v -340.375587 0.000000 -258.460094
v -356.807512 0.000000 -258.460094
v -340.375587 0.000000 -242.075117
v -356.807512 0.000000 -225.690141
v -373.239437 0.000000 -242.075117
v -373.239437 0.000000 -225.690141
v -356.807512 0.000000 -242.075117
v -373.239437 0.000000 -242.075117
v -356.807512 0.000000 -225.690141
v -340.375587 0.000000 -94.610329
v -356.807512 0.000000 -110.995305
v -356.807512 0.000000 -94.610329
v -340.375587 0.000000 -110.995305
v -356.807512 0.000000 -110.995305
v -340.375587 0.000000 -94.610329
vn 0.000000 1.000000 0.000000
vn 0.000000 1.000000 0.000000
vn 0.000000 1.000000 0.000000
vn 0.000000 1.000000 0.000000
vn 0.000000 1.000000 0.000000
vn 0.000000 1.000000 0.000000
vn 0.000000 1.000000 0.000000
vn 0.000000 1.000000 0.000000
vn 0.000000 1.000000 0.000000
vn 0.000000 1.000000 0.000000
vn 0.000000 1.000000 0.000000
vn 0.000000 1.000000 0.000000
vn 0.000000 1.000000 0.000000
vn 0.000000 1.000000 0.000000
vn 0.000000 1.000000 0.000000
vn 0.000000 1.000000 0.000000
vn 0.000000 1.000000 0.000000
vn 0.000000 1.000000 0.000000
vn 0.000000 1.000000 0.000000
vn 0.000000 1.000000 0.000000
vn 0.000000 1.000000 0.000000
vn 0.000000 1.000000 0.000000
vn 0.000000 1.000000 0.000000
vn 0.000000 1.000000 0.000000
vt 0.000000 0.000000
vt 1.000000 1.000000
vt 1.000000 0.000000
vt 0.000000 1.000000
vt 1.000000 1.000000
vt 0.000000 0.000000
vt 0.000000 0.000000
vt 1.000000 1.000000
vt 1.000000 0.000000
vt 0.000000 1.000000
vt 1.000000 1.000000
vt 0.000000 0.000000
vt 0.000000 0.000000
vt 1.000000 1.000000
vt 1.000000 0.000000
vt 0.000000 1.000000
vt 1.000000 1.000000
vt 0.000000 0.000000
vt 0.000000 0.000000
vt 1.000000 1.000000
vt 1.000000 0.000000
vt 0.000000 1.000000
vt 1.000000 1.000000
vt 0.000000 0.000000
f 7939/7939/7939 7940/7940/7940 7941/7941/7941
f 7942/7942/7942 7943/7943/7943 7944/7944/7944
f 7945/7945/7945 7946/7946/7946 7947/7947/7947
f 7948/7948/7948 7949/7949/7949 7950/7950/7950
f 7951/7951/7951 7952/7952/7952 7953/7953/7953
f 7954/7954/7954 7955/7955/7955 7956/7956/7956
f 7957/7957/7957 7958/7958/7958 7959/7959/7959
f 7960/7960/7960 7961/7961/7961 7962/7962/7962
g face_texture_20
usemtl tex_20
v -356.807512 0.000000 -291.230047
v -373.239437 0.000000 -307.615023
v -373.239437 0.000000 -291.230047
v -356.807512 0.000000 -307.615023
v -373.239437 0.000000 -307.615023
v -356.807512 0.000000 -291.230047
v -356.807512 0.000000 -242.075117
v -373.239437 0.000000 -258.460094
v -373.239437 0.000000 -242.075117
v -356.807512 0.000000 -258.460094
v -373.239437 0.000000 -258.460094
v -356.807512 0.000000 -242.075117
v -340.375587 0.000000 -209.305164
v -356.807512 0.000000 -225.690141
v -356.807512 0.000000 -209.305164
v -340.375587 0.000000 -225.690141
v -356.807512 0.000000 -225.690141
v -340.375587 0.000000 -209.305164
v -340.375587 0.000000 -160.150235
v -356.807512 0.000000 -176.535211
v -356.807512 0.000000 -160.150235
v -340.375587 0.000000 -176.535211
v -356.807512 0.000000 -176.535211
v -340.375587 0.000000 -160.150235
v -340.375587 0.000000 -110.995305
v -356.807512 0.000000 -127.380282
v -356.807512 0.000000 -110.995305
v -340.375587 0.000000 -127.380282
v -356.807512 0.000000 -127.380282
v -340.375587 0.000000 -110.995305
vn 0.000000 1.000000 0.000000
vn 0.000000 1.000000 0.000000
vn 0.000000 1.000000 0.000000
vn 0.000000 1.000000 0.000000
vn 0.000000 1.000000 0.000000
vn 0.000000 1.000000 0.000000
vn 0.000000 1.000000 0.000000
vn 0.000000 1.000000 0.000000
vn 0.000000 1.000000 0.000000
vn 0.000000 1.000000 0.000000
vn 0.000000 1.000000 0.000000
vn 0.000000 1.000000 0.000000
vn 0.000000 1.000000 0.000000
vn 0.000000 1.000000 0.000000
vn 0.000000 1.000000 0.000000
vn 0.000000 1.000000 0.000000
vn 0.000000 1.000000 0.000000
vn 0.000000 1.000000 0.000000
vn 0.000000 1.000000 0.000000
vn 0.000000 1.000000 0.000000
vn 0.000000 1.000000 0.000000
vn 0.000000 1.000000 0.000000
vn 0.000000 1.000000 0.000000
vn 0.000000 1.000000 0.000000
vn 0.000000 1.000000 0.000000
vn 0.000000 1.000000 0.000000
vn 0.000000 1.000000 0.000000
vn 0.000000 1.000000 0.000000
vn 0.000000 1.000000 0.000000
vn 0.000000 1.000000 0.000000
vt 0.000000 0.000000
vt 1.000000 1.000000
vt 1.000000 0.000000
vt 0.000000 1.000000
vt 1.000000 1.000000
vt 0.000000 0.000000
vt 0.000000 0.000000
vt 1.000000 1.000000
vt 1.000000 0.000000
vt 0.000000 1.000000
vt 1.000000 1.000000
vt 0.000000 0.000000
vt 0.000000 0.000000
vt 1.000000 1.000000
vt 1.000000 0.000000
vt 0.000000 1.000000
vt 1.000000 1.000000
vt 0.000000 0.000000
vt 0.000000 0.000000
vt 1.000000 1.000000
vt 1.000000 0.000000
vt 0.000000 1.000000
vt 1.000000 1.000000
vt 0.000000 0.000000
vt 0.000000 0.000000
vt 1.000000 1.000000
vt 1.000000 0.000000
vt 0.000000 1.000000
vt 1.000000 1.000000
vt 0.000000 0.000000
f 7963/7963/7963 7964/7964/7964 7965/7965/7965
f 7966/7966/7966 7967/7967/7967 7968/7968/7968
f 7969/7969/7969 7970/7970/7970 7971/7971/7971
f 7972/7972/7972 7973/7973/7973 7974/7974/7974
f 7975/7975/7975 7976/7976/7976 7977/7977/7977
f 7978/7978/7978 7979/7979/7979 7980/7980/7980
f 7981/7981/7981 7982/7982/7982 7983/7983/7983
f 7984/7984/7984 7985/7985/7985 7986/7986/7986
f 7987/7987/7987 7988/7988/7988 7989/7989/7989
f 7990/7990/7990 7991/7991/7991 7992/7992/7992
g face_texture_21
usemtl tex_21
v -336.413146 16.553991 -489.380282
v -337.098592 25.840376 -506.469484
v -342.798122 21.098592 -491.352113
v -330.215962 21.380282 -504.375587
v -337.098592 25.840376 -506.469484
v -336.413146 16.553991 -489.380282
v -290.253521 21.098592 -464.159624
v -286.929577 21.380282 -480.798122
v -295.549296 16.553991 -468.234742
v -281.436620 25.840376 -476.150235
v -286.929577 21.380282 -480.798122
v -290.253521 21.098592 -464.159624
v -342.413146 12.638498 -473.962441
v -342.798122 21.098592 -491.352113
v -348.328638 17.230047 -475.755869
v -336.413146 16.553991 -489.380282
v -342.798122 21.098592 -491.352113
v -342.413146 12.638498 -473.962441
v -298.929577 17.230047 -451.755869
v -295.549296 16.553991 -468.234742
v -303.990610 12.638498 -455.295775
v -290.253521 21.098592 -464.159624
v -295.549296 16.553991 -468.234742
v -298.929577 17.230047 -451.755869
v -348.093897 9.380282 -458.215962
v -348.328638 17.230047 -475.755869
v -353.568075 14.009390 -459.784038
v -342.413146 12.638498 -473.962441
v -348.328638 17.230047 -475.755869
v -348.093897 9.380282 -458.215962
v -307.314554 14.009390 -439.004695
v -303.990610 12.638498 -455.295775
v -312.122066 9.380282 -442.056338
v -298.929577 17.230047 -451.755869
v -303.990610 12.638498 -455.295775
v -307.314554 14.009390 -439.004695
v -353.342723 6.676056 -442.150235
v -353.568075 14.009390 -459.784038
v -358.375587 11.323944 -443.474178
v -348.093897 9.380282 -458.215962
v -353.568075 14.009390 -459.784038
v -353.342723 6.676056 -442.150235
v -315.323944 11.323944 -425.962441
v -312.122066 9.380282 -442.056338
v -319.859155 6.676056 -428.525822
v -307.314554 14.009390 -439.004695
v -312.122066 9.380282 -442.056338
v -315.323944 11.323944 -425.962441
v 164.347418 13.812207 50.225352
v 141.530516 14.178404 51.708920
v 152.563380 13.812207 38.347418
v 154.985915 14.178404 61.859155
v 141.530516 14.178404 51.708920
v 164.347418 13.812207 50.225352
v 175.643192 13.671362 39.248826
v 152.563380 13.812207 38.347418
v 164.723005 13.671362 26.751174
v 164.347418 13.812207 50.225352
v 152.563380 13.812207 38.347418
v 175.643192 13.671362 39.248826
v 187.746479 13.643192 28.751174
v 164.723005 13.671362 26.751174
v 177.389671 13.643192 15.962441
v 175.643192 13.671362 39.248826
v 164.723005 13.671362 26.751174
v 187.746479 13.643192 28.751174
v 200.300469 13.680751 18.610329
v 177.389671 13.643192 15.962441
v 190.356808 13.680751 5.671362
v 187.746479 13.643192 28.751174
v 177.389671 13.643192 15.962441
v 200.300469 13.680751 18.610329
v 213.145540 13.746479 8.732394
v 190.356808 13.680751 5.671362
v 203.539906 13.755869 -4.272300
v 200.300469 13.680751 18.610329
v 190.356808 13.680751 5.671362
v 213.145540 13.746479 8.732394
v 226.206573 13.849765 -0.929577
v 203.539906 13.755869 -4.272300
v 216.892019 13.849765 -13.971831
v 213.145540 13.746479 8.732394
v 203.539906 13.755869 -4.272300
v 226.206573 13.849765 -0.929577
v 239.436620 13.953052 -10.413146
v 216.892019 13.849765 -13.971831
v 230.384977 13.953052 -23.455399
v 226.206573 13.849765 -0.929577
v 216.892019 13.849765 -13.971831
v 239.436620 13.953052 -10.413146
v 252.826291 14.046948 -19.755869
v 230.384977 13.953052 -23.455399
v 244.037559 14.046948 -32.779343
v 239.436620 13.953052 -10.413146
v 230.384977 13.953052 -23.455399
v 252.826291 14.046948 -19.755869
v 266.309859 14.075117 -28.873239
v 244.037559 14.046948 -32.779343
v 257.830986 14.084507 -41.924883
v 252.826291 14.046948 -19.755869
v 244.037559 14.046948 -32.779343
v 266.309859 14.075117 -28.873239
v 280.103286 14.075117 -37.962441
v 257.830986 14.084507 -41.924883
v 268.929577 14.084507 -50.732394
v 266.309859 14.075117 -28.873239
v 257.830986 14.084507 -41.924883
v 280.103286 14.075117 -37.962441
v 296.309859 14.075117 -47.446009
v 268.929577 14.084507 -50.732394
v 280.723005 14.084507 -59.746479
v 280.103286 14.075117 -37.962441
v 268.929577 14.084507 -50.732394
v 296.309859 14.075117 -47.446009
v 315.079812 14.075117 -57.605634
v 280.723005 14.084507 -59.746479
v 292.281690 14.084507 -69.230047
v 296.309859 14.075117 -47.446009
v 280.723005 14.084507 -59.746479
v 315.079812 14.075117 -57.605634
v 329.737089 14.075117 -68.751174
v 292.281690 14.084507 -69.230047
v 306.244131 14.084507 -79.361502
v 315.079812 14.075117 -57.605634
v 292.281690 14.084507 -69.230047
v 329.737089 14.075117 -68.751174
v 343.117371 14.084507 -81.352113
v 306.244131 14.084507 -79.361502
v 315.136150 14.084507 -90.319249
v 329.737089 14.075117 -68.751174
v 306.244131 14.084507 -79.361502
v 343.117371 14.084507 -81.352113
v 352.591549 14.084507 -96.253521
v 315.136150 14.084507 -90.319249
v 321.596244 14.084507 -102.150235
v 343.117371 14.084507 -81.352113
v 315.136150 14.084507 -90.319249
v 352.591549 14.084507 -96.253521
v 359.201878 14.084507 -114.450704
v 321.596244 14.084507 -102.150235
v 324.544601 14.084507 -114.619718
v 352.591549 14.084507 -96.253521
v 321.596244 14.084507 -102.150235
v 359.201878 14.084507 -114.450704
v 360.018779 14.084507 -132.798122
v 324.544601 14.084507 -114.619718
v 323.107981 14.075117 -128.694836
v 359.201878 14.084507 -114.450704
v 324.544601 14.084507 -114.619718
v 360.018779 14.084507 -132.798122
v 355.436620 14.084507 -148.619718
v 323.107981 14.075117 -128.694836
v 318.591549 14.075117 -144.206573
v 360.018779 14.084507 -132.798122
v 323.107981 14.075117 -128.694836
v 355.436620 14.084507 -148.619718
v 349.671362 14.084507 -164.272300
v 318.591549 14.075117 -144.206573
v 313.849765 14.084507 -159.661972
v 355.436620 14.084507 -148.619718
v 318.591549 14.075117 -144.206573
v 349.671362 14.084507 -164.272300
v 342.788732 14.084507 -179.793427
v 313.849765 14.084507 -159.661972
v 308.507042 14.084507 -175.051643
v 349.671362 14.084507 -164.272300
v 313.849765 14.084507 -159.661972
v 342.788732 14.084507 -179.793427
v 337.070423 14.084507 -195.201878
v 308.507042 14.084507 -175.051643
v 302.967136 14.084507 -190.413146
v 342.788732 14.084507 -179.793427
v 308.507042 14.084507 -175.051643
v 337.070423 14.084507 -195.201878
v 331.258216 14.084507 -210.535211
v 302.967136 14.084507 -190.413146
v 297.305164 14.075117 -205.765258
v 337.070423 14.084507 -195.201878
v 302.967136 14.084507 -190.413146
v 331.258216 14.084507 -210.535211
v 325.455399 14.084507 -225.840376
v 297.305164 14.075117 -205.765258
v 291.605634 14.084507 -221.154930
v 331.258216 14.084507 -210.535211
v 297.305164 14.075117 -205.765258
v 325.455399 14.084507 -225.840376
v 319.718310 14.084507 -241.117371
v 291.605634 14.084507 -221.154930
v 285.962441 14.075117 -236.591549
v 325.455399 14.084507 -225.840376
v 291.605634 14.084507 -221.154930
v 319.718310 14.084507 -241.117371
v 313.934272 14.084507 -256.769953
v 285.962441 14.075117 -236.591549
v 280.507042 14.084507 -251.737089
v 319.718310 14.084507 -241.117371
v 285.962441 14.075117 -236.591549
v 313.934272 14.084507 -256.769953
v 307.492958 14.084507 -271.906103
v 280.507042 14.084507 -251.737089
v 274.234742 14.084507 -266.788732
v 313.934272 14.084507 -256.769953
v 280.507042 14.084507 -251.737089
v 307.492958 14.084507 -271.906103
v 301.258216 14.084507 -286.638498
v 274.234742 14.084507 -266.788732
v 267.821596 14.084507 -282.291080
v 307.492958 14.084507 -271.906103
v 274.234742 14.084507 -266.788732
v 301.258216 14.084507 -286.638498
v 296.244131 14.084507 -301.276995
v 267.821596 14.084507 -282.291080
v 262.431925 14.075117 -298.704225
v 301.258216 14.084507 -286.638498
v 267.821596 14.084507 -282.291080
v 296.244131 14.084507 -301.276995
v 291.408451 14.084507 -315.924883
v 262.431925 14.075117 -298.704225
v 259.671362 14.084507 -316.356808
v 296.244131 14.084507 -301.276995
v 262.431925 14.075117 -298.704225
v 291.408451 14.084507 -315.924883
v 289.981221 14.084507 -330.347418
v 259.671362 14.084507 -316.356808
v 260.741784 14.084507 -335.314554
v 291.408451 14.084507 -315.924883
v 259.671362 14.084507 -316.356808
v 289.981221 14.084507 -330.347418
v 291.830986 14.084507 -343.962441
v 260.741784 14.084507 -335.314554
v 270.112676 14.084507 -353.568075
v 289.981221 14.084507 -330.347418
v 260.741784 14.084507 -335.314554
v 291.830986 14.084507 -343.962441
v 298.995305 14.075117 -353.361502
v 270.112676 14.084507 -353.568075
v 282.863850 14.084507 -368.835681
v 291.830986 14.084507 -343.962441
v 270.112676 14.084507 -353.568075
v 298.995305 14.075117 -353.361502
v 486.957746 0.000000 -445.014085
v 476.478873 0.000000 -426.291080
v 490.863850 0.000000 -433.492958
v 471.474178 0.000000 -439.661972
v 476.478873 0.000000 -426.291080
v 486.957746 0.000000 -445.014085
v 483.032864 0.000000 -456.150235
v 471.474178 0.000000 -439.661972
v 486.957746 0.000000 -445.014085
v 467.145540 0.000000 -452.413146
v 471.474178 0.000000 -439.661972
v 483.032864 0.000000 -456.150235
v 517.812207 0.000000 -456.075117
v 505.708920 0.000000 -440.338028
v 521.502347 0.000000 -445.887324
v 502.413146 0.000000 -450.469484
v 505.708920 0.000000 -440.338028
v 517.812207 0.000000 -456.075117
v 514.516432 0.000000 -464.788732
v 502.413146 0.000000 -450.469484
v 517.812207 0.000000 -456.075117
v 499.267606 0.000000 -459.164319
v 502.413146 0.000000 -450.469484
v 514.516432 0.000000 -464.788732
v 619.539906 0.000000 -565.915493
v 633.239437 0.000000 -547.164319
v 633.737089 0.000000 -564.319249
v 618.807512 0.000000 -549.549296
v 633.239437 0.000000 -547.164319
v 619.539906 0.000000 -565.915493
v 607.943662 0.000000 -569.023474
v 618.807512 0.000000 -549.549296
v 619.539906 0.000000 -565.915493
v 604.422535 0.000000 -552.159624
v 618.807512 0.000000 -549.549296
v 607.943662 0.000000 -569.023474
vn 0.430420 0.791992 0.432373
vn 0.430420 0.791992 0.432373
vn 0.430420 0.791992 0.432373
vn 0.430420 0.791992 0.432373
vn 0.430420 0.791992 0.432373
vn 0.430420 0.791992 0.432373
vn -0.591553 0.796875 -0.119873
vn -0.591553 0.796875 -0.119873
vn -0.591553 0.796875 -0.119873
vn -0.591553 0.796875 -0.119873
vn -0.591553 0.796875 -0.119873
vn -0.591553 0.796875 -0.119873
vn 0.488525 0.780762 0.388916
vn 0.488525 0.780762 0.388916
vn 0.488525 0.780762 0.388916
vn 0.488525 0.780762 0.388916
vn 0.488525 0.780762 0.388916
vn 0.488525 0.780762 0.388916
vn -0.594238 0.786133 -0.169434
vn -0.594238 0.786133 -0.169434
vn -0.594238 0.786133 -0.169434
vn -0.594238 0.786133 -0.169434
vn -0.594238 0.786133 -0.169434
vn -0.594238 0.786133 -0.169434
vn 0.542725 0.761963 0.353027
vn 0.542725 0.761963 0.353027
vn 0.542725 0.761963 0.353027
vn 0.542725 0.761963 0.353027
vn 0.542725 0.761963 0.353027
vn 0.542725 0.761963 0.353027
vn -0.607178 0.767090 -0.206055
vn -0.607178 0.767090 -0.206055
vn -0.607178 0.767090 -0.206055
vn -0.607178 0.767090 -0.206055
vn -0.607178 0.767090 -0.206055
vn -0.607178 0.767090 -0.206055
vn 0.595947 0.736816 0.318604
vn 0.595947 0.736816 0.318604
vn 0.595947 0.736816 0.318604
vn 0.595947 0.736816 0.318604
vn 0.595947 0.736816 0.318604
vn 0.595947 0.736816 0.318604
vn -0.628418 0.741699 -0.233154
vn -0.628418 0.741699 -0.233154
vn -0.628418 0.741699 -0.233154
vn -0.628418 0.741699 -0.233154
vn -0.628418 0.741699 -0.233154
vn -0.628418 0.741699 -0.233154
vn -0.017578 -0.999512 0.017578
vn -0.017578 -0.999512 0.017578
vn -0.017578 -0.999512 0.017578
vn -0.017578 -0.999512 0.017578
vn -0.017578 -0.999512 0.017578
vn -0.017578 -0.999512 0.017578
vn -0.006836 -0.999756 0.005615
vn -0.006836 -0.999756 0.005615
vn -0.006836 -0.999756 0.005615
vn -0.006836 -0.999756 0.005615
vn -0.006836 -0.999756 0.005615
vn -0.006836 -0.999756 0.005615
vn -0.001465 -0.999756 0.000732
vn -0.001465 -0.999756 0.000732
vn -0.001465 -0.999756 0.000732
vn -0.001465 -0.999756 0.000732
vn -0.001465 -0.999756 0.000732
vn -0.001465 -0.999756 0.000732
vn 0.001465 -0.999756 -0.001465
vn 0.001465 -0.999756 -0.001465
vn 0.001465 -0.999756 -0.001465
vn 0.001465 -0.999756 -0.001465
vn 0.001465 -0.999756 -0.001465
vn 0.001465 -0.999756 -0.001465
vn 0.003418 -0.999756 -0.002930
vn 0.003418 -0.999756 -0.002930
vn 0.003418 -0.999756 -0.002930
vn 0.003418 -0.999756 -0.002930
vn 0.003418 -0.999756 -0.002930
vn 0.003418 -0.999756 -0.002930
vn 0.004639 -0.999756 -0.003662
vn 0.004639 -0.999756 -0.003662
vn 0.004639 -0.999756 -0.003662
vn 0.004639 -0.999756 -0.003662
vn 0.004639 -0.999756 -0.003662
vn 0.004639 -0.999756 -0.003662
vn 0.005127 -0.999756 -0.003662
vn 0.005127 -0.999756 -0.003662
vn 0.005127 -0.999756 -0.003662
vn 0.005127 -0.999756 -0.003662
vn 0.005127 -0.999756 -0.003662
vn 0.005127 -0.999756 -0.003662
vn 0.004395 -0.999756 -0.003174
vn 0.004395 -0.999756 -0.003174
vn 0.004395 -0.999756 -0.003174
vn 0.004395 -0.999756 -0.003174
vn 0.004395 -0.999756 -0.003174
vn 0.004395 -0.999756 -0.003174
vn 0.001465 -0.999756 -0.001221
vn 0.001465 -0.999756 -0.001221
vn 0.001465 -0.999756 -0.001221
vn 0.001465 -0.999756 -0.001221
vn 0.001465 -0.999756 -0.001221
vn 0.001465 -0.999756 -0.001221
vn 0.000000 -1.000000 0.000000
vn 0.000000 -1.000000 0.000000
vn 0.000000 -1.000000 0.000000
vn 0.000000 -1.000000 0.000000
vn 0.000000 -1.000000 0.000000
vn 0.000000 -1.000000 0.000000
vn 0.000000 -0.999756 0.000000
vn 0.000000 -0.999756 0.000000
vn 0.000000 -0.999756 0.000000
vn 0.000000 -0.999756 0.000000
vn 0.000000 -0.999756 0.000000
vn 0.000000 -0.999756 0.000000
vn 0.000000 -1.000000 0.000000
vn 0.000000 -1.000000 0.000000
vn 0.000000 -1.000000 0.000000
vn 0.000000 -1.000000 0.000000
vn 0.000000 -1.000000 0.000000
vn 0.000000 -1.000000 0.000000
vn 0.000000 -1.000000 0.000000
vn 0.000000 -1.000000 0.000000
vn 0.000000 -1.000000 0.000000
vn 0.000000 -1.000000 0.000000
vn 0.000000 -1.000000 0.000000
vn 0.000000 -1.000000 0.000000
vn 0.000000 -1.000000 0.000000
vn 0.000000 -1.000000 0.000000
vn 0.000000 -1.000000 0.000000
vn 0.000000 -1.000000 0.000000
vn 0.000000 -1.000000 0.000000
vn 0.000000 -1.000000 0.000000
vn 0.000000 -1.000000 0.000000
vn 0.000000 -1.000000 0.000000
vn 0.000000 -1.000000 0.000000
vn 0.000000 -1.000000 0.000000
vn 0.000000 -1.000000 0.000000
vn 0.000000 -1.000000 0.000000
vn 0.000000 -1.000000 0.000000
vn 0.000000 -1.000000 0.000000
vn 0.000000 -1.000000 0.000000
vn 0.000000 -1.000000 0.000000
vn 0.000000 -1.000000 0.000000
vn 0.000000 -1.000000 0.000000
vn 0.000000 -1.000000 0.000000
vn 0.000000 -1.000000 0.000000
vn 0.000000 -1.000000 0.000000
vn 0.000000 -1.000000 0.000000
vn 0.000000 -1.000000 0.000000
vn 0.000000 -1.000000 0.000000
vn 0.000000 -1.000000 0.000000
vn 0.000000 -1.000000 0.000000
vn 0.000000 -1.000000 0.000000
vn 0.000000 -1.000000 0.000000
vn 0.000000 -1.000000 0.000000
vn 0.000000 -1.000000 0.000000
vn 0.000000 -1.000000 0.000000
vn 0.000000 -1.000000 0.000000
vn 0.000000 -1.000000 0.000000
vn 0.000000 -1.000000 0.000000
vn 0.000000 -1.000000 0.000000
vn 0.000000 -1.000000 0.000000
vn 0.000000 -1.000000 0.000000
vn 0.000000 -1.000000 0.000000
vn 0.000000 -1.000000 0.000000
vn 0.000000 -1.000000 0.000000
vn 0.000000 -1.000000 0.000000
vn 0.000000 -1.000000 0.000000
vn 0.000000 -1.000000 0.000000
vn 0.000000 -1.000000 0.000000
vn 0.000000 -1.000000 0.000000
vn 0.000000 -1.000000 0.000000
vn 0.000000 -1.000000 0.000000
vn 0.000000 -1.000000 0.000000
vn 0.000000 -1.000000 0.000000
vn 0.000000 -1.000000 0.000000
vn 0.000000 -1.000000 0.000000
vn 0.000000 -1.000000 0.000000
vn 0.000000 -1.000000 0.000000
vn 0.000000 -1.000000 0.000000
vn 0.000000 -1.000000 0.000000
vn 0.000000 -1.000000 0.000000
vn 0.000000 -1.000000 0.000000
vn 0.000000 -1.000000 0.000000
vn 0.000000 -1.000000 0.000000
vn 0.000000 -1.000000 0.000000
vn 0.000000 -1.000000 0.000000
vn 0.000000 -1.000000 0.000000
vn 0.000000 -1.000000 0.000000
vn 0.000000 -1.000000 0.000000
vn 0.000000 -1.000000 0.000000
vn 0.000000 -1.000000 0.000000
vn 0.000000 -1.000000 0.000000
vn 0.000000 -1.000000 0.000000
vn 0.000000 -1.000000 0.000000
vn 0.000000 -1.000000 0.000000
vn 0.000000 -1.000000 0.000000
vn 0.000000 -1.000000 0.000000
vn 0.000000 -1.000000 0.000000
vn 0.000000 -1.000000 0.000000
vn 0.000000 -1.000000 0.000000
vn 0.000000 -1.000000 0.000000
vn 0.000000 -1.000000 0.000000
vn 0.000000 -1.000000 0.000000
vn 0.000000 -1.000000 0.000000
vn 0.000000 -1.000000 0.000000
vn 0.000000 -1.000000 0.000000
vn 0.000000 -1.000000 0.000000
vn 0.000000 -1.000000 0.000000
vn 0.000000 -1.000000 0.000000
vn 0.000000 -1.000000 0.000000
vn 0.000000 -1.000000 0.000000
vn 0.000000 -1.000000 0.000000
vn 0.000000 -1.000000 0.000000
vn 0.000000 -1.000000 0.000000
vn 0.000000 -1.000000 0.000000
vn 0.000000 -1.000000 0.000000
vn 0.000000 -1.000000 0.000000
vn 0.000000 -1.000000 0.000000
vn 0.000000 -1.000000 0.000000
vn 0.000000 -1.000000 0.000000
vn 0.000000 -1.000000 0.000000
vn 0.000000 -1.000000 0.000000
vn 0.000000 -1.000000 0.000000
vn 0.000000 -1.000000 0.000000
vn 0.000000 -1.000000 0.000000
vn 0.000000 -1.000000 0.000000
vn 0.000000 -1.000000 0.000000
vn 0.000000 -1.000000 0.000000
vn 0.000000 -1.000000 0.000000
vn 0.000000 -1.000000 0.000000
vn 0.000000 -1.000000 0.000000
vn 0.000000 -1.000000 0.000000
vn 0.000000 -1.000000 0.000000
vn 0.000000 -1.000000 0.000000
vn 0.000000 -1.000000 0.000000
vn 0.000000 -1.000000 0.000000
vn 0.000000 -1.000000 0.000000
vn 0.000000 -1.000000 0.000000
vn 0.000000 -1.000000 0.000000
vn 0.000000 1.000000 0.000000
vn 0.000000 1.000000 0.000000
vn 0.000000 1.000000 0.000000
vn 0.000000 1.000000 0.000000
vn 0.000000 1.000000 0.000000
vn 0.000000 1.000000 0.000000
vn 0.000000 1.000000 0.000000
vn 0.000000 1.000000 0.000000
vn 0.000000 1.000000 0.000000
vn 0.000000 1.000000 0.000000
vn 0.000000 1.000000 0.000000
vn 0.000000 1.000000 0.000000
vn 0.000000 1.000000 0.000000
vn 0.000000 1.000000 0.000000
vn 0.000000 1.000000 0.000000
vn 0.000000 1.000000 0.000000
vn 0.000000 1.000000 0.000000
vn 0.000000 1.000000 0.000000
vn 0.000000 1.000000 0.000000
vn 0.000000 1.000000 0.000000
vn 0.000000 1.000000 0.000000
vn 0.000000 1.000000 0.000000
vn 0.000000 1.000000 0.000000
vn 0.000000 1.000000 0.000000
vn 0.000000 1.000000 0.000000
vn 0.000000 1.000000 0.000000
vn 0.000000 1.000000 0.000000
vn 0.000000 1.000000 0.000000
vn 0.000000 1.000000 0.000000
vn 0.000000 1.000000 0.000000
vn 0.000000 1.000000 0.000000
vn 0.000000 1.000000 0.000000
vn 0.000000 1.000000 0.000000
vn 0.000000 1.000000 0.000000
vn 0.000000 1.000000 0.000000
vn 0.000000 1.000000 0.000000
vt 1.000000 0.000000
vt 0.000000 1.000000
vt 0.000000 0.000000
vt 1.000000 1.000000
vt 0.000000 1.000000
vt 1.000000 0.000000
vt 0.000000 0.000000
vt 1.000000 1.000000
vt 1.000000 0.000000
vt 0.000000 1.000000
vt 1.000000 1.000000
vt 0.000000 0.000000
vt 1.000000 0.000000
vt 0.000000 1.000000
vt 0.000000 0.000000
vt 1.000000 1.000000
vt 0.000000 1.000000
vt 1.000000 0.000000
vt 0.000000 0.000000
vt 1.000000 1.000000
vt 1.000000 0.000000
vt 0.000000 1.000000
vt 1.000000 1.000000
vt 0.000000 0.000000
vt 0.000000 0.000000
vt 1.000000 1.000000
vt 1.000000 0.000000
vt 0.000000 1.000000
vt 1.000000 1.000000
vt 0.000000 0.000000
vt 0.000000 0.000000
vt 1.000000 1.000000
vt 1.000000 0.000000
vt 0.000000 1.000000
vt 1.000000 1.000000
vt 0.000000 0.000000
vt 0.000000 0.000000
vt 1.000000 1.000000
vt 1.000000 0.000000
vt 0.000000 1.000000
vt 1.000000 1.000000
vt 0.000000 0.000000
vt 0.000000 0.000000
vt 1.000000 1.000000
vt 1.000000 0.000000
vt 0.000000 1.000000
vt 1.000000 1.000000
vt 0.000000 0.000000
vt 0.000000 0.000000
vt 1.000000 1.000000
vt 1.000000 0.000000
vt 0.000000 1.000000
vt 1.000000 1.000000
vt 0.000000 0.000000
vt 0.000000 0.000000
vt 1.000000 1.000000
vt 1.000000 0.000000
vt 0.000000 1.000000
vt 1.000000 1.000000
vt 0.000000 0.000000
vt 0.000000 0.000000
vt 1.000000 1.000000
vt 1.000000 0.000000
vt 0.000000 1.000000
vt 1.000000 1.000000
vt 0.000000 0.000000
vt 0.000000 0.000000
vt 1.000000 1.000000
vt 1.000000 0.000000
vt 0.000000 1.000000
vt 1.000000 1.000000
vt 0.000000 0.000000
vt 0.000000 0.000000
vt 1.000000 1.000000
vt 1.000000 0.000000
vt 0.000000 1.000000
vt 1.000000 1.000000
vt 0.000000 0.000000
vt 0.000000 0.000000
vt 1.000000 1.000000
vt 1.000000 0.000000
vt 0.000000 1.000000
vt 1.000000 1.000000
vt 0.000000 0.000000
vt 0.000000 0.000000
vt 1.000000 1.000000
vt 1.000000 0.000000
vt 0.000000 1.000000
vt 1.000000 1.000000
vt 0.000000 0.000000
vt 0.000000 0.000000
vt 1.000000 1.000000
vt 1.000000 0.000000
vt 0.000000 1.000000
vt 1.000000 1.000000
vt 0.000000 0.000000
vt 0.000000 0.000000
vt 1.000000 1.000000
vt 1.000000 0.000000
vt 0.000000 1.000000
vt 1.000000 1.000000
vt 0.000000 0.000000
vt 0.000000 0.000000
vt 1.000000 1.000000
vt 1.000000 0.000000
vt 0.000000 1.000000
vt 1.000000 1.000000
vt 0.000000 0.000000
vt 0.000000 0.000000
vt 1.000000 1.000000
vt 1.000000 0.000000
vt 0.000000 1.000000
vt 1.000000 1.000000
vt 0.000000 0.000000
vt 0.000000 0.000000
vt 1.000000 1.000000
vt 1.000000 0.000000
vt 0.000000 1.000000
vt 1.000000 1.000000
vt 0.000000 0.000000
vt 0.000000 0.000000
vt 1.000000 1.000000
vt 1.000000 0.000000
vt 0.000000 1.000000
vt 1.000000 1.000000
vt 0.000000 0.000000
vt 0.000000 0.000000
vt 1.000000 1.000000
vt 1.000000 0.000000
vt 0.000000 1.000000
vt 1.000000 1.000000
vt 0.000000 0.000000
vt 0.000000 0.000000
vt 1.000000 1.000000
vt 1.000000 0.000000
vt 0.000000 1.000000
vt 1.000000 1.000000
vt 0.000000 0.000000
vt 0.000000 0.000000
vt 1.000000 1.000000
vt 1.000000 0.000000
vt 0.000000 1.000000
vt 1.000000 1.000000
vt 0.000000 0.000000
vt 0.000000 0.000000
vt 1.000000 1.000000
vt 1.000000 0.000000
vt 0.000000 1.000000
vt 1.000000 1.000000
vt 0.000000 0.000000
vt 0.000000 0.000000
vt 1.000000 1.000000
vt 1.000000 0.000000
vt 0.000000 1.000000
vt 1.000000 1.000000
vt 0.000000 0.000000
vt 0.000000 0.000000
vt 1.000000 1.000000
vt 1.000000 0.000000
vt 0.000000 1.000000
vt 1.000000 1.000000
vt 0.000000 0.000000
vt 0.000000 0.000000
vt 1.000000 1.000000
vt 1.000000 0.000000
vt 0.000000 1.000000
vt 1.000000 1.000000
vt 0.000000 0.000000
vt 0.000000 0.000000
vt 1.000000 1.000000
vt 1.000000 0.000000
vt 0.000000 1.000000
vt 1.000000 1.000000
vt 0.000000 0.000000
vt 0.000000 0.000000
vt 1.000000 1.000000
vt 1.000000 0.000000
vt 0.000000 1.000000
vt 1.000000 1.000000
vt 0.000000 0.000000
vt 0.000000 0.000000
vt 1.000000 1.000000
vt 1.000000 0.000000
vt 0.000000 1.000000
vt 1.000000 1.000000
vt 0.000000 0.000000
vt 0.000000 0.000000
vt 1.000000 1.000000
vt 1.000000 0.000000
vt 0.000000 1.000000
vt 1.000000 1.000000
vt 0.000000 0.000000
vt 0.000000 0.000000
vt 1.000000 1.000000
vt 1.000000 0.000000
vt 0.000000 1.000000
vt 1.000000 1.000000
vt 0.000000 0.000000
vt 0.000000 0.000000
vt 1.000000 1.000000
vt 1.000000 0.000000
vt 0.000000 1.000000
vt 1.000000 1.000000
vt 0.000000 0.000000
vt 0.000000 0.000000
vt 1.000000 1.000000
vt 1.000000 0.000000
vt 0.000000 1.000000
vt 1.000000 1.000000
vt 0.000000 0.000000
vt 0.000000 0.000000
vt 1.000000 1.000000
vt 1.000000 0.000000
vt 0.000000 1.000000
vt 1.000000 1.000000
vt 0.000000 0.000000
vt 0.000000 0.000000
vt 1.000000 1.000000
vt 1.000000 0.000000
vt 0.000000 1.000000
vt 1.000000 1.000000
vt 0.000000 0.000000
vt 0.000000 0.000000
vt 1.000000 1.000000
vt 1.000000 0.000000
vt 0.000000 1.000000
vt 1.000000 1.000000
vt 0.000000 0.000000
vt 0.000000 0.000000
vt 1.000000 1.000000
vt 1.000000 0.000000
vt 0.000000 1.000000
vt 1.000000 1.000000
vt 0.000000 0.000000
vt 0.000000 0.000000
vt 1.000000 1.000000
vt 1.000000 0.000000
vt 0.000000 1.000000
vt 1.000000 1.000000
vt 0.000000 0.000000
vt 1.000000 0.000000
vt 0.000000 1.000000
vt 0.000000 0.000000
vt 1.000000 1.000000
vt 0.000000 1.000000
vt 1.000000 0.000000
vt 0.000000 0.000000
vt 1.000000 1.000000
vt 1.000000 0.000000
vt 0.000000 1.000000
vt 1.000000 1.000000
vt 0.000000 0.000000
vt 1.000000 0.000000
vt 0.000000 1.000000
vt 0.000000 0.000000
vt 1.000000 1.000000
vt 0.000000 1.000000
vt 1.000000 0.000000
vt 0.000000 0.000000
vt 1.000000 1.000000
vt 1.000000 0.000000
vt 0.000000 1.000000
vt 1.000000 1.000000
vt 0.000000 0.000000
vt 1.000000 0.000000
vt 0.000000 1.000000
vt 0.000000 0.000000
vt 1.000000 1.000000
vt 0.000000 1.000000
vt 1.000000 0.000000
vt 0.000000 0.000000
vt 1.000000 1.000000
vt 1.000000 0.000000
vt 0.000000 1.000000
vt 1.000000 1.000000
vt 0.000000 0.000000
f 7993/7993/7993 7994/7994/7994 7995/7995/7995
f 7996/7996/7996 7997/7997/7997 7998/7998/7998
f 7999/7999/7999 8000/8000/8000 8001/8001/8001
f 8002/8002/8002 8003/8003/8003 8004/8004/8004
f 8005/8005/8005 8006/8006/8006 8007/8007/8007
f 8008/8008/8008 8009/8009/8009 8010/8010/8010
f 8011/8011/8011 8012/8012/8012 8013/8013/8013
f 8014/8014/8014 8015/8015/8015 8016/8016/8016
f 8017/8017/8017 8018/8018/8018 8019/8019/8019
f 8020/8020/8020 8021/8021/8021 8022/8022/8022
f 8023/8023/8023 8024/8024/8024 8025/8025/8025
f 8026/8026/8026 8027/8027/8027 8028/8028/8028
f 8029/8029/8029 8030/8030/8030 8031/8031/8031
f 8032/8032/8032 8033/8033/8033 8034/8034/8034
f 8035/8035/8035 8036/8036/8036 8037/8037/8037
f 8038/8038/8038 8039/8039/8039 8040/8040/8040
f 8041/8041/8041 8042/8042/8042 8043/8043/8043
f 8044/8044/8044 8045/8045/8045 8046/8046/8046
f 8047/8047/8047 8048/8048/8048 8049/8049/8049
f 8050/8050/8050 8051/8051/8051 8052/8052/8052
f 8053/8053/8053 8054/8054/8054 8055/8055/8055
f 8056/8056/8056 8057/8057/8057 8058/8058/8058
f 8059/8059/8059 8060/8060/8060 8061/8061/8061
f 8062/8062/8062 8063/8063/8063 8064/8064/8064
f 8065/8065/8065 8066/8066/8066 8067/8067/8067
f 8068/8068/8068 8069/8069/8069 8070/8070/8070
f 8071/8071/8071 8072/8072/8072 8073/8073/8073
f 8074/8074/8074 8075/8075/8075 8076/8076/8076
f 8077/8077/8077 8078/8078/8078 8079/8079/8079
f 8080/8080/8080 8081/8081/8081 8082/8082/8082
f 8083/8083/8083 8084/8084/8084 8085/8085/8085
f 8086/8086/8086 8087/8087/8087 8088/8088/8088
f 8089/8089/8089 8090/8090/8090 8091/8091/8091
f 8092/8092/8092 8093/8093/8093 8094/8094/8094
f 8095/8095/8095 8096/8096/8096 8097/8097/8097
f 8098/8098/8098 8099/8099/8099 8100/8100/8100
f 8101/8101/8101 8102/8102/8102 8103/8103/8103
f 8104/8104/8104 8105/8105/8105 8106/8106/8106
f 8107/8107/8107 8108/8108/8108 8109/8109/8109
f 8110/8110/8110 8111/8111/8111 8112/8112/8112
f 8113/8113/8113 8114/8114/8114 8115/8115/8115
f 8116/8116/8116 8117/8117/8117 8118/8118/8118
f 8119/8119/8119 8120/8120/8120 8121/8121/8121
f 8122/8122/8122 8123/8123/8123 8124/8124/8124
f 8125/8125/8125 8126/8126/8126 8127/8127/8127
f 8128/8128/8128 8129/8129/8129 8130/8130/8130
f 8131/8131/8131 8132/8132/8132 8133/8133/8133
f 8134/8134/8134 8135/8135/8135 8136/8136/8136
f 8137/8137/8137 8138/8138/8138 8139/8139/8139
f 8140/8140/8140 8141/8141/8141 8142/8142/8142
f 8143/8143/8143 8144/8144/8144 8145/8145/8145
f 8146/8146/8146 8147/8147/8147 8148/8148/8148
f 8149/8149/8149 8150/8150/8150 8151/8151/8151
f 8152/8152/8152 8153/8153/8153 8154/8154/8154
f 8155/8155/8155 8156/8156/8156 8157/8157/8157
f 8158/8158/8158 8159/8159/8159 8160/8160/8160
f 8161/8161/8161 8162/8162/8162 8163/8163/8163
f 8164/8164/8164 8165/8165/8165 8166/8166/8166
f 8167/8167/8167 8168/8168/8168 8169/8169/8169
f 8170/8170/8170 8171/8171/8171 8172/8172/8172
f 8173/8173/8173 8174/8174/8174 8175/8175/8175
f 8176/8176/8176 8177/8177/8177 8178/8178/8178
f 8179/8179/8179 8180/8180/8180 8181/8181/8181
f 8182/8182/8182 8183/8183/8183 8184/8184/8184
f 8185/8185/8185 8186/8186/8186 8187/8187/8187
f 8188/8188/8188 8189/8189/8189 8190/8190/8190
f 8191/8191/8191 8192/8192/8192 8193/8193/8193
f 8194/8194/8194 8195/8195/8195 8196/8196/8196
f 8197/8197/8197 8198/8198/8198 8199/8199/8199
f 8200/8200/8200 8201/8201/8201 8202/8202/8202
f 8203/8203/8203 8204/8204/8204 8205/8205/8205
f 8206/8206/8206 8207/8207/8207 8208/8208/8208
f 8209/8209/8209 8210/8210/8210 8211/8211/8211
f 8212/8212/8212 8213/8213/8213 8214/8214/8214
f 8215/8215/8215 8216/8216/8216 8217/8217/8217
f 8218/8218/8218 8219/8219/8219 8220/8220/8220
f 8221/8221/8221 8222/8222/8222 8223/8223/8223
f 8224/8224/8224 8225/8225/8225 8226/8226/8226
f 8227/8227/8227 8228/8228/8228 8229/8229/8229
f 8230/8230/8230 8231/8231/8231 8232/8232/8232
f 8233/8233/8233 8234/8234/8234 8235/8235/8235
f 8236/8236/8236 8237/8237/8237 8238/8238/8238
f 8239/8239/8239 8240/8240/8240 8241/8241/8241
f 8242/8242/8242 8243/8243/8243 8244/8244/8244
f 8245/8245/8245 8246/8246/8246 8247/8247/8247
f 8248/8248/8248 8249/8249/8249 8250/8250/8250
f 8251/8251/8251 8252/8252/8252 8253/8253/8253
f 8254/8254/8254 8255/8255/8255 8256/8256/8256
f 8257/8257/8257 8258/8258/8258 8259/8259/8259
f 8260/8260/8260 8261/8261/8261 8262/8262/8262
f 8263/8263/8263 8264/8264/8264 8265/8265/8265
f 8266/8266/8266 8267/8267/8267 8268/8268/8268
